t,vx,vy,vz,wx,wy,wz
1767222365.5999935,0.0,0.0,0.0,0.0,0.0,0.0
1767222365.6089404,0.0002704386527370451,0.00034291001363374803,0.0,0.0,0.0,9.261651482591758e-07
1767222365.6182482,0.0009952248563726866,0.001261922308861643,0.0,0.0,0.0,3.4188443211850313e-06
1767222365.6294873,0.0024044252701460114,0.0030496950127409652,0.0,0.0,0.0,8.663961330306251e-06
1767222365.6382325,0.00408445053947776,0.005177454732600359,0.0,0.0,0.0,1.3093609781561882e-05
1767222365.6483765,0.0063880730787585155,0.008090063576999412,0.0,0.0,0.0,1.660688187314901e-05
1767222365.658671,0.009237819160976971,0.011705770167417943,0.0,0.0,0.0,2.797412015952455e-05
1767222365.6683521,0.012346539167893767,0.015645007478919115,0.0,0.0,0.0,3.750391518958599e-05
1767222365.6787422,0.01618896590548979,0.02055602449744757,0.0,0.0,0.0,7.218895691324886e-05
1767222365.688171,0.020099928694592765,0.02552199004279125,0.0,0.0,0.0,8.989948994888291e-05
1767222365.6982822,0.024853421154293925,0.03147301322639985,0.0,0.0,0.0,6.460812517173565e-05
1767222365.7103472,0.02982554160896995,0.0377694346269697,0.0,0.0,0.0,7.777749783396811e-05
1767222365.7190833,0.03569612446916142,0.04521820531595896,0.0,0.0,0.0,0.00010196430707441626
1767222365.727994,0.04077081284049327,0.052083120971493625,0.0,0.0,0.0,0.00035643154370396655
1767222365.7382479,0.04727131617676721,0.06001926973681394,0.0,0.0,0.0,0.00021305556939795302
1767222365.7480636,0.0539214580404771,0.06831812381998688,0.0,0.0,0.0,0.00016259294603815532
1767222365.758977,0.06135559654863958,0.07773362880479597,0.0,0.0,0.0,0.00018202464038909915
1767222365.7685065,0.06856932759913358,0.08687296609951531,0.0,0.0,0.0,0.00020404196761357986
1767222365.7790377,0.07636179878969952,0.09753419140768287,0.0,0.0,0.0,0.0006682707579045672
1767222365.7888982,0.0841922981239697,0.1077427955038196,0.0,0.0,0.0,0.0008564364517646351
1767222365.7984328,0.09217124572993451,0.11797387148678237,0.0,0.0,0.0,0.0009516182152871816
1767222365.810557,0.10318383202127714,0.13103194402932242,0.0,0.0,0.0,0.0004863409762327582
1767222365.8189857,0.11111391093403791,0.14074432429807623,0.0,0.0,0.0,0.00032037030990485286
1767222365.828402,0.12002700160050192,0.15200683735101828,0.0,0.0,0.0,0.00032950962708935784
1767222365.8393338,0.13025169461650674,0.16509103379268453,0.0,0.0,0.0,0.00044029258784745415
1767222365.8491611,0.1392969766138059,0.17798583723970685,0.0,0.0,0.0,0.0012851488025882156
1767222365.8593845,0.14952015413266345,0.19138242154016208,0.0,0.0,0.0,0.0015728720304686635
1767222365.869297,0.1546891493792876,0.19639568880872182,0.0,0.0,0.0,0.0007439654670737464
1767222365.8792918,0.15482591163466472,0.1962878922276039,0.0,0.0,0.0,0.0006191699344923499
1767222365.8895073,0.15489353082535495,0.1962345374416447,0.0,0.0,0.0,0.0005656879893489288
1767222365.8986247,0.15483580429976224,0.1962800889195648,0.0,0.0,0.0,0.0006841690761026034
1767222365.9092383,0.1547838780575553,0.19632103992182728,0.0,0.0,0.0,0.0008145884825809855
1767222365.9190173,0.15478387808074257,0.19632103995123706,0.0,0.0,0.0,0.0008594400958995947
1767222365.929417,0.15405904163794557,0.19689035362522228,0.0,0.0,0.0,0.002181762727967426
1767222365.9392884,0.15469626720997026,0.19639008271692124,0.0,0.0,0.0,0.001120356342646317
1767222365.9491267,0.15488160486569577,0.19624395065281908,0.0,0.0,0.0,0.0008189870047748545
1767222365.9594018,0.15487970487388553,0.19624545020620635,0.0,0.0,0.0,0.0008687136970609674
1767222365.969454,0.1548473311149908,0.19627099573880183,0.0,0.0,0.0,0.0009840348643034014
1767222365.9787343,0.15478714882804745,0.19631846141096013,0.0,0.0,0.0,0.0011694781615781556
1767222365.9887266,0.1548712287620384,0.19625213946887873,0.0,0.0,0.0,0.001015664803914663
1767222365.9996626,0.15417309145199276,0.19680106104328104,0.0,0.0,0.0,0.002793773596043368
1767222366.008562,0.15417309146273928,0.1968010610569989,0.0,0.0,0.0,0.0029045765547630565
1767222366.0191293,0.15477788069360957,0.19632576861438034,0.0,0.0,0.0,0.0014235926324023564
1767222366.0287938,0.15477788070338142,0.1963257686267753,0.0,0.0,0.0,0.0014790782136400585
1767222366.0387335,0.1548631377036739,0.1962585243257931,0.0,0.0,0.0,0.0012800667280389519
1767222366.0491385,0.15493196087676625,0.19620419795884167,0.0,0.0,0.0,0.0011220475070359006
1767222366.059642,0.15490584024733675,0.1962248212185421,0.0,0.0,0.0,0.0012443611451764271
1767222366.0700796,0.15489392752135653,0.19623422491684672,0.0,0.0,0.0,0.0013335879046604607
1767222366.0785189,0.1548939275278812,0.19623422492511283,0.0,0.0,0.0,0.0013753491849044803
1767222366.088548,0.15485021133937674,0.19626872361853473,0.0,0.0,0.0,0.0015915580644040408
1767222366.0984974,0.15485617708332974,0.1962640166899858,0.0,0.0,0.0,0.0016225532387001893
1767222366.1096952,0.15476802136397075,0.19633354119161944,0.0,0.0,0.0,0.0019991832556337384
1767222366.1188984,0.15476802136952156,0.19633354119866098,0.0,0.0,0.0,0.0020600602272866798
1767222366.1284516,0.1541529673983586,0.19681682469978132,0.0,0.0,0.0,0.004594296600969801
1767222366.1396232,0.1548396870854729,0.1962770265483992,0.0,0.0,0.0,0.0019162440178167517
1767222366.148731,0.1548396870900683,0.19627702655422447,0.0,0.0,0.0,0.001969095689085998
1767222366.1584828,0.15485216908914654,0.19626717907818822,0.0,0.0,0.0,0.001975349151251306
1767222366.1686928,0.15413779413679662,0.19682870796012128,0.0,0.0,0.0,0.005240767831081674
1767222366.1788256,0.15474413954937785,0.19635236473565917,0.0,0.0,0.0,0.002561879697931347
1767222366.1886396,0.15489223847858033,0.19623555825727246,0.0,0.0,0.0,0.001936232851521102
1767222366.1986017,0.15483633194786856,0.1962796733681479,0.0,0.0,0.0,0.002278042271453778
1767222366.2084858,0.15482532030439983,0.19628835947195972,0.0,0.0,0.0,0.002392183556206631
1767222366.2200136,0.15481667297407486,0.19629517987980327,0.0,0.0,0.0,0.0025146105203524742
1767222366.229817,0.1549151181468323,0.1962174967911118,0.0,0.0,0.0,0.002031067501433579
1767222366.2383852,0.1549151181496457,0.19621749679467537,0.0,0.0,0.0,0.0020746001488290834
1767222366.2491655,0.1549547520430443,0.19618619905981916,0.0,0.0,0.0,0.0019006665718733743
1767222366.2585313,0.1548884387002754,0.19623855747921123,0.0,0.0,0.0,0.0023409305437348364
1767222366.2685764,0.1548044031969575,0.19630485637804168,0.0,0.0,0.0,0.0029100827347304193
1767222366.2784846,0.15484278769193507,0.1962745805974356,0.0,0.0,0.0,0.002720959513515754
1767222366.289348,0.1548531584187721,0.1962663985985173,0.0,0.0,0.0,0.002705999242035485
1767222366.2992172,0.1549003745396797,0.1962291361151107,0.0,0.0,0.0,0.0024571513976152817
1767222366.3085032,0.1549480597514234,0.19619148471337347,0.0,0.0,0.0,0.0022014822487657565
1767222366.3185418,0.154885340263373,0.1962410030244378,0.0,0.0,0.0,0.0026615637522499685
1767222366.3293645,0.15409867556211912,0.19685933579176054,0.0,0.0,0.0,0.00791533754285017
1767222366.3394265,0.15475477824171222,0.1963439800742295,0.0,0.0,0.0,0.0036413080891194638
1767222366.3495688,0.15491260074080107,0.19621948433658712,0.0,0.0,0.0,0.002609136710082974
1767222366.3597043,0.15491622066859884,0.19621662640274323,0.0,0.0,0.0,0.0026496497881220334
1767222366.369648,0.15488328851950134,0.1962426223884569,0.0,0.0,0.0,0.0029394243947438925
1767222366.379104,0.15488328852113287,0.19624262239052412,0.0,0.0,0.0,0.002988883519626307
1767222366.3898604,0.15464538199124608,0.1964301548541459,0.0,0.0,0.0,0.0048422095243636065
1767222366.3997345,0.15480946960525985,0.19630086099917698,0.0,0.0,0.0,0.0036558556934898684
1767222366.4096744,0.15480946960668607,0.19630086100098543,0.0,0.0,0.0,0.003712869027123324
1767222366.4202633,0.15491249670528542,0.19621956649472283,0.0,0.0,0.0,0.002957698052809478
1767222366.4287314,0.15491249670647447,0.19621956649622893,0.0,0.0,0.0,0.0029975492375597275
1767222366.4398859,0.15469007915621494,0.19639495748014552,0.0,0.0,0.0,0.004842743884323462
1767222366.4486578,0.15469007915731045,0.19639495748153638,0.0,0.0,0.0,0.00490522152190761
1767222366.4594684,0.15488657721850213,0.19624002678468178,0.0,0.0,0.0,0.0033833943679684544
1767222366.4697888,0.15491839748201466,0.19621490778599807,0.0,0.0,0.0,0.0031369320448715
1767222366.479585,0.15490824044298054,0.19622292669208224,0.0,0.0,0.0,0.0032758535993469375
1767222366.488649,0.15490824044392723,0.1962229266932814,0.0,0.0,0.0,0.0033151276158131914
1767222366.4996448,0.15389252072656215,0.1970205369569964,0.0,0.0,0.0,0.0121225211228636
1767222366.5095603,0.15467131889709462,0.1964097325231016,0.0,0.0,0.0,0.005495107248172683
1767222366.5187678,0.15467131889794133,0.19640973252417684,0.0,0.0,0.0,0.005557543699957536
1767222366.528493,0.15484712174340715,0.19627116142808468,0.0,0.0,0.0,0.004039063377649876
1767222366.538515,0.15494045291483458,0.19619749226679045,0.0,0.0,0.0,0.0032328960044105165
1767222366.548521,0.15414089316168025,0.1968262812156873,0.0,0.0,0.0,0.010575678807647353
1767222366.5596616,0.15478750518714912,0.1963181809219426,0.0,0.0,0.0,0.004770072529294626
1767222366.5693614,0.1541456749305034,0.19682253637057845,0.0,0.0,0.0,0.01076854287472311
1767222366.5787508,0.15414567493113662,0.1968225363713869,0.0,0.0,0.0,0.010872037690418558
1767222366.5892556,0.15486955822709797,0.19625345820843357,0.0,0.0,0.0,0.0040743887030541635
1767222366.5991418,0.1548695582276626,0.1962534582091491,0.0,0.0,0.0,0.004110714567988307
1767222366.6092453,0.15488485709860386,0.19624138443950895,0.0,0.0,0.0,0.004047946603997663
1767222366.6193295,0.15405874272746728,0.19689058818256697,0.0,0.0,0.0,0.012182357007099975
1767222366.6305146,0.15468166204964037,0.1964015869377736,0.0,0.0,0.0,0.006149527512573287
1767222366.640123,0.15485027136999716,0.19626867652060398,0.0,0.0,0.0,0.004466095200916282
1767222366.6486363,0.1549184497732896,0.19621486652820652,0.0,0.0,0.0,0.003802814683604462
1767222366.6593368,0.15411349630423668,0.19684773350003523,0.0,0.0,0.0,0.012028519022549818
1767222366.6684124,0.1541134963046171,0.19684773350052115,0.0,0.0,0.0,0.01211618041719723
1767222366.6793168,0.15477172854148885,0.19633061903876672,0.0,0.0,0.0,0.005498309873974768
1767222366.6894798,0.15484223634776356,0.19627501565655556,0.0,0.0,0.0,0.00476897144573391
1767222366.7000427,0.15492292323742907,0.19621133449424177,0.0,0.0,0.0,0.003891890081625866
1767222366.7106085,0.15497456312273142,0.19617055006705406,0.0,0.0,0.0,0.0033777978485637693
1767222366.7186027,0.1549745631229726,0.19617055006735928,0.0,0.0,0.0,0.0033968128005424396
1767222366.728658,0.1548827909214065,0.19624301517632256,0.0,0.0,0.0,0.004422449032331466
1767222366.7385845,0.1540812995610431,0.19687293631899122,0.0,0.0,0.0,0.013101107646208731
1767222366.748817,0.15461149356331902,0.19645682983183851,0.0,0.0,0.0,0.007513928265066893
1767222366.7606628,0.1549327651460694,0.19620356320369425,0.0,0.0,0.0,0.003961417763741953
1767222366.7696779,0.154929856735048,0.19620585980496902,0.0,0.0,0.0,0.003985826945026843
1767222366.778682,0.15492985673517354,0.196205859805128,0.0,0.0,0.0,0.004004380869210158
1767222366.7907047,0.1539501818976801,0.19697548432132692,0.0,0.0,0.0,0.014899683956756365
1767222366.7987437,0.1539501818977594,0.19697548432142845,0.0,0.0,0.0,0.014959981258291233
1767222366.8096182,0.15466373373635717,0.19641570557572047,0.0,0.0,0.0,0.0071237711419934666
1767222366.818486,0.15466373373639963,0.19641570557577437,0.0,0.0,0.0,0.007150671163860444
1767222366.8296626,0.1542170405258451,0.19676662405393064,0.0,0.0,0.0,0.012083421590980793
1767222366.8397295,0.1539765303317556,0.1969548883301095,0.0,0.0,0.0,0.014869134712709408
1767222366.8485157,0.1539765303317381,0.19695488833008712,0.0,0.0,0.0,0.014915255035578542
1767222366.859479,0.15402907823875508,0.19691379582701296,0.0,0.0,0.0,0.014458146203066277
1767222366.8696945,0.15460754674002528,0.19645993591840993,0.0,0.0,0.0,0.007961129010031692
1767222366.8797765,0.1541395435379321,0.1968273381618437,0.0,0.0,0.0,0.013188417287977903
1767222366.888699,0.1541395435378358,0.19682733816172066,0.0,0.0,0.0,0.013219505062178654
1767222366.899542,0.1541444812565652,0.1968234712322508,0.0,0.0,0.0,0.01317573747624753
1767222366.9096096,0.15395721055264383,0.19696999073080895,0.0,0.0,0.0,0.015431909483072648
1767222366.9190865,0.1539572105524841,0.19696999073060462,0.0,0.0,0.0,0.015460349493762095
1767222366.929648,0.1547658815468544,0.1963352282153648,0.0,0.0,0.0,0.006255982619651473
1767222366.9392743,0.1547658815466489,0.19633522821510418,0.0,0.0,0.0,0.006265266374669863
1767222366.9507449,0.15497675435451708,0.19616881897670782,0.0,0.0,0.0,0.003682401021744024
1767222366.9587033,0.15497675435429425,0.19616881897642577,0.0,0.0,0.0,0.003686038891080624
1767222366.9695306,0.15486971622381773,0.19625333353934768,0.0,0.0,0.0,0.005008535785957665
1767222366.9798942,0.15479869743881067,0.1963093558635108,0.0,0.0,0.0,0.0058668349742311155
1767222366.9897196,0.1548476967474237,0.19627070779934833,0.0,0.0,0.0,0.005309018631941653
1767222366.9990165,0.1548476967471127,0.19627070779895406,0.0,0.0,0.0,0.005310756873885243
1767222367.0098085,0.1548827474570875,0.1962430494759245,0.0,0.0,0.0,0.004844540763954463
1767222367.018862,0.15419026293029905,0.1967876082090787,0.0,0.0,0.0,0.012818444796799652
1767222367.0294614,0.15414258416666768,0.19682495693696203,0.0,0.0,0.0,0.013397301726298778
1767222367.03937,0.15467964141980958,0.1964031783263889,0.0,0.0,0.0,0.007245801306194987
1767222367.049153,0.1546796414193707,0.1964031783258317,0.0,0.0,0.0,0.0072418510165041805
1767222367.05982,0.15487917485417066,0.19624586905763697,0.0,0.0,0.0,0.004894089344400708
1767222367.0685728,0.1548791748537275,0.19624586905707547,0.0,0.0,0.0,0.004890105256556842
1767222367.0791473,0.1541914047450432,0.1967867135444839,0.0,0.0,0.0,0.01278037839681916
1767222367.089458,0.15484033605901257,0.19627651477843644,0.0,0.0,0.0,0.005290626990860147
1767222367.099452,0.15410230041773973,0.1968564983177618,0.0,0.0,0.0,0.013814450127739467
1767222367.110163,0.15469341054565275,0.19639233349915014,0.0,0.0,0.0,0.007030793751484233
1767222367.1185217,0.15469341054510544,0.19639233349845533,0.0,0.0,0.0,0.007019804833338682
1767222367.1289525,0.1548849754292388,0.19624129103936788,0.0,0.0,0.0,0.004769016116900961
1767222367.1386013,0.15491950273712,0.19621403515977215,0.0,0.0,0.0,0.004331475518164606
1767222367.149835,0.15467013060324877,0.1964106682961924,0.0,0.0,0.0,0.007216667659833349
1767222367.1602635,0.1547962815596789,0.19631126084888267,0.0,0.0,0.0,0.005768823542956245
1767222367.1696646,0.15487598144748732,0.19624838926958507,0.0,0.0,0.0,0.0048613637214867155
1767222367.1796496,0.15485268035691527,0.19626677585852573,0.0,0.0,0.0,0.005094541809379382
1767222367.1895137,0.154138081173159,0.19682848333323383,0.0,0.0,0.0,0.013100455832608089
1767222367.1994119,0.15475864448454335,0.1963409327564528,0.0,0.0,0.0,0.006093984659012568
1767222367.2083821,0.1547586444838074,0.19634093275551912,0.0,0.0,0.0,0.006077381295050621
1767222367.2193563,0.15469884328838795,0.1963880541231286,0.0,0.0,0.0,0.006790579316702365
1767222367.2295527,0.15411471067703514,0.1968467827252001,0.0,0.0,0.0,0.013213512081121806
1767222367.2407007,0.15472186252292258,0.19636991921620445,0.0,0.0,0.0,0.006411418069788755
1767222367.2493103,0.15412221181205715,0.19684090972425003,0.0,0.0,0.0,0.013029802440867124
1767222367.2592978,0.15473440249589637,0.19636003819108788,0.0,0.0,0.0,0.006240450751258938
1767222367.2696369,0.15481483387549216,0.19629663044867673,0.0,0.0,0.0,0.005367998798153395
1767222367.2785428,0.1548148338746314,0.1962966304475853,0.0,0.0,0.0,0.005349979003181358
1767222367.2893016,0.1548729247517757,0.19625080150333596,0.0,0.0,0.0,0.004694730866490866
1767222367.299234,0.154191783896265,0.1967864164264356,0.0,0.0,0.0,0.012018592228063976
1767222367.3097634,0.15472028623555942,0.19637116116537437,0.0,0.0,0.0,0.0062736900623408445
1767222367.3185432,0.1547202862346456,0.19637116116421457,0.0,0.0,0.0,0.006251233149301757
1767222367.3295636,0.15391677569162235,0.1970015890019574,0.0,0.0,0.0,0.014900683679522013
1767222367.3394995,0.15466244053106432,0.19641672382146919,0.0,0.0,0.0,0.006874913496307162
1767222367.34968,0.15485958440614686,0.19626132839787527,0.0,0.0,0.0,0.004715997134564489
1767222367.3595076,0.15485958440511394,0.19626132839656618,0.0,0.0,0.0,0.004697071949495034
1767222367.3694992,0.1549426297492669,0.19619577312392655,0.0,0.0,0.0,0.0037359674151148732
1767222367.3789618,0.15495931331932675,0.19618259637406701,0.0,0.0,0.0,0.003535797524387182
1767222367.3885567,0.15413368034783895,0.19683192953905007,0.0,0.0,0.0,0.012237519260487004
1767222367.400383,0.1547807542624411,0.1963235034645863,0.0,0.0,0.0,0.0054814486158446234
1767222367.4095006,0.15486155186198383,0.19625977595216662,0.0,0.0,0.0,0.004590229944608013
1767222367.4202366,0.15417113274065739,0.19680259584282567,0.0,0.0,0.0,0.01165096406859987
1767222367.4289916,0.15417113273978825,0.19680259584171622,0.0,0.0,0.0,0.011612434691320634
1767222367.4395025,0.15472921056066669,0.1963641293585127,0.0,0.0,0.0,0.005851856079274218
1767222367.4508698,0.1547292105595816,0.19636412935713565,0.0,0.0,0.0,0.005827990460331594
1767222367.4585307,0.15474923944788305,0.19634834551961047,0.0,0.0,0.0,0.00570159958040849
1767222367.469535,0.15410698860530955,0.19685282817420854,0.0,0.0,0.0,0.012152501459618046
1767222367.4794896,0.15476268328061404,0.19633774919832486,0.0,0.0,0.0,0.005413783442096302
1767222367.489617,0.15493203582029527,0.19620413902970144,0.0,0.0,0.0,0.0036620112708685482
1767222367.498614,0.15493203581957934,0.19620413902879472,0.0,0.0,0.0,0.0036523232996043113
1767222367.509654,0.1548049145218612,0.1963044531702249,0.0,0.0,0.0,0.005037362975177962
1767222367.518658,0.1548049145212477,0.19630445316944692,0.0,0.0,0.0,0.005025979344675034
1767222367.5308514,0.15478585420744753,0.19631948255520856,0.0,0.0,0.0,0.005241789685840414
1767222367.5394845,0.15496845703695106,0.19617537362440812,0.0,0.0,0.0,0.0032807185377287467
1767222367.5496063,0.15414302172658204,0.19682461417640498,0.0,0.0,0.0,0.011492083412838446
1767222367.559927,0.15467567564188145,0.19640630146991522,0.0,0.0,0.0,0.006211955466182187
1767222367.5697803,0.15473180266749786,0.19636208680746123,0.0,0.0,0.0,0.005702151667507662
1767222367.579213,0.1547318026672777,0.19636208680718184,0.0,0.0,0.0,0.005697512233692541
1767222367.5900114,0.15479466916083495,0.19631253218069983,0.0,0.0,0.0,0.005095540440004831
1767222367.598975,0.1547946691607912,0.19631253218064432,0.0,0.0,0.0,0.005094711072949395
1767222367.6106641,0.154900473577658,0.19622905793279696,0.0,0.0,0.0,0.003946967277236245
1767222367.6195216,0.15492187740062457,0.19621216015945894,0.0,0.0,0.0,0.0036939177954781154
1767222367.629103,0.15488741910655704,0.1962393622449013,0.0,0.0,0.0,0.004065358638758493
1767222367.6399817,0.15484490709022142,0.19627290857374244,0.0,0.0,0.0,0.00454123135420111
1767222367.6494024,0.15479947660415766,0.1963087413612923,0.0,0.0,0.0,0.005027523749111568
1767222367.6602302,0.15406441579851796,0.19688614902128157,0.0,0.0,0.0,0.012312340544209557
1767222367.6686895,0.1547240213523259,0.1963682181727475,0.0,0.0,0.0,0.005759387392864237
1767222367.6796217,0.15475968656451253,0.19634011130237303,0.0,0.0,0.0,0.005328802600139197
1767222367.6891947,0.15475968656451253,0.19634011130237303,0.0,0.0,0.0,0.005328802600139197
1767222367.6994617,0.15480467465590825,0.19630464232018238,0.0,0.0,0.0,0.0049496222336292235
1767222367.7093096,0.15487026815699767,0.1962528978964547,0.0,0.0,0.0,0.004308881333507067
1767222367.718752,0.15482452919237982,0.19628898352208574,0.0,0.0,0.0,0.004783473397211559
1767222367.729755,0.1539663056680865,0.19696288130175402,0.0,0.0,0.0,0.013234423287024935
1767222367.7389948,0.1539663056680865,0.19696288130175402,0.0,0.0,0.0,0.013234423287024935
1767222367.7498727,0.15467657081697883,0.19640559648867864,0.0,0.0,0.0,0.006193175534333392
1767222367.7584283,0.15467657081697883,0.19640559648867864,0.0,0.0,0.0,0.006193175534333392
1767222367.769141,0.15407239517209706,0.19687990486004597,0.0,0.0,0.0,0.01223262665485792
1767222367.7795553,0.15480897336329869,0.19630125230873346,0.0,0.0,0.0,0.00489153797382126
1767222367.7896953,0.15408858512121565,0.19686723401092202,0.0,0.0,0.0,0.012007722834328702
1767222367.7995913,0.15478556182456477,0.19631971307646995,0.0,0.0,0.0,0.005101369362665139
1767222367.8087008,0.15478556182456477,0.19631971307646995,0.0,0.0,0.0,0.005101369362665139
1767222367.8185742,0.15490750024742359,0.1962235109737599,0.0,0.0,0.0,0.0038857230452119416
1767222367.829852,0.15411744355701618,0.19684464301377197,0.0,0.0,0.0,0.011771118226951292
1767222367.8395567,0.153963490974742,0.1969650815211642,0.0,0.0,0.0,0.013271502448459527
1767222367.8495712,0.15393765355969588,0.1969852753591079,0.0,0.0,0.0,0.013508418249376939
1767222367.8585248,0.15393765355969588,0.1969852753591079,0.0,0.0,0.0,0.013508418249376939
1767222367.8684342,0.15470403955598203,0.1963839607423037,0.0,0.0,0.0,0.005921642852356417
1767222367.8796117,0.15413831127369967,0.1968283030701115,0.0,0.0,0.0,0.011523589078377677
1767222367.8897762,0.15481405557950487,0.19629724421601413,0.0,0.0,0.0,0.004847282593464364
1767222367.8997464,0.1548403194457778,0.19627652780122531,0.0,0.0,0.0,0.004604629534004787
1767222367.9095633,0.15406640243386355,0.19688459445283346,0.0,0.0,0.0,0.012244340385803541
1767222367.9185162,0.15406640243386355,0.19688459445283346,0.0,0.0,0.0,0.012244340385803541
1767222367.9307997,0.15471750698011083,0.1963733508540157,0.0,0.0,0.0,0.0057849049879541885
1767222367.9386423,0.1548632839185297,0.1962584092102658,0.0,0.0,0.0,0.004350840492651858
1767222367.9486318,0.1548838481444288,0.19624218067415913,0.0,0.0,0.0,0.004138275467929938
1767222367.9594789,0.154723886269882,0.1963683246079146,0.0,0.0,0.0,0.005747963723583646
1767222367.9691396,0.15483744458109705,0.1962787957151011,0.0,0.0,0.0,0.004628592370324746
1767222367.9795263,0.15487173161240578,0.1962517430219421,0.0,0.0,0.0,0.004256015068183198
1767222367.9894497,0.1541561187737602,0.19681435653015456,0.0,0.0,0.0,0.011361105893143986
1767222367.999395,0.15399459053680953,0.19694076768705868,0.0,0.0,0.0,0.012973280720014926
1767222368.0092928,0.15393793799190547,0.19698505308415487,0.0,0.0,0.0,0.013510944296717599
1767222368.0196567,0.15393793799190547,0.19698505308415487,0.0,0.0,0.0,0.013510944296717599
1767222368.028651,0.15395155597078045,0.19697441028200272,0.0,0.0,0.0,0.01337730567968303
1767222368.039192,0.15484955966945604,0.19626923794102627,0.0,0.0,0.0,0.004480365008877265
1767222368.049355,0.15491814011056193,0.19621511092793217,0.0,0.0,0.0,0.0037834208859000512
1767222368.0595317,0.15491814011056193,0.19621511092793217,0.0,0.0,0.0,0.0037834208859000512
1767222368.069938,0.15483683171402482,0.19627927918284824,0.0,0.0,0.0,0.00464201362248203
1767222368.07928,0.15487657951297973,0.19624791721222487,0.0,0.0,0.0,0.004202939614605683
1767222368.0884674,0.15487657951297973,0.19624791721222487,0.0,0.0,0.0,0.004202939614605683
1767222368.099272,0.15469544411857977,0.19639073160597542,0.0,0.0,0.0,0.006047945881182859
1767222368.1092615,0.15481883977255914,0.19629347096440652,0.0,0.0,0.0,0.004806076940261105
1767222368.1199853,0.15488438668329368,0.19624175563196342,0.0,0.0,0.0,0.0041403190112652075
1767222368.12839,0.15488438668329368,0.19624175563196342,0.0,0.0,0.0,0.0041403190112652075
1767222368.1392837,0.1539517822745592,0.19697423340694553,0.0,0.0,0.0,0.013388634546135297
1767222368.1491535,0.15472554767592828,0.19636701552999658,0.0,0.0,0.0,0.005693762159006635
1767222368.1595478,0.15488415152914214,0.19624194122784466,0.0,0.0,0.0,0.004132321141156066
1767222368.1685565,0.15488415152914214,0.19624194122784466,0.0,0.0,0.0,0.004132321141156066
1767222368.1791658,0.1548281844040524,0.19628610038900127,0.0,0.0,0.0,0.004743278336744764
1767222368.1895998,0.1549037221615635,0.19622649350245353,0.0,0.0,0.0,0.003922274013734239
1767222368.1996896,0.15414450865884055,0.1968234496753221,0.0,0.0,0.0,0.01145855354673489
1767222368.209327,0.15394808008155048,0.19697712692333724,0.0,0.0,0.0,0.013401985351394172
1767222368.2192862,0.15396287396286604,0.19696556382490485,0.0,0.0,0.0,0.013256366248868707
1767222368.2292235,0.15465443798202466,0.1964230248831293,0.0,0.0,0.0,0.0064363012535277484
1767222368.2384412,0.15465443798202466,0.1964230248831293,0.0,0.0,0.0,0.0064363012535277484
1767222368.2491345,0.15486390102245884,0.1962579222652738,0.0,0.0,0.0,0.004340394087815824
1767222368.2594864,0.1549238374406526,0.19621061256832797,0.0,0.0,0.0,0.0037123084408006786
1767222368.2684577,0.1549238374406526,0.19621061256832797,0.0,0.0,0.0,0.0037123084408006786
1767222368.2792177,0.15490661462023508,0.196224210123709,0.0,0.0,0.0,0.0038887313570743717
1767222368.2892656,0.15486001926832804,0.19626098523137242,0.0,0.0,0.0,0.004377872021049168
1767222368.2983675,0.15486001926832804,0.19626098523137242,0.0,0.0,0.0,0.004377872021049168
1767222368.3093705,0.15407763283127754,0.19687580591042436,0.0,0.0,0.0,0.01216669258835668
1767222368.318712,0.15407763283127754,0.19687580591042436,0.0,0.0,0.0,0.01216669258835668
1767222368.3286355,0.15472476857710474,0.19636762941110145,0.0,0.0,0.0,0.005696951174902492
1767222368.3387392,0.15489082633794896,0.19623667294397967,0.0,0.0,0.0,0.004029797741111223
1767222368.3500633,0.15411784234053716,0.19684433078975405,0.0,0.0,0.0,0.011752450852796017
1767222368.3589404,0.15411784234053716,0.19684433078975405,0.0,0.0,0.0,0.011752450852796017
1767222368.3700314,0.15401590469501786,0.19692409957327556,0.0,0.0,0.0,0.01278521271137427
1767222368.3796475,0.154691416691273,0.19639390391206593,0.0,0.0,0.0,0.006062118037929359
1767222368.3901057,0.15493391112622373,0.19620265817492547,0.0,0.0,0.0,0.003574304996658529
1767222368.3987348,0.15493391112622373,0.19620265817492547,0.0,0.0,0.0,0.003574304996658529
1767222368.409763,0.15492081382735026,0.19621299991296776,0.0,0.0,0.0,0.003717544371635676
1767222368.4197433,0.15462236487645278,0.196448273527124,0.0,0.0,0.0,0.006781060321824188
1767222368.4288096,0.15462236487645278,0.196448273527124,0.0,0.0,0.0,0.006781060321824188
1767222368.4388587,0.15462236487645278,0.196448273527124,0.0,0.0,0.0,0.006781060321824188
1767222368.448678,0.1539081999599975,0.1970082888531363,0.0,0.0,0.0,0.0138359876980648
1767222368.4590967,0.15475563262089037,0.19634330664395278,0.0,0.0,0.0,0.005404132980545816
1767222368.470259,0.15490036781661792,0.19622914141903453,0.0,0.0,0.0,0.003970413149824718
1767222368.4796586,0.1548603992936361,0.19626068537124713,0.0,0.0,0.0,0.004410649929354888
1767222368.489669,0.1548102184829626,0.19630027036413922,0.0,0.0,0.0,0.004906820750440534
1767222368.499642,0.15413079680303945,0.19683418749960385,0.0,0.0,0.0,0.011632564850633867
1767222368.5089235,0.15413079680303945,0.19683418749960385,0.0,0.0,0.0,0.011632564850633867
1767222368.5203056,0.15496682229283315,0.1961766649737836,0.0,0.0,0.0,0.0032803077748434126
1767222368.5288675,0.15496682229283315,0.1961766649737836,0.0,0.0,0.0,0.0032803077748434126
1767222368.5399477,0.15416632158821972,0.19680636468297247,0.0,0.0,0.0,0.011220916292753944
1767222368.5486884,0.15395008014382583,0.19697556375214959,0.0,0.0,0.0,0.013409443725085566
1767222368.5586467,0.15390954678286717,0.19700723667129424,0.0,0.0,0.0,0.013840493516442318
1767222368.568836,0.1546896278262472,0.19639531291441387,0.0,0.0,0.0,0.006082310544733077
1767222368.5787628,0.1546896278262472,0.19639531291441387,0.0,0.0,0.0,0.006082310544733077
1767222368.5895593,0.15490973029633226,0.1962217504541545,0.0,0.0,0.0,0.0038619837760574273
1767222368.5997686,0.15414740874426094,0.19682117840618582,0.0,0.0,0.0,0.011418424697333176
1767222368.60959,0.15407356440518025,0.1968789898471935,0.0,0.0,0.0,0.012198126437725412
1767222368.619666,0.15466541497493297,0.19641438160788097,0.0,0.0,0.0,0.00635049354657515
1767222368.6285927,0.15466541497493297,0.19641438160788097,0.0,0.0,0.0,0.00635049354657515
1767222368.6394718,0.15490676715937937,0.19622408970359612,0.0,0.0,0.0,0.00390207308046938
1767222368.6487226,0.15490676715937937,0.19622408970359612,0.0,0.0,0.0,0.00390207308046938
1767222368.659786,0.15413060736485448,0.19683433583882376,0.0,0.0,0.0,0.011614822259895097
1767222368.6686966,0.15413060736485448,0.19683433583882376,0.0,0.0,0.0,0.011614822259895097
1767222368.6804397,0.1548143156321535,0.19629703911960558,0.0,0.0,0.0,0.004856355762781558
1767222368.6893275,0.1548143156321535,0.19629703911960558,0.0,0.0,0.0,0.004856355762781558
1767222368.6987255,0.15489005029717595,0.19623728547530062,0.0,0.0,0.0,0.0040724997923357546
1767222368.7092,0.1548976650499069,0.19623127491269637,0.0,0.0,0.0,0.003973442460954594
1767222368.7195952,0.1539469225488933,0.19697803159107322,0.0,0.0,0.0,0.013453517216314631
1767222368.7295885,0.15393484783034259,0.19698746791412497,0.0,0.0,0.0,0.013540711820937662
1767222368.7395644,0.1547149839188615,0.19637533868273943,0.0,0.0,0.0,0.005791812377711159
1767222368.7486649,0.1547149839188615,0.19637533868273943,0.0,0.0,0.0,0.005791812377711159
1767222368.759306,0.1547149839188615,0.19637533868273943,0.0,0.0,0.0,0.005791812377711159
1767222368.7687235,0.15484112243711237,0.19627589432783282,0.0,0.0,0.0,0.004556018276828685
1767222368.7786481,0.15486758498348122,0.19625501525606845,0.0,0.0,0.0,0.0043193622771843555
1767222368.7899895,0.15483075693384507,0.19628407118018573,0.0,0.0,0.0,0.00468097831274079
1767222368.7995946,0.1548194208984548,0.19629301262256682,0.0,0.0,0.0,0.0048173796319384
1767222368.8086703,0.15490480609647633,0.19622563782541136,0.0,0.0,0.0,0.003911416850539683
1767222368.818816,0.15490480609647633,0.19622563782541136,0.0,0.0,0.0,0.003911416850539683
1767222368.8286877,0.15415001932866948,0.19681913380751243,0.0,0.0,0.0,0.01141831105913759
1767222368.839736,0.1539651543651557,0.19696378127229902,0.0,0.0,0.0,0.013245035639056817
1767222368.8494956,0.1546490227708595,0.19642728844993043,0.0,0.0,0.0,0.006500371186078395
1767222368.8591187,0.1546490227708595,0.19642728844993043,0.0,0.0,0.0,0.006500371186078395
1767222368.8696196,0.15489972232249785,0.19622965096077685,0.0,0.0,0.0,0.00395886924370554
1767222368.8787446,0.15489972232249785,0.19622965096077685,0.0,0.0,0.0,0.00395886924370554
1767222368.8889775,0.154892384654857,0.19623544294471162,0.0,0.0,0.0,0.004058760410129522
1767222368.8996277,0.15482639805987658,0.19628750942324408,0.0,0.0,0.0,0.004752640546908422
1767222368.9087439,0.15411638193006313,0.1968454741988142,0.0,0.0,0.0,0.011766591668603995
1767222368.9194527,0.15411638193006313,0.1968454741988142,0.0,0.0,0.0,0.011766591668603995
1767222368.9293823,0.15484781861243244,0.19627061156155223,0.0,0.0,0.0,0.004508446415722572
1767222368.9395506,0.1541627167283606,0.19680918846105422,0.0,0.0,0.0,0.011262457876548865
1767222368.9490695,0.1541627167283606,0.19680918846105422,0.0,0.0,0.0,0.011262457876548865
1767222368.9587958,0.1541627167283606,0.19680918846105422,0.0,0.0,0.0,0.011262457876548865
1767222368.968825,0.153942239622936,0.19698169141227923,0.0,0.0,0.0,0.013491049336620093
1767222368.978694,0.15470365017646273,0.1963842674805016,0.0,0.0,0.0,0.0059196276852707345
1767222368.9886842,0.15470365017646273,0.1963842674805016,0.0,0.0,0.0,0.0059196276852707345
1767222368.999657,0.15488728405180513,0.19623946884057483,0.0,0.0,0.0,0.004085294105688805
1767222369.0087082,0.15488728405180513,0.19623946884057483,0.0,0.0,0.0,0.004085294105688805
1767222369.019895,0.15412286702120104,0.19684039664899694,0.0,0.0,0.0,0.011676270227892537
1767222369.0286913,0.15412286702120104,0.19684039664899694,0.0,0.0,0.0,0.011676270227892537
1767222369.0387433,0.15481835758983992,0.19629385126630924,0.0,0.0,0.0,0.004820893809459309
1767222369.0514126,0.15481835758983992,0.19629385126630924,0.0,0.0,0.0,0.004820893809459309
1767222369.0587919,0.15495987724564853,0.1961821509102933,0.0,0.0,0.0,0.003334133430806855
1767222369.068716,0.1549487035987886,0.196190976206425,0.0,0.0,0.0,0.003456330145963275
1767222369.079562,0.15414408363307627,0.19682378253830876,0.0,0.0,0.0,0.011475756732721071
1767222369.0901334,0.15483220759093583,0.19628292687927196,0.0,0.0,0.0,0.004662992533658259
1767222369.0991728,0.15483220759093583,0.19628292687927196,0.0,0.0,0.0,0.004662992533658259
1767222369.1085742,0.1540891981310904,0.19686675420468408,0.0,0.0,0.0,0.012025941027593606
1767222369.1187856,0.15477353418849518,0.1963291955022904,0.0,0.0,0.0,0.005208649166100582
1767222369.1288867,0.1548935873102786,0.1962344936598237,0.0,0.0,0.0,0.004003164643911806
1767222369.1400127,0.15405473513270018,0.19689372380795403,0.0,0.0,0.0,0.01238271538661998
1767222369.1486545,0.1547048475225035,0.19638332425339491,0.0,0.0,0.0,0.005930578533269995
1767222369.1602557,0.15482313309592796,0.1962900846964424,0.0,0.0,0.0,0.00474820934476297
1767222369.1686585,0.1548773863604741,0.1962472804548507,0.0,0.0,0.0,0.0042077253829125635
1767222369.178736,0.1548773863604741,0.1962472804548507,0.0,0.0,0.0,0.0042077253829125635
1767222369.188721,0.15486635543340704,0.1962559855050283,0.0,0.0,0.0,0.004296409296317815
1767222369.1988285,0.15486635543340704,0.1962559855050283,0.0,0.0,0.0,0.004296409296317815
1767222369.2088194,0.1540882544379056,0.1968674928373108,0.0,0.0,0.0,0.012050663196033774
1767222369.2199306,0.1548518160560471,0.19626745770993131,0.0,0.0,0.0,0.004441297224846534
1767222369.2286577,0.1548518160560471,0.19626745770993131,0.0,0.0,0.0,0.004441297224846534
1767222369.2389753,0.15490729680467086,0.19622367158027673,0.0,0.0,0.0,0.0038827701936549027
1767222369.250622,0.15486011999924948,0.19626090574944993,0.0,0.0,0.0,0.00438349617412496
1767222369.2598844,0.154081812424315,0.19687253483360106,0.0,0.0,0.0,0.012104839153133358
1767222369.2685704,0.154081812424315,0.19687253483360106,0.0,0.0,0.0,0.012104839153133358
1767222369.2799168,0.15395726568732168,0.19696994753985353,0.0,0.0,0.0,0.013335222718596305
1767222369.2886515,0.1547585128960131,0.19634103640856126,0.0,0.0,0.0,0.005356162686478742
1767222369.2987003,0.1547585128960131,0.19634103640856126,0.0,0.0,0.0,0.005356162686478742
1767222369.3105319,0.15488192859333358,0.19624369566176142,0.0,0.0,0.0,0.004163502392746618
1767222369.3194518,0.154878345954772,0.196246523143955,0.0,0.0,0.0,0.004221573495589116
1767222369.3286426,0.154878345954772,0.196246523143955,0.0,0.0,0.0,0.004221573495589116
1767222369.338779,0.1548222155918947,0.1962908083711334,0.0,0.0,0.0,0.004774216184324921
1767222369.3488722,0.15486787376749336,0.19625478737221097,0.0,0.0,0.0,0.0043284782816560285
1767222369.3602045,0.15488535910331702,0.1962409881426727,0.0,0.0,0.0,0.004089344075220012
1767222369.369863,0.15413049934959358,0.1968344204198389,0.0,0.0,0.0,0.011621323949082687
1767222369.3796654,0.15472748489994484,0.1963654890970207,0.0,0.0,0.0,0.005706789695744547
1767222369.3896568,0.15483029828836506,0.19628443296326875,0.0,0.0,0.0,0.0046916022817573835
1767222369.3998654,0.15487213058157162,0.19625142817544303,0.0,0.0,0.0,0.004241086816545782
1767222369.4091766,0.1548919543472693,0.19623578259394855,0.0,0.0,0.0,0.0040603774170032995
1767222369.4185915,0.15487596627092765,0.19624840117418008,0.0,0.0,0.0,0.0042082433731508275
1767222369.4292257,0.15487596627092765,0.19624840117418008,0.0,0.0,0.0,0.0042082433731508275
1767222369.4386387,0.15490066948820488,0.19622890328359396,0.0,0.0,0.0,0.003960813662453082
1767222369.4511359,0.15409962574755992,0.19685859197970357,0.0,0.0,0.0,0.011944135000246398
1767222369.4597151,0.15485868155738253,0.19626204074676576,0.0,0.0,0.0,0.004391907316759118
1767222369.4685433,0.15485868155738253,0.19626204074676576,0.0,0.0,0.0,0.004391907316759118
1767222369.478557,0.15489996503472173,0.1962294593684085,0.0,0.0,0.0,0.0039428912380062645
1767222369.4890373,0.1541620427647983,0.19680971638197903,0.0,0.0,0.0,0.011272345871864639
1767222369.4997516,0.1547381856252361,0.19635705691720345,0.0,0.0,0.0,0.0055755548887506095
1767222369.511256,0.15404712170868418,0.19689968051025009,0.0,0.0,0.0,0.012465077166081596
1767222369.519148,0.15404712170868418,0.19689968051025009,0.0,0.0,0.0,0.012465077166081596
1767222369.5289457,0.15395290804408987,0.1969733535190401,0.0,0.0,0.0,0.013383741287901228
1767222369.538821,0.15471967784128826,0.1963716404689375,0.0,0.0,0.0,0.005741125455632311
1767222369.5505378,0.154093602406905,0.19686330686299203,0.0,0.0,0.0,0.011984512197439933
1767222369.559149,0.154093602406905,0.19686330686299203,0.0,0.0,0.0,0.011984512197439933
1767222369.570142,0.1546633671514598,0.19641599413781763,0.0,0.0,0.0,0.006339714423075123
1767222369.5796962,0.1546633671514598,0.19641599413781763,0.0,0.0,0.0,0.006339714423075123
1767222369.5887098,0.1548223409882227,0.19629070946609398,0.0,0.0,0.0,0.00476765835138673
1767222369.5987115,0.15417525528781634,0.1967993662304491,0.0,0.0,0.0,0.011111998924382818
1767222369.6092374,0.15417525528781634,0.1967993662304491,0.0,0.0,0.0,0.011111998924382818
1767222369.619833,0.15405832309215545,0.19689091644309792,0.0,0.0,0.0,0.012327401020560463
1767222369.628566,0.15394187573132723,0.1969819757949702,0.0,0.0,0.0,0.01347007723739793
1767222369.638934,0.15394187573132723,0.1969819757949702,0.0,0.0,0.0,0.01347007723739793
1767222369.6498697,0.1548664475611732,0.19625591280661428,0.0,0.0,0.0,0.004302247845905322
1767222369.6596987,0.15418504372475528,0.19679169744520142,0.0,0.0,0.0,0.011044201768772624
1767222369.6690845,0.15418504372475528,0.19679169744520142,0.0,0.0,0.0,0.011044201768772624
1767222369.6786525,0.15401077109429306,0.19692811449538747,0.0,0.0,0.0,0.012774226116281102
1767222369.6902995,0.15467793177012762,0.19640452468079678,0.0,0.0,0.0,0.006209636294773386
1767222369.6989193,0.15467793177012762,0.19640452468079678,0.0,0.0,0.0,0.006209636294773386
1767222369.7094529,0.15481048965489985,0.19630005650683444,0.0,0.0,0.0,0.004872713235554316
1767222369.7197597,0.15497446888796768,0.19617062441830632,0.0,0.0,0.0,0.003196982284351274
1767222369.7291126,0.154927021115293,0.19620809876281314,0.0,0.0,0.0,0.0036722895197648002
1767222369.7394006,0.1548587652724113,0.1962619746921979,0.0,0.0,0.0,0.004390134087273171
1767222369.7490587,0.1548587652724113,0.1962619746921979,0.0,0.0,0.0,0.004390134087273171
1767222369.759447,0.1548679999151162,0.19625468782698535,0.0,0.0,0.0,0.00429884823814916
1767222369.7715373,0.1548679999151162,0.19625468782698535,0.0,0.0,0.0,0.00429884823814916
1767222369.7794397,0.15414215401429937,0.1968252937190788,0.0,0.0,0.0,0.011453702901528223
1767222369.7894201,0.15398853356983636,0.19694550368256492,0.0,0.0,0.0,0.013025825290295312
1767222369.7994344,0.15391863420707697,0.1970001368923261,0.0,0.0,0.0,0.013714895149941286
1767222369.8099077,0.15469464878468636,0.1963913580816562,0.0,0.0,0.0,0.00601947473069097
1767222369.818383,0.15469464878468636,0.1963913580816562,0.0,0.0,0.0,0.00601947473069097
1767222369.8292458,0.1548476681217364,0.19627073029119058,0.0,0.0,0.0,0.004505638363823597
1767222369.8387265,0.15488893040575977,0.19623816940018315,0.0,0.0,0.0,0.004082181863536937
1767222369.851523,0.15416375481447242,0.19680837531282086,0.0,0.0,0.0,0.011251084837907363
1767222369.8594866,0.1547102588952518,0.19637906121666615,0.0,0.0,0.0,0.00587606948564483
1767222369.8687909,0.1547102588952518,0.19637906121666615,0.0,0.0,0.0,0.00587606948564483
1767222369.8797066,0.1548913378743945,0.19623626918400275,0.0,0.0,0.0,0.004044449948876504
1767222369.8889189,0.1548913378743945,0.19623626918400275,0.0,0.0,0.0,0.004044449948876504
1767222369.898844,0.15489889979535548,0.19623030024428958,0.0,0.0,0.0,0.003970056262598687
1767222369.91086,0.15488367768242675,0.19624231521092164,0.0,0.0,0.0,0.004124144524553293
1767222369.9191086,0.15488367768242675,0.19624231521092164,0.0,0.0,0.0,0.004124144524553293
1767222369.928921,0.15412077860672016,0.19684203182610147,0.0,0.0,0.0,0.011723284056756579
1767222369.9386146,0.154747547429034,0.19634967903328465,0.0,0.0,0.0,0.005525514195011733
1767222369.9500897,0.15491507916695654,0.19621752760258496,0.0,0.0,0.0,0.0037975134356580233
1767222369.9588163,0.15491507916695654,0.19621752760258496,0.0,0.0,0.0,0.0037975134356580233
1767222369.969046,0.15485280444518892,0.19626667788301635,0.0,0.0,0.0,0.004448458306678094
1767222369.9792702,0.1548448761578137,0.19627293297713752,0.0,0.0,0.0,0.004530390904286865
1767222369.9902675,0.15411418075610941,0.19684719754581756,0.0,0.0,0.0,0.011795518917918569
1767222369.998779,0.15411418075610941,0.19684719754581756,0.0,0.0,0.0,0.011795518917918569
1767222370.0085049,0.154715862288856,0.1963746466527437,0.0,0.0,0.0,0.005810725751514717
1767222370.0196013,0.15474842293126365,0.19634898902734604,0.0,0.0,0.0,0.005469570154293319
1767222370.028589,0.15474842293126365,0.19634898902734604,0.0,0.0,0.0,0.005469570154293319
1767222370.0417247,0.15409491801379765,0.19686227707230028,0.0,0.0,0.0,0.011984759196400165
1767222370.0489676,0.15409491801379765,0.19686227707230028,0.0,0.0,0.0,0.011984759196400165
1767222370.0589411,0.15472318125952914,0.1963688801024902,0.0,0.0,0.0,0.005735076151682972
1767222370.0690312,0.15485224746208925,0.1962671173368482,0.0,0.0,0.0,0.004466097635709501
1767222370.0795565,0.1548873609133298,0.1962394081755239,0.0,0.0,0.0,0.004078918295913086
1767222370.088726,0.1548873609133298,0.1962394081755239,0.0,0.0,0.0,0.004078918295913086
1767222370.1000738,0.15468078010805422,0.19640228144535032,0.0,0.0,0.0,0.006197124077010499
1767222370.109992,0.15468078010805422,0.19640228144535032,0.0,0.0,0.0,0.006197124077010499
1767222370.119243,0.15486623325436144,0.196256081916923,0.0,0.0,0.0,0.004297905943421801
1767222370.1297202,0.1548750259054415,0.19624914329129003,0.0,0.0,0.0,0.004224359915235352
1767222370.1393657,0.1541229162510558,0.19684035810280184,0.0,0.0,0.0,0.011683442193838078
1767222370.149529,0.15469709682262506,0.19638942977264956,0.0,0.0,0.0,0.0059746228823347285
1767222370.159314,0.1548131193517131,0.19629798258863376,0.0,0.0,0.0,0.004868314379375298
1767222370.1711507,0.1548131193517131,0.19629798258863376,0.0,0.0,0.0,0.004868314379375298
1767222370.1792748,0.1548875756353654,0.19623923870004714,0.0,0.0,0.0,0.004097041448871883
1767222370.188699,0.1548875756353654,0.19623923870004714,0.0,0.0,0.0,0.004097041448871883
1767222370.1992645,0.15411028634764917,0.19685024646571875,0.0,0.0,0.0,0.011799110966045787
1767222370.2085395,0.15396696574869,0.19696236531355452,0.0,0.0,0.0,0.013223900055429182
1767222370.2194016,0.15483456483435953,0.1962810674118377,0.0,0.0,0.0,0.004616012376087328
1767222370.229806,0.15487659480098934,0.19624790514710247,0.0,0.0,0.0,0.004234456820357687
1767222370.2394962,0.15489816293737915,0.19623088189783194,0.0,0.0,0.0,0.003995948924690454
1767222370.2490103,0.15489816293737915,0.19623088189783194,0.0,0.0,0.0,0.003995948924690454
1767222370.2586153,0.15487456123090054,0.19624951000018354,0.0,0.0,0.0,0.004223125815367807
1767222370.269643,0.15469429450654276,0.19639163714093943,0.0,0.0,0.0,0.006039310099466242
1767222370.2794154,0.15469429450654276,0.19639163714093943,0.0,0.0,0.0,0.006039310099466242
1767222370.289815,0.15486627847969067,0.1962560462294777,0.0,0.0,0.0,0.004299601280467713
1767222370.2993727,0.15411538251152068,0.19684625667026662,0.0,0.0,0.0,0.011775156521769076
1767222370.31016,0.15399590873487323,0.1969397369366802,0.0,0.0,0.0,0.01292658657356915
1767222370.3183565,0.15399590873487323,0.1969397369366802,0.0,0.0,0.0,0.01292658657356915
1767222370.329513,0.15483746888224978,0.19627877654477513,0.0,0.0,0.0,0.004617071798080467
1767222370.3395617,0.1548968882814707,0.19623188806229558,0.0,0.0,0.0,0.004015811766784523
1767222370.349543,0.15489043784235254,0.19623697958534875,0.0,0.0,0.0,0.004060413572735401
1767222370.3601975,0.15492649509903803,0.19620851410706594,0.0,0.0,0.0,0.003696534004191969
1767222370.3696058,0.1548577472667652,0.1962627779362109,0.0,0.0,0.0,0.004393761422903974
1767222370.3792236,0.1548577472667652,0.1962627779362109,0.0,0.0,0.0,0.004393761422903974
1767222370.3888392,0.15486521234561046,0.19625688751461592,0.0,0.0,0.0,0.004330296208532334
1767222370.3989015,0.15488037311834757,0.1962449232833758,0.0,0.0,0.0,0.004171410957551527
1767222370.4089136,0.1549121973274092,0.19621980280025347,0.0,0.0,0.0,0.0038800323673346404
1767222370.4186902,0.1548919737304932,0.19623576729446568,0.0,0.0,0.0,0.004063832423062661
1767222370.4297507,0.1548644572755411,0.19625748333382975,0.0,0.0,0.0,0.004327197516263101
1767222370.4391365,0.1548644572755411,0.19625748333382975,0.0,0.0,0.0,0.004327197516263101
1767222370.4498887,0.15393088286525416,0.19699056625150943,0.0,0.0,0.0,0.013593368255559289
1767222370.4596038,0.1546770835667688,0.19640519267843376,0.0,0.0,0.0,0.006192936881894651
1767222370.4701958,0.1548825856366199,0.19624317709997016,0.0,0.0,0.0,0.004148310063577297
1767222370.4799492,0.15485432995720377,0.19626547425688762,0.0,0.0,0.0,0.004437704846244672
1767222370.488705,0.15485432995720377,0.19626547425688762,0.0,0.0,0.0,0.004437704846244672
1767222370.4999049,0.15410924668285084,0.19685106039494396,0.0,0.0,0.0,0.011825175062693809
1767222370.5097482,0.1539726110708864,0.19695795219229312,0.0,0.0,0.0,0.013194945944064722
1767222370.5198047,0.15470654205168094,0.1963819893426712,0.0,0.0,0.0,0.005893243095925144
1767222370.5286496,0.15470654205168094,0.1963819893426712,0.0,0.0,0.0,0.005893243095925144
1767222370.539231,0.154878677046014,0.19624626184529548,0.0,0.0,0.0,0.0041884954474399865
1767222370.5500212,0.15489591656446955,0.19623265508938362,0.0,0.0,0.0,0.0040201331672986
1767222370.5597026,0.1548797033233953,0.19624545189693787,0.0,0.0,0.0,0.004179655620490289
1767222370.5711222,0.1548797033233953,0.19624545189693787,0.0,0.0,0.0,0.004179655620490289
1767222370.579857,0.15488199153675064,0.19624364598474267,0.0,0.0,0.0,0.004168347399652956
1767222370.58983,0.15486655567191093,0.19625582749588674,0.0,0.0,0.0,0.004295322662581265
1767222370.5990105,0.15486655567191093,0.19625582749588674,0.0,0.0,0.0,0.004295322662581265
1767222370.608679,0.15488632589477944,0.19624022508800745,0.0,0.0,0.0,0.004082022247266491
1767222370.6194785,0.1548529902883888,0.19626653125411084,0.0,0.0,0.0,0.004451336384875605
1767222370.629548,0.15484426439094412,0.19627341561455544,0.0,0.0,0.0,0.004559343498919984
1767222370.639689,0.15484532167291937,0.19627258149773694,0.0,0.0,0.0,0.0045461077215011095
1767222370.651097,0.15484532167291937,0.19627258149773694,0.0,0.0,0.0,0.0045461077215011095
1767222370.6597545,0.1549002844414025,0.19622920723416476,0.0,0.0,0.0,0.003944835769626015
1767222370.670784,0.15486201055869336,0.19625941398438881,0.0,0.0,0.0,0.004337966803048529
1767222370.680336,0.1548477911362116,0.19627063323893537,0.0,0.0,0.0,0.004523004089521584
1767222370.6899087,0.15482726519328283,0.19628682544823303,0.0,0.0,0.0,0.0047115581463024496
1767222370.6998317,0.1548805439466999,0.19624478846214086,0.0,0.0,0.0,0.004154742900702253
1767222370.7104511,0.15494415106614937,0.19619457164296422,0.0,0.0,0.0,0.003497379237212628
1767222370.7191877,0.15494415106614937,0.19619457164296422,0.0,0.0,0.0,0.003497379237212628
1767222370.729902,0.1548742268033898,0.1962497739204533,0.0,0.0,0.0,0.004199514736413144
1767222370.7394443,0.1548742268033898,0.1962497739204533,0.0,0.0,0.0,0.004199514736413144
1767222370.750335,0.15471144799817513,0.1963781244183851,0.0,0.0,0.0,0.005885575208843917
1767222370.7597768,0.15484387050154325,0.19627372636162238,0.0,0.0,0.0,0.004534282585827505
1767222370.768833,0.15484387050154325,0.19627372636162238,0.0,0.0,0.0,0.004534282585827505
1767222370.7793128,0.15411097807639357,0.19684970492258128,0.0,0.0,0.0,0.011783747879264351
1767222370.789021,0.15473770067052361,0.1963574390823395,0.0,0.0,0.0,0.005571421510415033
1767222370.800025,0.15474788678294,0.1963494115804501,0.0,0.0,0.0,0.005470412180329293
1767222370.8087363,0.15474788678294,0.1963494115804501,0.0,0.0,0.0,0.005470412180329293
1767222370.8199587,0.1547054132595108,0.19638287858155723,0.0,0.0,0.0,0.00594305465159743
1767222370.828894,0.1547054132595108,0.19638287858155723,0.0,0.0,0.0,0.00594305465159743
1767222370.8404725,0.15489247231059072,0.19623537375633487,0.0,0.0,0.0,0.004022888270665826
1767222370.8498402,0.1541427274944219,0.19682484460135807,0.0,0.0,0.0,0.011463599777810793
1767222370.8599527,0.15469465143923772,0.19639135599070384,0.0,0.0,0.0,0.006020642872072665
1767222370.869998,0.15482577020817762,0.19628800465443685,0.0,0.0,0.0,0.004735214418941884
1767222370.8800063,0.15406296815305454,0.196887281802659,0.0,0.0,0.0,0.012317146355864311
1767222370.8895328,0.1539674702337302,0.19696197095275148,0.0,0.0,0.0,0.013242304700006874
1767222370.8986897,0.1539674702337302,0.19696197095275148,0.0,0.0,0.0,0.013242304700006874
1767222370.9098356,0.15482177357963472,0.19629115700263255,0.0,0.0,0.0,0.0047373224135049226
1767222370.9187293,0.15482177357963472,0.19629115700263255,0.0,0.0,0.0,0.0047373224135049226
1767222370.9299016,0.15489871880910597,0.19623044310981272,0.0,0.0,0.0,0.0039978771786290095
1767222370.939681,0.1548937657223844,0.19623435283383647,0.0,0.0,0.0,0.004052004759459655
1767222370.9493403,0.1548937657223844,0.19623435283383647,0.0,0.0,0.0,0.004052004759459655
1767222370.9596598,0.15397608537645563,0.19695523609163185,0.0,0.0,0.0,0.013132617885910913
1767222370.9707456,0.15397608537645563,0.19695523609163185,0.0,0.0,0.0,0.013132617885910913
1767222370.9786577,0.15467584218036848,0.19640617031439808,0.0,0.0,0.0,0.006182013503235118
1767222370.9894495,0.15486124635356224,0.19626001699173834,0.0,0.0,0.0,0.004390961240686276
1767222370.998933,0.15486124635356224,0.19626001699173834,0.0,0.0,0.0,0.004390961240686276
1767222371.0096169,0.15489507286954654,0.1962333210556085,0.0,0.0,0.0,0.004033460241341169
1767222371.0195355,0.15487637055584638,0.19624808211858835,0.0,0.0,0.0,0.004223202742518652
1767222371.0297217,0.1541262653306469,0.19683773577999827,0.0,0.0,0.0,0.011647105746107894
1767222371.039573,0.1539604770356358,0.19696743741727316,0.0,0.0,0.0,0.013273790249892989
1767222371.0504348,0.1546877398569057,0.1963967999478035,0.0,0.0,0.0,0.006088905262727571
1767222371.0593603,0.1548224114972928,0.1962906538527465,0.0,0.0,0.0,0.004766629676762167
1767222371.0697026,0.15488971264078957,0.196237551986949,0.0,0.0,0.0,0.0040768524043223444
1767222371.079832,0.15411894453656136,0.19684346782839096,0.0,0.0,0.0,0.01173699103672101
1767222371.0896325,0.15473767778908065,0.19635745711384844,0.0,0.0,0.0,0.00559640839866704
1767222371.0988257,0.15473767778908065,0.19635745711384844,0.0,0.0,0.0,0.00559640839866704
1767222371.109812,0.15473724381455384,0.1963577991026844,0.0,0.0,0.0,0.005568731628059092
1767222371.118584,0.15473724381455384,0.1963577991026844,0.0,0.0,0.0,0.005568731628059092
1767222371.1290667,0.15483807526411503,0.1962782981897886,0.0,0.0,0.0,0.004603895799006738
1767222371.1384614,0.1548706171697186,0.19625262247737374,0.0,0.0,0.0,0.004271073890553856
1767222371.1497643,0.1548390623075131,0.19627751953676767,0.0,0.0,0.0,0.00459843744627475
1767222371.159695,0.15487890835834905,0.1962460792920526,0.0,0.0,0.0,0.0042130094003134545
1767222371.169381,0.1549230639050348,0.19621122333355864,0.0,0.0,0.0,0.0037467909167218797
1767222371.1794071,0.1549230639050348,0.19621122333355864,0.0,0.0,0.0,0.0037467909167218797
1767222371.1902173,0.15492934178978962,0.1962062663228646,0.0,0.0,0.0,0.003657275402837246
1767222371.199132,0.15412240324388027,0.19684075977830182,0.0,0.0,0.0,0.0116774759322122
1767222371.2097018,0.15481894342178731,0.19629338921506603,0.0,0.0,0.0,0.004800279402108461
1767222371.2190285,0.15481894342178731,0.19629338921506603,0.0,0.0,0.0,0.004800279402108461
1767222371.2304113,0.15489279697951025,0.19623511748828057,0.0,0.0,0.0,0.004044991965976338
1767222371.2390463,0.15489279697951025,0.19623511748828057,0.0,0.0,0.0,0.004044991965976338
1767222371.249973,0.1541348565198892,0.1968310084751957,0.0,0.0,0.0,0.011551220794576753
1767222371.2595952,0.1541348565198892,0.1968310084751957,0.0,0.0,0.0,0.011551220794576753
1767222371.269198,0.15395113716989417,0.1969747376083145,0.0,0.0,0.0,0.013404972890597777
1767222371.2802649,0.15409601114770421,0.1968614214114476,0.0,0.0,0.0,0.011957870181961847
1767222371.2890074,0.15409601114770421,0.1968614214114476,0.0,0.0,0.0,0.011957870181961847
1767222371.2997887,0.15488604936112774,0.19624044334712704,0.0,0.0,0.0,0.004093361424173138
1767222371.3100572,0.15493147273641078,0.19620458365569168,0.0,0.0,0.0,0.0036175624669850977
1767222371.3196845,0.154090792568785,0.1968655062150145,0.0,0.0,0.0,0.01199173844658532
1767222371.3292282,0.1546627969191668,0.19641644315310272,0.0,0.0,0.0,0.006362614225904506
1767222371.3394105,0.1548115426666915,0.19629922605281752,0.0,0.0,0.0,0.004881672594778972
1767222371.3483136,0.1548115426666915,0.19629922605281752,0.0,0.0,0.0,0.004881672594778972
1767222371.3594012,0.15418057554638223,0.19679519815268645,0.0,0.0,0.0,0.01109462315820348
1767222371.3690686,0.15474948834514976,0.19634814933858732,0.0,0.0,0.0,0.005446053373480044
1767222371.3783932,0.15474948834514976,0.19634814933858732,0.0,0.0,0.0,0.005446053373480044
1767222371.3885868,0.15410534582735652,0.19685411420440274,0.0,0.0,0.0,0.011828785219046555
1767222371.3984928,0.1546936057650452,0.19639217964874212,0.0,0.0,0.0,0.00604162838867513
1767222371.4097555,0.15483074649695733,0.19628407941290588,0.0,0.0,0.0,0.004676079774368106
1767222371.4196064,0.1549284619985208,0.19620696102470153,0.0,0.0,0.0,0.003657392973440058
1767222371.4298983,0.1549285364080117,0.19620690226963677,0.0,0.0,0.0,0.0036442468095692305
1767222371.4387698,0.1549285364080117,0.19620690226963677,0.0,0.0,0.0,0.0036442468095692305
1767222371.4500537,0.15471726365274896,0.19637354256513362,0.0,0.0,0.0,0.0058007000844689655
1767222371.4591591,0.15471726365274896,0.19637354256513362,0.0,0.0,0.0,0.0058007000844689655
1767222371.4690168,0.15481869180305224,0.19629358766950997,0.0,0.0,0.0,0.004829609131735191
1767222371.479686,0.1548480016143146,0.1962704671819703,0.0,0.0,0.0,0.0045503282130249555
1767222371.4891653,0.154917999183053,0.19621522219464896,0.0,0.0,0.0,0.003799211635732732
1767222371.4999928,0.15415907955142127,0.19681203744595455,0.0,0.0,0.0,0.011298030123415808
1767222371.5103548,0.15473782779968162,0.19635733889928977,0.0,0.0,0.0,0.005597697113702318
1767222371.518591,0.15473782779968162,0.19635733889928977,0.0,0.0,0.0,0.005597697113702318
1767222371.5296273,0.15408150045089622,0.19687277899844446,0.0,0.0,0.0,0.012104939447773279
1767222371.5387504,0.1546597139040099,0.19641887075050832,0.0,0.0,0.0,0.006428340213570373
1767222371.5483334,0.1541888829177316,0.19678868940147592,0.0,0.0,0.0,0.01098968181387451
1767222371.55868,0.1547852560142272,0.1963199541880146,0.0,0.0,0.0,0.005077061869966183
1767222371.5689845,0.1547852560142272,0.1963199541880146,0.0,0.0,0.0,0.005077061869966183
1767222371.5788448,0.15469091857564035,0.19639429625628138,0.0,0.0,0.0,0.006076518853106724
1767222371.588458,0.1547891704406868,0.19631686785923474,0.0,0.0,0.0,0.005114060870069866
1767222371.5984147,0.15486056608500479,0.1962605537636312,0.0,0.0,0.0,0.004389725910699928
1767222371.609435,0.15486056608500479,0.1962605537636312,0.0,0.0,0.0,0.004389725910699928
1767222371.6193032,0.15420607312074275,0.19677521923364716,0.0,0.0,0.0,0.01080342210342227
1767222371.6301472,0.15477509385045357,0.19632796595329471,0.0,0.0,0.0,0.005186674248597257
1767222371.6394403,0.15477509385045357,0.19632796595329471,0.0,0.0,0.0,0.005186674248597257
1767222371.6496706,0.15473713820689405,0.19635788232540058,0.0,0.0,0.0,0.005611602509750422
1767222371.659237,0.15484684190023987,0.19627138213529258,0.0,0.0,0.0,0.0045211360801095495
1767222371.6685824,0.15484684190023987,0.19627138213529258,0.0,0.0,0.0,0.0045211360801095495
1767222371.6796846,0.15483620607317303,0.19627977272414343,0.0,0.0,0.0,0.004597947046030611
1767222371.6896021,0.15488610467303812,0.19624039969126658,0.0,0.0,0.0,0.004094556491043327
1767222371.699547,0.15492794598798676,0.19620736847458084,0.0,0.0,0.0,0.0036826438309012664
1767222371.7096527,0.15485653757285356,0.19626373241820078,0.0,0.0,0.0,0.0044200639033680445
1767222371.7187881,0.15485653757285356,0.19626373241820078,0.0,0.0,0.0,0.0044200639033680445
1767222371.7297297,0.15468498067524222,0.19639897312683446,0.0,0.0,0.0,0.006128632940674248
1767222371.7395723,0.1540893309380986,0.1968666502554912,0.0,0.0,0.0,0.012030399992720323
1767222371.7497525,0.1547680396842962,0.1963335268976103,0.0,0.0,0.0,0.005262584980374369
1767222371.7598295,0.15416346030857908,0.19680860600454753,0.0,0.0,0.0,0.011247195385909797
1767222371.7688687,0.15416346030857908,0.19680860600454753,0.0,0.0,0.0,0.011247195385909797
1767222371.7787063,0.1547504548909929,0.1963473875629747,0.0,0.0,0.0,0.005460299733000993
1767222371.7887275,0.15481998038924233,0.196292571341989,0.0,0.0,0.0,0.004800036325568766
1767222371.800744,0.15482582141529508,0.19628796426387257,0.0,0.0,0.0,0.004754284026898796
1767222371.8096097,0.15482925174597323,0.1962852584774454,0.0,0.0,0.0,0.004699799068362847
1767222371.819424,0.1541226507406638,0.1968405659929893,0.0,0.0,0.0,0.011663819427571297
1767222371.82957,0.1547334287866501,0.19636080542639098,0.0,0.0,0.0,0.005587394977083843
1767222371.8394582,0.15486569067603354,0.19625651006580677,0.0,0.0,0.0,0.004311962942686856
1767222371.8498554,0.15484238269732983,0.19627490010796098,0.0,0.0,0.0,0.0045789376095810436
1767222371.859493,0.15486253382410958,0.19625900109129635,0.0,0.0,0.0,0.004379261528309456
1767222371.8696198,0.1548814012076959,0.19624411189056457,0.0,0.0,0.0,0.004184857844158321
1767222371.8795023,0.15489892948452308,0.19623027680845892,0.0,0.0,0.0,0.003958004699399074
1767222371.8897276,0.15495906375651586,0.19618279346436085,0.0,0.0,0.0,0.0033365714536083496
1767222371.898728,0.15495906375651586,0.19618279346436085,0.0,0.0,0.0,0.0033365714536083496
1767222371.9103286,0.15390963507764016,0.19700716769203216,0.0,0.0,0.0,0.013802511020996992
1767222371.919617,0.15387610430045554,0.1970333586403157,0.0,0.0,0.0,0.014183956602081504
1767222371.92918,0.15462255195162009,0.19644812628208833,0.0,0.0,0.0,0.0067728238719216285
1767222371.9401371,0.15478088344159463,0.1963234015924085,0.0,0.0,0.0,0.005187383099522112
1767222371.9495118,0.1549303744437173,0.1962054509092589,0.0,0.0,0.0,0.003632072142680864
1767222371.9618149,0.15415506438609797,0.19681518238156076,0.0,0.0,0.0,0.011296055804802913
1767222371.969876,0.15395728367538222,0.19696993347987388,0.0,0.0,0.0,0.013318843821770758
1767222371.9797747,0.1538420018204164,0.197059986723979,0.0,0.0,0.0,0.014533725302210294
1767222371.9892492,0.1538420018204164,0.197059986723979,0.0,0.0,0.0,0.014533725302210294
1767222371.9988387,0.15462725310085632,0.19644442595873624,0.0,0.0,0.0,0.006741201966667069
1767222372.009467,0.1541858460723544,0.196791068808321,0.0,0.0,0.0,0.01101189565404851
1767222372.0197532,0.1548011310010702,0.19630743677345144,0.0,0.0,0.0,0.004906978095776715
1767222372.0297902,0.15409710049661693,0.19686056870359844,0.0,0.0,0.0,0.011916166915154954
1767222372.0387063,0.15409710049661693,0.19686056870359844,0.0,0.0,0.0,0.011916166915154954
1767222372.049521,0.15462110174342997,0.19644926771923132,0.0,0.0,0.0,0.006823308959304572
1767222372.0587466,0.15462110174342997,0.19644926771923132,0.0,0.0,0.0,0.006823308959304572
1767222372.0689602,0.15481829158602567,0.19629390332396965,0.0,0.0,0.0,0.00482140837413135
1767222372.079796,0.15403056953376681,0.19691262920612862,0.0,0.0,0.0,0.01255306736015729
1767222372.0900135,0.1539603676555334,0.19696752291466785,0.0,0.0,0.0,0.013262134835179299
1767222372.0987575,0.1539603676555334,0.19696752291466785,0.0,0.0,0.0,0.013262134835179299
1767222372.1085658,0.15390464606838894,0.1970110651976969,0.0,0.0,0.0,0.013859294140899462
1767222372.1187556,0.15391334109122873,0.19700427235443974,0.0,0.0,0.0,0.013804563409881785
1767222372.1289477,0.15469985409951154,0.19638725781823108,0.0,0.0,0.0,0.006006887822864998
1767222372.138687,0.15486996521456647,0.19625313695891172,0.0,0.0,0.0,0.004279276121103207
1767222372.1498187,0.1541546075213519,0.19681554021902772,0.0,0.0,0.0,0.011335969500354223
1767222372.1587071,0.1541546075213519,0.19681554021902772,0.0,0.0,0.0,0.011335969500354223
1767222372.1710777,0.1546800304446928,0.19640287185630204,0.0,0.0,0.0,0.006159186497861398
1767222372.1787806,0.1548440113408004,0.19627361525091816,0.0,0.0,0.0,0.0045448133987574125
1767222372.1892827,0.1548205381237919,0.19629213144401697,0.0,0.0,0.0,0.004806835151676073
1767222372.1991653,0.15483108629490994,0.19628381137657372,0.0,0.0,0.0,0.004698172124495318
1767222372.2095666,0.15489162375643084,0.19623604353398505,0.0,0.0,0.0,0.004027116663454581
1767222372.2198734,0.15487110590846564,0.19625223679353201,0.0,0.0,0.0,0.00426463507543444
1767222372.2299073,0.15485143035492843,0.19626776202119736,0.0,0.0,0.0,0.004476892557271182
1767222372.2400036,0.15484792985413734,0.1962705237972963,0.0,0.0,0.0,0.004516522474950784
1767222372.2489018,0.15484792985413734,0.1962705237972963,0.0,0.0,0.0,0.004516522474950784
1767222372.259847,0.15470891833110245,0.19638011732503732,0.0,0.0,0.0,0.005874324600933706
1767222372.2699075,0.15486911586917843,0.19625380720300686,0.0,0.0,0.0,0.004247715370108204
1767222372.278576,0.15486911586917843,0.19625380720300686,0.0,0.0,0.0,0.004247715370108204
1767222372.290111,0.15490562268943486,0.19622499318632655,0.0,0.0,0.0,0.00391166392758179
1767222372.299536,0.15490562268943486,0.19622499318632655,0.0,0.0,0.0,0.00391166392758179
1767222372.30898,0.15485280211569372,0.19626667972097064,0.0,0.0,0.0,0.004451833524697449
1767222372.3187814,0.1541017275262033,0.19685694670295478,0.0,0.0,0.0,0.011923505938761462
1767222372.3289096,0.15392632115378607,0.1969941307446222,0.0,0.0,0.0,0.013665347353353627
1767222372.3398073,0.1539752437739397,0.19695589403854505,0.0,0.0,0.0,0.013112003460662531
1767222372.3488443,0.1539752437739397,0.19695589403854505,0.0,0.0,0.0,0.013112003460662531
1767222372.359123,0.15469442299917321,0.19639153592944616,0.0,0.0,0.0,0.00601406526992972
1767222372.3687954,0.15484787087770782,0.1962705703268211,0.0,0.0,0.0,0.004522783298115269
1767222372.3805263,0.1541109066209424,0.19684976086406736,0.0,0.0,0.0,0.011812529982777799
1767222372.390499,0.15469560121508694,0.1963906078621815,0.0,0.0,0.0,0.006039394165148539
1767222372.398954,0.15469560121508694,0.1963906078621815,0.0,0.0,0.0,0.006039394165148539
1767222372.4099312,0.15496580500831425,0.19617746855819151,0.0,0.0,0.0,0.003277689534995095
1767222372.4188375,0.15496580500831425,0.19617746855819151,0.0,0.0,0.0,0.003277689534995095
1767222372.4285593,0.15417478861739434,0.19679973182540048,0.0,0.0,0.0,0.01114786189845956
1767222372.4389079,0.15472464237506459,0.19636772884993794,0.0,0.0,0.0,0.0057418004286034705
1767222372.448603,0.15482144762754257,0.19629141409212836,0.0,0.0,0.0,0.004770741844222047
1767222372.4596083,0.1548456331951869,0.1962723357280835,0.0,0.0,0.0,0.00454339780815798
1767222372.4694083,0.1548887826679389,0.1962382860081586,0.0,0.0,0.0,0.004082819965862676
1767222372.47962,0.1549313040239799,0.1962047168780719,0.0,0.0,0.0,0.0036340687321442977
1767222372.4913704,0.1549313040239799,0.1962047168780719,0.0,0.0,0.0,0.0036340687321442977
1767222372.4996614,0.15408889386565375,0.19686699235531802,0.0,0.0,0.0,0.012027451192572236
1767222372.5090716,0.15408889386565375,0.19686699235531802,0.0,0.0,0.0,0.012027451192572236
1767222372.518707,0.15397275984212597,0.19695783588973717,0.0,0.0,0.0,0.013176886462893845
1767222372.530187,0.15472774012393897,0.19636528799131575,0.0,0.0,0.0,0.005704885056605423
1767222372.5387414,0.15472774012393897,0.19636528799131575,0.0,0.0,0.0,0.005704885056605423
1767222372.5493553,0.1549036708530483,0.19622653400604625,0.0,0.0,0.0,0.003920152404826232
1767222372.5586622,0.15494802749895917,0.19619151017808362,0.0,0.0,0.0,0.0034599095136091007
1767222372.5711954,0.15492289233330792,0.19621135880182436,0.0,0.0,0.0,0.003736719851055853
1767222372.5787716,0.15484494630832701,0.19627287763353146,0.0,0.0,0.0,0.00454779385042249
1767222372.58995,0.1548863287560065,0.1962402228297307,0.0,0.0,0.0,0.00414352155774535
1767222372.600156,0.1548863287560065,0.1962402228297307,0.0,0.0,0.0,0.00414352155774535
1767222372.608704,0.15492721394915285,0.19620794649995382,0.0,0.0,0.0,0.003691039139533569
1767222372.6188354,0.15417311565737116,0.1968010424267805,0.0,0.0,0.0,0.011133573363241993
1767222372.6306698,0.1547544366634231,0.19634424927856006,0.0,0.0,0.0,0.005395167504491602
1767222372.6397035,0.15478885497769782,0.19631711659065446,0.0,0.0,0.0,0.005109865811216739
1767222372.6485763,0.15485861257438494,0.19626209517711965,0.0,0.0,0.0,0.004431517812013484
1767222372.659737,0.15414124268776472,0.19682600741375736,0.0,0.0,0.0,0.011518514344238714
1767222372.6703246,0.15473872077077594,0.19635663519728147,0.0,0.0,0.0,0.00555703248999432
1767222372.6788495,0.15473872077077594,0.19635663519728147,0.0,0.0,0.0,0.00555703248999432
1767222372.6891634,0.1541120409975106,0.19684887277134633,0.0,0.0,0.0,0.011757270716322092
1767222372.6996582,0.15472342299899036,0.1963686896306295,0.0,0.0,0.0,0.005721391470745688
1767222372.7090955,0.1548577777677455,0.19626275386993708,0.0,0.0,0.0,0.004429257416100033
1767222372.7187173,0.15482744674604343,0.19628668224277734,0.0,0.0,0.0,0.0047395661388531275
1767222372.7288704,0.15490227694710976,0.19622763436472612,0.0,0.0,0.0,0.0039587963928274985
1767222372.7387416,0.15413466151211813,0.19683116118214916,0.0,0.0,0.0,0.011590282992701883
1767222372.750244,0.15477608864420886,0.1963271817038424,0.0,0.0,0.0,0.0051751110282542544
1767222372.759153,0.15477608864420886,0.1963271817038424,0.0,0.0,0.0,0.0051751110282542544
1767222372.769853,0.15485508708831303,0.1962648768747141,0.0,0.0,0.0,0.004456612416191176
1767222372.7786572,0.15485508708831303,0.1962648768747141,0.0,0.0,0.0,0.004456612416191176
1767222372.788869,0.15412302836242914,0.19684027032130022,0.0,0.0,0.0,0.0116956886050145
1767222372.7994452,0.15393719268724437,0.1969856355152259,0.0,0.0,0.0,0.01352756707995988
1767222372.8086803,0.15393719268724437,0.1969856355152259,0.0,0.0,0.0,0.01352756707995988
1767222372.8200927,0.15470879653517874,0.1963802132762112,0.0,0.0,0.0,0.005859402462001793
1767222372.828451,0.15470879653517874,0.1963802132762112,0.0,0.0,0.0,0.005859402462001793
1767222372.8398454,0.15406619944428374,0.19688475329634864,0.0,0.0,0.0,0.012276806675524443
1767222372.8498833,0.15472174568446587,0.1963700112138464,0.0,0.0,0.0,0.005751028210202092
1767222372.8582706,0.15472174568446587,0.1963700112138464,0.0,0.0,0.0,0.005751028210202092
1767222372.86885,0.15408094039637554,0.19687321732103732,0.0,0.0,0.0,0.01210739961270114
1767222372.8800488,0.15486500076183676,0.19625705447400246,0.0,0.0,0.0,0.004298973472236411
1767222372.891071,0.15486500076183676,0.19625705447400246,0.0,0.0,0.0,0.004298973472236411
1767222372.9001973,0.15486563687635033,0.19625655251903723,0.0,0.0,0.0,0.004338186807055344
1767222372.9101822,0.15482985568514965,0.19628478209043954,0.0,0.0,0.0,0.0046906896009303286
1767222372.9208724,0.15485959392442894,0.19626132084885411,0.0,0.0,0.0,0.004385554589641433
1767222372.9303799,0.15417414333976906,0.1968002373403463,0.0,0.0,0.0,0.011176000742779423
1767222372.938964,0.15417414333976906,0.1968002373403463,0.0,0.0,0.0,0.011176000742779423
1767222372.9493194,0.15476728189534705,0.1963341242537828,0.0,0.0,0.0,0.005296211844298854
1767222372.9594045,0.15486931197926387,0.19625365244714252,0.0,0.0,0.0,0.004276109968991388
1767222372.9693556,0.15487852847907824,0.19624637909508535,0.0,0.0,0.0,0.00418034626422312
1767222372.978715,0.15481366262754256,0.19629755412541827,0.0,0.0,0.0,0.004864718966019096
1767222372.98893,0.15486409871314502,0.19625776627064,0.0,0.0,0.0,0.004359141016411335
1767222372.9990344,0.15489181593217377,0.19623589184705673,0.0,0.0,0.0,0.004047786592835047
1767222373.0087159,0.1549163976965531,0.1962164866072648,0.0,0.0,0.0,0.003787952240266267
1767222373.0194921,0.15486579661987915,0.19625642646564417,0.0,0.0,0.0,0.004338918738643153
1767222373.0301526,0.15396657371498548,0.19696267176862672,0.0,0.0,0.0,0.013238224724037935
1767222373.0388565,0.15396657371498548,0.19696267176862672,0.0,0.0,0.0,0.013238224724037935
1767222373.0493066,0.1546863771133908,0.19639787327592897,0.0,0.0,0.0,0.00611524405003419
1767222373.0587268,0.15486119526142383,0.19626005730656976,0.0,0.0,0.0,0.00435384148434015
1767222373.0698628,0.15471766556115496,0.1963732259119877,0.0,0.0,0.0,0.00578695910199401
1767222373.0790715,0.15471766556115496,0.1963732259119877,0.0,0.0,0.0,0.00578695910199401
1767222373.0901005,0.15410727519982406,0.19685260379851502,0.0,0.0,0.0,0.011865335510178586
1767222373.099252,0.15410727519982406,0.19685260379851502,0.0,0.0,0.0,0.011865335510178586
1767222373.1096501,0.1548545222227246,0.19626532255838694,0.0,0.0,0.0,0.0044379313944706905
1767222373.1197934,0.15493320820931117,0.19620321324011342,0.0,0.0,0.0,0.0036308818332085988
1767222373.1289957,0.15493320820931117,0.19620321324011342,0.0,0.0,0.0,0.0036308818332085988
1767222373.1397789,0.1540646913966917,0.19688593336399418,0.0,0.0,0.0,0.012271293206959261
1767222373.1486301,0.1540646913966917,0.19688593336399418,0.0,0.0,0.0,0.012271293206959261
1767222373.1598425,0.15482035937237648,0.19629227242961944,0.0,0.0,0.0,0.004766146324131051
1767222373.1695163,0.15490015192301815,0.1962293118420437,0.0,0.0,0.0,0.003965187263001822
1767222373.17862,0.15490015192301815,0.1962293118420437,0.0,0.0,0.0,0.003965187263001822
1767222373.1899316,0.15486559315783088,0.19625658701722284,0.0,0.0,0.0,0.004328331572447102
1767222373.198638,0.15486559315783088,0.19625658701722284,0.0,0.0,0.0,0.004328331572447102
1767222373.2097626,0.1539418655486219,0.1969819837527722,0.0,0.0,0.0,0.013500137059782966
1767222373.2188184,0.1539418655486219,0.1969819837527722,0.0,0.0,0.0,0.013500137059782966
1767222373.2300744,0.15482235898020447,0.19629069527509627,0.0,0.0,0.0,0.004733220684282802
1767222373.2401145,0.15484819834294347,0.19627031197233955,0.0,0.0,0.0,0.004486282975454229
1767222373.2495446,0.15489251153572356,0.19623534279515248,0.0,0.0,0.0,0.004070282276709446
1767222373.2589977,0.15489251153572356,0.19623534279515248,0.0,0.0,0.0,0.004070282276709446
1767222373.269628,0.15486500751472948,0.19625704914534614,0.0,0.0,0.0,0.004338396268898655
1767222373.2794847,0.15486970107809528,0.1962533453976176,0.0,0.0,0.0,0.004290401997360935
1767222373.2905228,0.15486970107809528,0.1962533453976176,0.0,0.0,0.0,0.004290401997360935
1767222373.2994354,0.1541581992252518,0.19681272698531407,0.0,0.0,0.0,0.011304603042497814
1767222373.3094878,0.15469224075360127,0.19639325482919395,0.0,0.0,0.0,0.006042241885211524
1767222373.3195848,0.15482459353067646,0.19628893277471549,0.0,0.0,0.0,0.004740085599055973
1767222373.3295133,0.15485372279818205,0.19626595330652796,0.0,0.0,0.0,0.004457549408674543
1767222373.3400877,0.15485125284332446,0.1962679020742521,0.0,0.0,0.0,0.004468630810105237
1767222373.3499918,0.15490068912006122,0.1962288877864457,0.0,0.0,0.0,0.003967851914404478
1767222373.3585634,0.15490068912006122,0.1962288877864457,0.0,0.0,0.0,0.003967851914404478
1767222373.3695014,0.15486392680305763,0.1962579019222211,0.0,0.0,0.0,0.004323902527111631
1767222373.3794405,0.15409918772020884,0.19685893486387732,0.0,0.0,0.0,0.011942608213289225
1767222373.3885846,0.15409918772020884,0.19685893486387732,0.0,0.0,0.0,0.011942608213289225
1767222373.3994298,0.15473830630075097,0.1963569618194072,0.0,0.0,0.0,0.005555338854693783
1767222373.4097683,0.1548698744873148,0.1962532085548069,0.0,0.0,0.0,0.004248613056748545
1767222373.418399,0.1548698744873148,0.1962532085548069,0.0,0.0,0.0,0.004248613056748545
1767222373.4295564,0.15473911843018173,0.19635632182138607,0.0,0.0,0.0,0.005547360733968425
1767222373.4394078,0.15405688428361003,0.19689204223786042,0.0,0.0,0.0,0.012329471353077208
1767222373.4491494,0.15405688428361003,0.19689204223786042,0.0,0.0,0.0,0.012329471353077208
1767222373.4598317,0.15482612081834277,0.19628772810371886,0.0,0.0,0.0,0.004724644103688324
1767222373.469795,0.15490767937805713,0.1962233695599976,0.0,0.0,0.0,0.00389756171389803
1767222373.4797761,0.15490989150710832,0.19622162318417058,0.0,0.0,0.0,0.003865870218743548
1767222373.4895616,0.15411817593201874,0.19684406960626452,0.0,0.0,0.0,0.011738494322165073
1767222373.4996386,0.15467939268221167,0.19640337413404324,0.0,0.0,0.0,0.006206132150696196
1767222373.5105095,0.15480309350805077,0.1963058891936609,0.0,0.0,0.0,0.004967718385700697
1767222373.519864,0.15410737809125147,0.19685252324928115,0.0,0.0,0.0,0.011883959313212445
1767222373.5295358,0.15410737809125147,0.19685252324928115,0.0,0.0,0.0,0.011883959313212445
1767222373.5394962,0.15492529470415692,0.19620946193444663,0.0,0.0,0.0,0.003684651260429897
1767222373.5495303,0.1548825799559607,0.19624318158336174,0.0,0.0,0.0,0.004125709882001
1767222373.5594554,0.1548825799559607,0.19624318158336174,0.0,0.0,0.0,0.004125709882001
1767222373.5701902,0.1548819972127708,0.1962436415050428,0.0,0.0,0.0,0.004166333134747992
1767222373.5785205,0.1548819972127708,0.1962436415050428,0.0,0.0,0.0,0.004166333134747992
1767222373.589999,0.1548822019288566,0.1962434799361365,0.0,0.0,0.0,0.004148196670148247
1767222373.599521,0.15489908625980017,0.19623015305414773,0.0,0.0,0.0,0.003955310562736584
1767222373.6093643,0.15489908625980017,0.19623015305414773,0.0,0.0,0.0,0.003955310562736584
1767222373.6187239,0.15411683087931863,0.19684512270179275,0.0,0.0,0.0,0.011724998887000166
1767222373.62853,0.15395113052847004,0.19697474279910535,0.0,0.0,0.0,0.013389059535949398
1767222373.6393723,0.1548484707456507,0.19627009705889722,0.0,0.0,0.0,0.0045009087601375515
1767222373.649355,0.15490336233470095,0.19622677755388082,0.0,0.0,0.0,0.003946435759983726
1767222373.6594005,0.15490300190039788,0.196227062083753,0.0,0.0,0.0,0.003945741721581619
1767222373.6685202,0.15490300190039788,0.196227062083753,0.0,0.0,0.0,0.003945741721581619
1767222373.6787524,0.1541602180554977,0.19681114567231717,0.0,0.0,0.0,0.011297326493755058
1767222373.6914823,0.1547509821038528,0.19634697204099422,0.0,0.0,0.0,0.005446339342198154
1767222373.699423,0.15413190457741194,0.19683332005305276,0.0,0.0,0.0,0.011610171047990763
1767222373.7096732,0.15413190457741194,0.19683332005305276,0.0,0.0,0.0,0.011610171047990763
1767222373.7193143,0.15471217326849868,0.1963775530306653,0.0,0.0,0.0,0.005829273993581084
1767222373.7286537,0.15471217326849868,0.1963775530306653,0.0,0.0,0.0,0.005829273993581084
1767222373.7396412,0.1539744472039355,0.1969565167746676,0.0,0.0,0.0,0.013154857258218319
1767222373.7497368,0.15470377317584824,0.19638417058645552,0.0,0.0,0.0,0.005949251450983218
1767222373.75935,0.15480719556690786,0.1963026543184882,0.0,0.0,0.0,0.00494725354266703
1767222373.769886,0.1541396669439809,0.1968272414229473,0.0,0.0,0.0,0.01153050224059528
1767222373.7794602,0.15405422703442873,0.1968941213561021,0.0,0.0,0.0,0.012326332323800567
1767222373.7896338,0.15397467680421267,0.19695633728013193,0.0,0.0,0.0,0.013144018813249638
1767222373.7985752,0.15397467680421267,0.19695633728013193,0.0,0.0,0.0,0.013144018813249638
1767222373.8095558,0.15467134093211987,0.1964097151009429,0.0,0.0,0.0,0.0062403773348380775
1767222373.818904,0.15467134093211987,0.1964097151009429,0.0,0.0,0.0,0.0062403773348380775
1767222373.82957,0.15490212689392116,0.19622775281675847,0.0,0.0,0.0,0.0039606701076041265
1767222373.8395698,0.15416355650504704,0.19680853065221518,0.0,0.0,0.0,0.011257371605030257
1767222373.8493876,0.15475278383138982,0.19634555199497125,0.0,0.0,0.0,0.00541597141154437
1767222373.8590834,0.15414048357795795,0.19682660189649592,0.0,0.0,0.0,0.011508618402181491
1767222373.8694694,0.15469472527917916,0.1963912978280196,0.0,0.0,0.0,0.006040928900880831
1767222373.8785753,0.15469472527917916,0.1963912978280196,0.0,0.0,0.0,0.006040928900880831
1767222373.8893008,0.15394715222451402,0.1969778520893399,0.0,0.0,0.0,0.01343708500514677
1767222373.899309,0.15396011467300671,0.1969677206590988,0.0,0.0,0.0,0.01330557527186172
1767222373.9084992,0.15396011467300671,0.1969677206590988,0.0,0.0,0.0,0.01330557527186172
1767222373.9193902,0.1541238336661884,0.19683963977767627,0.0,0.0,0.0,0.011667513019010315
1767222373.9297388,0.15472756184927577,0.19636542846425942,0.0,0.0,0.0,0.005708550147535501
1767222373.9386325,0.15472756184927577,0.19636542846425942,0.0,0.0,0.0,0.005708550147535501
1767222373.9484532,0.15487525430344384,0.19624896304494935,0.0,0.0,0.0,0.004220153796247698
1767222373.9596603,0.1547549422477418,0.1963438507865018,0.0,0.0,0.0,0.005410888326403117
1767222373.968975,0.1547549422477418,0.1963438507865018,0.0,0.0,0.0,0.005410888326403117
1767222373.9786,0.1548403812226183,0.19627647906616125,0.0,0.0,0.0,0.004595252798937349
1767222373.9892652,0.154722914073371,0.19636909062379848,0.0,0.0,0.0,0.0057643227168705504
1767222373.9986086,0.154722914073371,0.19636909062379848,0.0,0.0,0.0,0.0057643227168705504
1767222374.0107431,0.1548140739262254,0.19629722974647554,0.0,0.0,0.0,0.004859980059233625
1767222374.0195177,0.15410848852285494,0.19685165393506263,0.0,0.0,0.0,0.011810917602629093
1767222374.028541,0.15410848852285494,0.19685165393506263,0.0,0.0,0.0,0.011810917602629093
1767222374.0395777,0.15482444703391351,0.19628904832521352,0.0,0.0,0.0,0.004767353646461321
1767222374.049482,0.15489397302641092,0.19623418920226415,0.0,0.0,0.0,0.004059987965643757
1767222374.0595174,0.15488989426822627,0.1962374086288163,0.0,0.0,0.0,0.004098362293975555
1767222374.070047,0.15486717665748237,0.19625533747115106,0.0,0.0,0.0,0.0043090366347111764
1767222374.0791447,0.15415523273913365,0.1968150505192951,0.0,0.0,0.0,0.011349802467027513
1767222374.0892935,0.15399671477231477,0.19693910665762185,0.0,0.0,0.0,0.012922038268024337
1767222374.0992203,0.15467018532782872,0.1964106251261079,0.0,0.0,0.0,0.0062880836180006575
1767222374.1104019,0.15480427307372796,0.19630495900483652,0.0,0.0,0.0,0.004963047718231707
1767222374.1186106,0.15480427307372796,0.19630495900483652,0.0,0.0,0.0,0.004963047718231707
1767222374.1295335,0.1547149445382669,0.1963753697088701,0.0,0.0,0.0,0.005824745099956839
1767222374.1393938,0.15408372010994512,0.1968710417731576,0.0,0.0,0.0,0.012077486387422148
1767222374.1497748,0.15476981327114117,0.19633212878128248,0.0,0.0,0.0,0.005256890024142509
1767222374.1595967,0.1541001474005971,0.19685818363198054,0.0,0.0,0.0,0.011933097024852563
1767222374.1691763,0.1546996091404328,0.1963874507792464,0.0,0.0,0.0,0.006006135491343282
1767222374.1795127,0.1548527849615713,0.19626669325542992,0.0,0.0,0.0,0.004458621286283225
1767222374.1889129,0.15411800659317446,0.19684420218923107,0.0,0.0,0.0,0.011725448575137841
1767222374.1997638,0.15472415900891365,0.19636810970918633,0.0,0.0,0.0,0.005727814495029588
1767222374.208705,0.15472415900891365,0.19636810970918633,0.0,0.0,0.0,0.005727814495029588
1767222374.2187083,0.15486046703056092,0.1962606319230953,0.0,0.0,0.0,0.004368345581669479
1767222374.2285175,0.1549136199648768,0.19621867964379286,0.0,0.0,0.0,0.003826154048444897
1767222374.2384617,0.15486638826866078,0.19625595959459666,0.0,0.0,0.0,0.004323417267855538
1767222374.2497272,0.1541057329657499,0.19685381113622985,0.0,0.0,0.0,0.011875424168738895
1767222374.259796,0.15475440681957808,0.19634427280085204,0.0,0.0,0.0,0.0054172268898549985
1767222374.269515,0.15410704212549706,0.19685278626196648,0.0,0.0,0.0,0.011842754067248634
1767222374.280127,0.15472715519431135,0.19636574889030367,0.0,0.0,0.0,0.005694574991768249
1767222374.290119,0.1548437210102189,0.19627384429792105,0.0,0.0,0.0,0.004544021677705353
1767222374.2994428,0.15482972776981707,0.196284882990261,0.0,0.0,0.0,0.0047061046888556
1767222374.309982,0.1548606116055911,0.19626051784533166,0.0,0.0,0.0,0.004401214672242425
1767222374.3193088,0.15489907650013868,0.196230160758176,0.0,0.0,0.0,0.003995453541409665
1767222374.3297496,0.15487813654280694,0.19624668841232293,0.0,0.0,0.0,0.004174175754809971
1767222374.3385363,0.15487813654280694,0.19624668841232293,0.0,0.0,0.0,0.004174175754809971
1767222374.3484957,0.1541090602080869,0.19685120638073075,0.0,0.0,0.0,0.011836258076699977
1767222374.3589048,0.15473907234065246,0.1963563581423524,0.0,0.0,0.0,0.005576444615545644
1767222374.369563,0.15397243749722545,0.196958087884023,0.0,0.0,0.0,0.01319695655384318
1767222374.379343,0.15466472616860272,0.19641492400264435,0.0,0.0,0.0,0.006360434400373544
1767222374.3894439,0.15484424251818357,0.1962734328704351,0.0,0.0,0.0,0.00455068919273593
1767222374.3996756,0.15414389754382513,0.19682392827542056,0.0,0.0,0.0,0.011469591463203628
1767222374.4104557,0.15414389754382513,0.19682392827542056,0.0,0.0,0.0,0.011469591463203628
1767222374.4193559,0.1539466289261814,0.1969782610696717,0.0,0.0,0.0,0.013453891992914512
1767222374.4296722,0.15468445810992043,0.19639938470121235,0.0,0.0,0.0,0.006112879257553092
1767222374.4387603,0.15468445810992043,0.19639938470121235,0.0,0.0,0.0,0.006112879257553092
1767222374.450082,0.15489452351525454,0.1962337546824128,0.0,0.0,0.0,0.004051619791448607
1767222374.459541,0.15490004042033365,0.19622939986035293,0.0,0.0,0.0,0.003972884825755587
1767222374.4698267,0.15489084501799238,0.19623665819970298,0.0,0.0,0.0,0.004060279493087879
1767222374.4786031,0.15489084501799238,0.19623665819970298,0.0,0.0,0.0,0.004060279493087879
1767222374.4896066,0.15472623824328072,0.19636647140196287,0.0,0.0,0.0,0.005704235794980622
1767222374.4985132,0.15472623824328072,0.19636647140196287,0.0,0.0,0.0,0.005704235794980622
1767222374.5096302,0.15464063657436433,0.1964338906900993,0.0,0.0,0.0,0.006592020939953506
1767222374.5192134,0.15483011217186424,0.19628457977289937,0.0,0.0,0.0,0.004717139465737447
1767222374.5294724,0.15485888635353004,0.19626187915415594,0.0,0.0,0.0,0.00440414642619071
1767222374.539344,0.15484403750927003,0.19627359460611174,0.0,0.0,0.0,0.004542457621865625
1767222374.5487382,0.15484403750927003,0.19627359460611174,0.0,0.0,0.0,0.004542457621865625
1767222374.559547,0.15396283272933103,0.19696559605608266,0.0,0.0,0.0,0.013272120469454807
1767222374.569506,0.15395426588649969,0.19697229223196888,0.0,0.0,0.0,0.013358517525178509
1767222374.5793734,0.15469212131177976,0.19639334890936336,0.0,0.0,0.0,0.006080523964945901
1767222374.5896463,0.15413386514058902,0.19683178480263547,0.0,0.0,0.0,0.0115981096544596
1767222374.5997808,0.15405268203152278,0.19689533019008137,0.0,0.0,0.0,0.012350029710428007
1767222374.6094954,0.15401103442913233,0.19692790854989475,0.0,0.0,0.0,0.012778704899700408
1767222374.6193056,0.15468969967315413,0.19639525632459418,0.0,0.0,0.0,0.006085127388436046
1767222374.629138,0.15468969967315413,0.19639525632459418,0.0,0.0,0.0,0.006085127388436046
1767222374.6393049,0.15486978744794266,0.19625327724041847,0.0,0.0,0.0,0.0043112240567663215
1767222374.6496525,0.15409917448909602,0.19685894522105996,0.0,0.0,0.0,0.011980161396794973
1767222374.6592,0.15398429426094054,0.19694881825674193,0.0,0.0,0.0,0.013062351315964407
1767222374.6695697,0.15396269638604673,0.19696570263196797,0.0,0.0,0.0,0.013245439032168668
1767222374.6794033,0.15396269638604673,0.19696570263196797,0.0,0.0,0.0,0.013245439032168668
1767222374.68966,0.15484283691215278,0.19627454177445333,0.0,0.0,0.0,0.0045820906564299204
1767222374.700015,0.154867078554975,0.196255414884845,0.0,0.0,0.0,0.004325100998074701
1767222374.7093246,0.15413714180393182,0.1968292188885678,0.0,0.0,0.0,0.0115465194964573
1767222374.7194734,0.1547255638670283,0.19636700277236943,0.0,0.0,0.0,0.005712681456072442
1767222374.729336,0.15491450756025088,0.1962179788886312,0.0,0.0,0.0,0.0037978528075242064
1767222374.7397084,0.15416016603142438,0.19681118642224352,0.0,0.0,0.0,0.011294989772508097
1767222374.7485511,0.15416016603142438,0.19681118642224352,0.0,0.0,0.0,0.011294989772508097
1767222374.758451,0.1547009796570449,0.19638637117917432,0.0,0.0,0.0,0.005992659820255969
1767222374.7684124,0.15484034081947992,0.19627651093975165,0.0,0.0,0.0,0.004619686404984151
1767222374.7793412,0.15476542060997164,0.1963355914631685,0.0,0.0,0.0,0.005318688803151792
1767222374.7894156,0.15487218658220234,0.19625138398243835,0.0,0.0,0.0,0.0042459825169028935
1767222374.799328,0.15487104510121816,0.19625228477913878,0.0,0.0,0.0,0.0042571609193874866
1767222374.8106205,0.15487104510121816,0.19625228477913878,0.0,0.0,0.0,0.0042571609193874866
1767222374.8195522,0.15393474057556938,0.19698755172776722,0.0,0.0,0.0,0.013585496447046928
1767222374.8293629,0.15393474057556938,0.19698755172776722,0.0,0.0,0.0,0.013585496447046928
1767222374.8397112,0.1541147872350516,0.19684672272421241,0.0,0.0,0.0,0.01174620436646225
1767222374.849678,0.1540068206042929,0.1969312039752067,0.0,0.0,0.0,0.012799844385773359
1767222374.8585124,0.1540068206042929,0.1969312039752067,0.0,0.0,0.0,0.012799844385773359
1767222374.869521,0.15488335008133633,0.1962425737686822,0.0,0.0,0.0,0.004122300624717173
1767222374.8792944,0.15489089342554724,0.19623661999130285,0.0,0.0,0.0,0.004080587458381631
1767222374.8894346,0.15410046809433434,0.19685793259321738,0.0,0.0,0.0,0.011949520811839762
1767222374.8994455,0.154695934449001,0.19639034537554204,0.0,0.0,0.0,0.006019666234104673
1767222374.9093242,0.15415119877018063,0.19681821005558514,0.0,0.0,0.0,0.011370075816843812
1767222374.9195755,0.15478263053769808,0.19632202417355868,0.0,0.0,0.0,0.00512532248524066
1767222374.929579,0.1549022106181481,0.19622768672484783,0.0,0.0,0.0,0.003955743025478854
1767222374.9394343,0.1541374763395056,0.19682895691299487,0.0,0.0,0.0,0.011550895062248056
1767222374.949644,0.15466660081297695,0.19641344782049475,0.0,0.0,0.0,0.006334573284208293
1767222374.959179,0.15403959473419881,0.19690556910837487,0.0,0.0,0.0,0.012547316091122569
1767222374.96843,0.15403959473419881,0.19690556910837487,0.0,0.0,0.0,0.012547316091122569
1767222374.9786665,0.15472593206086457,0.19636671265688188,0.0,0.0,0.0,0.005683121145427984
1767222374.9903936,0.15477307794052025,0.19632955517851217,0.0,0.0,0.0,0.005213169787603413
1767222374.998621,0.15477307794052025,0.19632955517851217,0.0,0.0,0.0,0.005213169787603413
1767222375.0094073,0.15486127521512305,0.19625999421818635,0.0,0.0,0.0,0.004382148148171714
1767222375.01955,0.1540789812476981,0.196874750614294,0.0,0.0,0.0,0.012157502315965858
1767222375.0301852,0.15393937868201707,0.19698392721935917,0.0,0.0,0.0,0.01354089026178263
1767222375.03937,0.1547214533316615,0.1963702415609669,0.0,0.0,0.0,0.00572691119597451
1767222375.0495927,0.15494922236378061,0.19619056649246386,0.0,0.0,0.0,0.0034319174947840393
1767222375.059311,0.15489022080345444,0.19623715089460492,0.0,0.0,0.0,0.004075042381681463
1767222375.0697386,0.1548582614656402,0.19626237221539677,0.0,0.0,0.0,0.004414311305930726
1767222375.0785277,0.1548582614656402,0.19626237221539677,0.0,0.0,0.0,0.004414311305930726
1767222375.0892818,0.15473678007457434,0.19635816454613486,0.0,0.0,0.0,0.005621678006983335
1767222375.1013365,0.15490098425034346,0.19622865481384236,0.0,0.0,0.0,0.003963498295064803
1767222375.1114848,0.15498706052860786,0.1961606763866719,0.0,0.0,0.0,0.003079389849146096
1767222375.1196356,0.1549254493838517,0.19620933980059999,0.0,0.0,0.0,0.003679771002987006
1767222375.1296985,0.1549254493838517,0.19620933980059999,0.0,0.0,0.0,0.003679771002987006
1767222375.139244,0.15394959367145186,0.19697594396312113,0.0,0.0,0.0,0.013429168235166457
1767222375.1498418,0.15390337522309228,0.19701205797287677,0.0,0.0,0.0,0.013876241456716537
1767222375.1597643,0.15395048460973126,0.1969752476332885,0.0,0.0,0.0,0.013414705906714062
1767222375.169511,0.15400650850470732,0.1969314480471727,0.0,0.0,0.0,0.012828135333164308
1767222375.1803203,0.15470868159919887,0.19638030382299504,0.0,0.0,0.0,0.005857143665929508
1767222375.189889,0.15470868159919887,0.19638030382299504,0.0,0.0,0.0,0.005857143665929508
1767222375.1982796,0.15410767806268036,0.1968522884141745,0.0,0.0,0.0,0.011835987459782347
1767222375.2103443,0.1547016113610243,0.19638587356038914,0.0,0.0,0.0,0.005978483119888124
1767222375.2192898,0.15474083002075698,0.19635497298581803,0.0,0.0,0.0,0.005558093040955637
1767222375.2294385,0.1548670261230303,0.19625545625939536,0.0,0.0,0.0,0.004314723311296429
1767222375.2396495,0.1548670261230303,0.19625545625939536,0.0,0.0,0.0,0.004314723311296429
1767222375.2494106,0.15399945098409584,0.19693696704368202,0.0,0.0,0.0,0.012877496153536594
1767222375.2594523,0.15394929474267405,0.19697617759516078,0.0,0.0,0.0,0.01342197768851164
1767222375.2695894,0.15466629262226023,0.1964136905061845,0.0,0.0,0.0,0.0063572745873385446
1767222375.279306,0.1548203761147254,0.1962922592245318,0.0,0.0,0.0,0.004791686600392314
1767222375.289754,0.15485867417438257,0.19626204657225088,0.0,0.0,0.0,0.004397254680806926
1767222375.2991676,0.15484109305469942,0.19627591750747658,0.0,0.0,0.0,0.004578010327859523
1767222375.3091886,0.15415539396619785,0.19681492423822017,0.0,0.0,0.0,0.011357864511567565
1767222375.3185587,0.15415539396619785,0.19681492423822017,0.0,0.0,0.0,0.011357864511567565
1767222375.3294632,0.15468066122278287,0.19640237507590616,0.0,0.0,0.0,0.0061822720094844436
1767222375.3394737,0.154855691535212,0.19626439995813463,0.0,0.0,0.0,0.0044650114783344715
1767222375.3491366,0.15486557205598198,0.19625660366863892,0.0,0.0,0.0,0.0043448832534543815
1767222375.3590636,0.15491070036076784,0.19622098462068996,0.0,0.0,0.0,0.0038737167943749596
1767222375.3694384,0.15410015070857674,0.19685818104250244,0.0,0.0,0.0,0.011929237541032608
1767222375.3794491,0.15472561885774677,0.19636695944293192,0.0,0.0,0.0,0.005691243093300171
1767222375.3896847,0.15409320768174048,0.1968636158311639,0.0,0.0,0.0,0.011969301779404876
1767222375.3985364,0.15409320768174048,0.1968636158311639,0.0,0.0,0.0,0.011969301779404876
1767222375.4095929,0.15486264299953165,0.1962589149439441,0.0,0.0,0.0,0.004386537193740216
1767222375.4199686,0.15412102993734475,0.19684183504230185,0.0,0.0,0.0,0.011738481669613344
1767222375.4299307,0.15471514772895198,0.1963752096242891,0.0,0.0,0.0,0.005831190250308407
1767222375.4391751,0.15410938998440923,0.19685094820803306,0.0,0.0,0.0,0.011849470459135958
1767222375.449486,0.15410938998440923,0.19685094820803306,0.0,0.0,0.0,0.011849470459135958
1767222375.4592168,0.15472823861977716,0.19636489519615047,0.0,0.0,0.0,0.005675551464183387
1767222375.4698484,0.15484718666393407,0.1962711101360543,0.0,0.0,0.0,0.004534979835500986
1767222375.4792788,0.15487184381639327,0.1962516544763023,0.0,0.0,0.0,0.004290512403461247
1767222375.4892278,0.1548472300223407,0.1962710759286347,0.0,0.0,0.0,0.004515629520355584
1767222375.4993782,0.15487130948898525,0.19625207613919154,0.0,0.0,0.0,0.004274431319030005
1767222375.5107129,0.15490295530475046,0.19622709886667056,0.0,0.0,0.0,0.0039313427324503885
1767222375.5188632,0.15490295530475046,0.19622709886667056,0.0,0.0,0.0,0.0039313427324503885
1767222375.5312037,0.1549467282384674,0.19619253630036523,0.0,0.0,0.0,0.003491868536418748
1767222375.5384352,0.15419308098522225,0.19678540003784267,0.0,0.0,0.0,0.010975581993482687
1767222375.5491238,0.1548112529825165,0.19629945451212982,0.0,0.0,0.0,0.004900014749399377
1767222375.5591204,0.154858640381682,0.1962620732360497,0.0,0.0,0.0,0.004425370799226814
1767222375.5691648,0.15488146115174478,0.19624406458101132,0.0,0.0,0.0,0.004164074228072646
1767222375.5790668,0.15492996955074823,0.1962057706255852,0.0,0.0,0.0,0.0036587626830919427
1767222375.5891995,0.1541938362841595,0.1967848082138014,0.0,0.0,0.0,0.010941353021147298
1767222375.5984282,0.1541938362841595,0.1967848082138014,0.0,0.0,0.0,0.010941353021147298
1767222375.60894,0.1539478477483062,0.1969773085038798,0.0,0.0,0.0,0.013442570945988616
1767222375.6194317,0.1539213292954408,0.19699803115689163,0.0,0.0,0.0,0.013723363508593552
1767222375.629122,0.15470663160523232,0.19638191879380545,0.0,0.0,0.0,0.0059177369044156975
1767222375.6395,0.15486874342663182,0.196254101106782,0.0,0.0,0.0,0.004270722387837659
1767222375.6491046,0.15488979908307163,0.19623748375827896,0.0,0.0,0.0,0.004050924714254695
1767222375.6592078,0.15488711253423695,0.19623960421531125,0.0,0.0,0.0,0.004110424478565451
1767222375.669185,0.15406976650602672,0.19688196194813695,0.0,0.0,0.0,0.012251640104273058
1767222375.6790771,0.1546561874833755,0.1964216473937689,0.0,0.0,0.0,0.006465837200256537
1767222375.6896343,0.15482155171837625,0.19629133199224605,0.0,0.0,0.0,0.004780980158701186
1767222375.6994066,0.15493603648541104,0.19620097983946588,0.0,0.0,0.0,0.0035867766361959643
1767222375.7105715,0.1548682500143745,0.19625449046903504,0.0,0.0,0.0,0.004276112035873433
1767222375.7183948,0.1548682500143745,0.19625449046903504,0.0,0.0,0.0,0.004276112035873433
1767222375.729854,0.1538851228994895,0.19702631510023572,0.0,0.0,0.0,0.014076343412079736
1767222375.7393308,0.15465343124476374,0.19642381753747523,0.0,0.0,0.0,0.006489565407387324
1767222375.7493587,0.15479959928337444,0.19630864462239656,0.0,0.0,0.0,0.005027139151905889
1767222375.759598,0.1541495479891451,0.19681950296276463,0.0,0.0,0.0,0.01141385267137603
1767222375.7686183,0.1541495479891451,0.19681950296276463,0.0,0.0,0.0,0.01141385267137603
1767222375.7789135,0.15473830381926224,0.19635696377493705,0.0,0.0,0.0,0.0055559034269631255
1767222375.7894368,0.15482607503806003,0.19628776421388233,0.0,0.0,0.0,0.004732780493334837
1767222375.7997534,0.15406858017959804,0.19688289030083894,0.0,0.0,0.0,0.01227936509609134
1767222375.8092868,0.1546897946035314,0.19639518155314248,0.0,0.0,0.0,0.00613275496683348
1767222375.8194609,0.1540778541537218,0.1968756327003224,0.0,0.0,0.0,0.012170976241490017
1767222375.8290317,0.15401667294860655,0.19692349871361256,0.0,0.0,0.0,0.0126954373397942
1767222375.8392262,0.15472620887186603,0.196366494545057,0.0,0.0,0.0,0.005668081212828442
1767222375.8496552,0.15484385406340995,0.1962737393299603,0.0,0.0,0.0,0.0045462183979119285
1767222375.8589845,0.15484385406340995,0.1962737393299603,0.0,0.0,0.0,0.0045462183979119285
1767222375.8692663,0.15487217146679558,0.19625139591079332,0.0,0.0,0.0,0.0043108175741364396
1767222375.8792636,0.15484567461618726,0.1962723030497017,0.0,0.0,0.0,0.004548667182951691
1767222375.8900292,0.15414739116993617,0.1968211921701287,0.0,0.0,0.0,0.0114165092862975
1767222375.8995314,0.154814239771376,0.19629709894897637,0.0,0.0,0.0,0.004771448050500606
1767222375.9100447,0.15489440910124258,0.19623384499354848,0.0,0.0,0.0,0.0040283205822275875
1767222375.9185262,0.15489440910124258,0.19623384499354848,0.0,0.0,0.0,0.0040283205822275875
1767222375.9304273,0.15483995845672163,0.1962768125808468,0.0,0.0,0.0,0.004611198778393881
1767222375.9388738,0.15484608193355962,0.19627198170294494,0.0,0.0,0.0,0.004542873138829411
1767222375.9485176,0.15484608193355962,0.19627198170294494,0.0,0.0,0.0,0.004542873138829411
1767222375.9586215,0.15410746100780123,0.19685245833745274,0.0,0.0,0.0,0.011845669636504904
1767222375.969484,0.1541216669234624,0.19684133630033424,0.0,0.0,0.0,0.011665644450029006
1767222375.9793887,0.15394350505369453,0.19698070246486282,0.0,0.0,0.0,0.013498670077963787
1767222375.9891884,0.15466943862507776,0.19641121314013185,0.0,0.0,0.0,0.006340136546402163
1767222375.9992943,0.15407406269164842,0.1968785998971416,0.0,0.0,0.0,0.012195591968176404
1767222376.009822,0.1539881412823135,0.1969458104052638,0.0,0.0,0.0,0.013034518440270931
1767222376.019546,0.15471718858634864,0.1963736017078403,0.0,0.0,0.0,0.005794837962551417
1767222376.028789,0.15471718858634864,0.1963736017078403,0.0,0.0,0.0,0.005794837962551417
1767222376.0391366,0.15476505464931248,0.19633587993836218,0.0,0.0,0.0,0.005285167087169694
1767222376.0498614,0.1548687952532707,0.19625406020914957,0.0,0.0,0.0,0.004315764787055972
1767222376.0593472,0.15410334445554497,0.19685568094262387,0.0,0.0,0.0,0.011916368520325071
1767222376.069956,0.1547272646277501,0.19636566266175126,0.0,0.0,0.0,0.005720052647748221
1767222376.0796456,0.1541111339441344,0.19684958289572657,0.0,0.0,0.0,0.011816007065462056
1767222376.088733,0.1541111339441344,0.19684958289572657,0.0,0.0,0.0,0.011816007065462056
1767222376.0995944,0.15489924884771433,0.19623002471127685,0.0,0.0,0.0,0.00396216685852007
1767222376.109535,0.15489924884771433,0.19623002471127685,0.0,0.0,0.0,0.00396216685852007
1767222376.1194313,0.1541361395946749,0.19683000371544002,0.0,0.0,0.0,0.011539601890655195
1767222376.128472,0.15395686497961691,0.19697026074363563,0.0,0.0,0.0,0.013370678465809303
1767222376.139512,0.15391376928006198,0.1970039378230099,0.0,0.0,0.0,0.013772512944601759
1767222376.1495216,0.15472293316017163,0.19636907558494787,0.0,0.0,0.0,0.005735469491516361
1767222376.159124,0.1541432592844816,0.1968244281305687,0.0,0.0,0.0,0.011493225325835165
1767222376.1695883,0.15479313296154923,0.19631374348150765,0.0,0.0,0.0,0.005008598336697966
1767222376.1793418,0.1548779547698714,0.19624683186761832,0.0,0.0,0.0,0.004185989768749762
1767222376.1894407,0.15408466531640835,0.19687030199118272,0.0,0.0,0.0,0.012099965734314962
1767222376.1985273,0.15408466531640835,0.19687030199118272,0.0,0.0,0.0,0.012099965734314962
1767222376.2100465,0.15406955647606507,0.196882126306674,0.0,0.0,0.0,0.01223182895753467
1767222376.2193325,0.15475516445618753,0.19634367564531235,0.0,0.0,0.0,0.005429193864972489
1767222376.2298398,0.15487722017420902,0.19624741160811413,0.0,0.0,0.0,0.004209929813162424
1767222376.2383091,0.15487722017420902,0.19624741160811413,0.0,0.0,0.0,0.004209929813162424
1767222376.2498744,0.15416279370471822,0.19680912816463844,0.0,0.0,0.0,0.01127210060713417
1767222376.259509,0.15471286125547618,0.1963770110117743,0.0,0.0,0.0,0.005881473167023311
1767222376.2694397,0.15479336009949268,0.19631356438332181,0.0,0.0,0.0,0.0050849327933151535
1767222376.279416,0.154864001945178,0.1962578426287709,0.0,0.0,0.0,0.004356505883329597
1767222376.2885578,0.154864001945178,0.1962578426287709,0.0,0.0,0.0,0.004356505883329597
1767222376.3001902,0.15475902794288438,0.19634063044094455,0.0,0.0,0.0,0.00537340026364647
1767222376.311139,0.15484807406932258,0.19627041001841727,0.0,0.0,0.0,0.004473354659183129
1767222376.3187785,0.15484807406932258,0.19627041001841727,0.0,0.0,0.0,0.004473354659183129
1767222376.3301702,0.154852909008975,0.19626659538300098,0.0,0.0,0.0,0.004456640063717672
1767222376.338465,0.15490414556768226,0.19622615925946693,0.0,0.0,0.0,0.003974114438188704
1767222376.349955,0.15413271030647754,0.19683268911780813,0.0,0.0,0.0,0.011599050777113339
1767222376.3594973,0.15398707997792693,0.196946640214143,0.0,0.0,0.0,0.013037699328584585
1767222376.3692997,0.15392772745829741,0.1969930318851185,0.0,0.0,0.0,0.013616098525730728
1767222376.3793302,0.15466109571731637,0.19641778270638655,0.0,0.0,0.0,0.00636650758141369
1767222376.3900023,0.1547797685203446,0.19632428058842905,0.0,0.0,0.0,0.005212069237732741
1767222376.3995092,0.15487067104795071,0.19625257995994,0.0,0.0,0.0,0.0043086655542316655
1767222376.4100337,0.15416534263542103,0.196807131532045,0.0,0.0,0.0,0.01125103419173365
1767222376.419442,0.1547303851702049,0.1963632037751852,0.0,0.0,0.0,0.005648900458690638
1767222376.4295187,0.15483287318040118,0.1962824018461081,0.0,0.0,0.0,0.00465946175779385
1767222376.4385319,0.15483287318040118,0.1962824018461081,0.0,0.0,0.0,0.00465946175779385
1767222376.4496834,0.15485521010889294,0.19626477981009843,0.0,0.0,0.0,0.004441214074548141
1767222376.4586973,0.15485521010889294,0.19626477981009843,0.0,0.0,0.0,0.004441214074548141
1767222376.4697895,0.15408845303115057,0.1968673373981476,0.0,0.0,0.0,0.012068254826251717
1767222376.4796247,0.1547659566927982,0.19633516888407335,0.0,0.0,0.0,0.005293398863513866
1767222376.4900398,0.15411851809615823,0.1968438017099156,0.0,0.0,0.0,0.011713652254181943
1767222376.4985096,0.15411851809615823,0.1968438017099156,0.0,0.0,0.0,0.011713652254181943
1767222376.5106952,0.1546753478574551,0.19640655960774192,0.0,0.0,0.0,0.006243015985099678
1767222376.5199447,0.1546753478574551,0.19640655960774192,0.0,0.0,0.0,0.006243015985099678
1767222376.5293639,0.15486491481933307,0.19625712229057216,0.0,0.0,0.0,0.004336821637809335
1767222376.5395167,0.15488430485593407,0.1962418202144241,0.0,0.0,0.0,0.004124887789686937
1767222376.5494742,0.15491028639026716,0.19622131143752375,0.0,0.0,0.0,0.0038151092476773237
1767222376.5597522,0.15487953986844796,0.19624558089779642,0.0,0.0,0.0,0.004155165595053804
1767222376.5692294,0.15488486639709298,0.19624137701547548,0.0,0.0,0.0,0.004152231261933574
1767222376.579016,0.15488486639709298,0.19624137701547548,0.0,0.0,0.0,0.004152231261933574
1767222376.5891178,0.15415285238720644,0.1968169149048351,0.0,0.0,0.0,0.011392414410351565
1767222376.5991342,0.15398716951493224,0.19694657020762413,0.0,0.0,0.0,0.013025358044123993
1767222376.6084344,0.15395819323103163,0.19696922254201052,0.0,0.0,0.0,0.013293835287560707
1767222376.6186771,0.15397592923447911,0.19695535816053827,0.0,0.0,0.0,0.013114606018406074
1767222376.629058,0.15467830078899944,0.19640423406027238,0.0,0.0,0.0,0.006205517892029198
1767222376.6390352,0.15481331171583468,0.196297830877853,0.0,0.0,0.0,0.004885131352091889
1767222376.6495302,0.15481331171583468,0.196297830877853,0.0,0.0,0.0,0.004885131352091889
1767222376.6591756,0.15413228072173665,0.19683302550965676,0.0,0.0,0.0,0.011589882918196626
1767222376.6695201,0.15398615067812485,0.19694736680418223,0.0,0.0,0.0,0.013033732957970503
1767222376.6796246,0.15471427175148525,0.19637589976415526,0.0,0.0,0.0,0.005812470922661298
1767222376.6892462,0.15486103697366338,0.19626018220519953,0.0,0.0,0.0,0.004359726386020037
1767222376.6990273,0.15486103697366338,0.19626018220519953,0.0,0.0,0.0,0.004359726386020037
1767222376.712531,0.15480687113222374,0.1963029101720778,0.0,0.0,0.0,0.004939445602931773
1767222376.7187872,0.15480687113222374,0.1963029101720778,0.0,0.0,0.0,0.004939445602931773
1767222376.7294521,0.15405061612020032,0.19689694656026055,0.0,0.0,0.0,0.01235571146683438
1767222376.73866,0.15405061612020032,0.19689694656026055,0.0,0.0,0.0,0.01235571146683438
1767222376.7498775,0.15398142075472884,0.19695106487176606,0.0,0.0,0.0,0.013084583017448009
1767222376.7595274,0.15398142075472884,0.19695106487176606,0.0,0.0,0.0,0.013084583017448009
1767222376.7696362,0.15406514132352483,0.19688558129210926,0.0,0.0,0.0,0.012308786019511037
1767222376.780534,0.15394319572226378,0.19698094421183357,0.0,0.0,0.0,0.013472769830384031
1767222376.791311,0.15473405523368358,0.19636031178095614,0.0,0.0,0.0,0.005591746752254488
1767222376.7985904,0.15473405523368358,0.19636031178095614,0.0,0.0,0.0,0.005591746752254488
1767222376.809888,0.15491887615050884,0.19621452979848214,0.0,0.0,0.0,0.0038041953319144766
1767222376.818608,0.15491887615050884,0.19621452979848214,0.0,0.0,0.0,0.0038041953319144766
1767222376.8303173,0.15410449205113677,0.19685478257189942,0.0,0.0,0.0,0.011885694394121888
1767222376.839616,0.15467445452595777,0.19640726312657478,0.0,0.0,0.0,0.006251663206663644
1767222376.8494408,0.15412061803160398,0.19684215755097792,0.0,0.0,0.0,0.011699625797372513
1767222376.8584237,0.15412061803160398,0.19684215755097792,0.0,0.0,0.0,0.011699625797372513
1767222376.870138,0.1548781465157329,0.19624668054167402,0.0,0.0,0.0,0.004191704477664199
1767222376.8800414,0.15405804027253603,0.19689113773645325,0.0,0.0,0.0,0.012352352761186604
1767222376.8896158,0.1546542889292905,0.19642314224029359,0.0,0.0,0.0,0.006465867704108252
1767222376.8996208,0.15479949647413313,0.1963087256928012,0.0,0.0,0.0,0.004995316920326326
1767222376.908553,0.15479949647413313,0.1963087256928012,0.0,0.0,0.0,0.004995316920326326
1767222376.9185457,0.15488934918543149,0.19623783886062818,0.0,0.0,0.0,0.004105839109042382
1767222376.928997,0.15493789936559715,0.1961995087454385,0.0,0.0,0.0,0.0035948268773637756
1767222376.939423,0.15409791841515502,0.19685992845646683,0.0,0.0,0.0,0.011937673560526621
1767222376.9483635,0.15409791841515502,0.19685992845646683,0.0,0.0,0.0,0.011937673560526621
1767222376.959799,0.15465230873740513,0.19642470133352524,0.0,0.0,0.0,0.006452463684035161
1767222376.9684377,0.15465230873740513,0.19642470133352524,0.0,0.0,0.0,0.006452463684035161
1767222376.979064,0.15474604832895242,0.19635086049810965,0.0,0.0,0.0,0.005507507847021344
1767222376.9894145,0.15488906744951733,0.19623806123276472,0.0,0.0,0.0,0.004088681460421262
1767222376.9996338,0.15491122332835267,0.19622057175201985,0.0,0.0,0.0,0.003857547572587355
1767222377.00948,0.15409299306430788,0.19686378382082678,0.0,0.0,0.0,0.01201686365705439
1767222377.0195189,0.15463770333713928,0.1964361998166076,0.0,0.0,0.0,0.006613192645801733
1767222377.0285354,0.15463770333713928,0.1964361998166076,0.0,0.0,0.0,0.006613192645801733
1767222377.0395343,0.15472754547918602,0.19636544136319223,0.0,0.0,0.0,0.005700128409575261
1767222377.0493975,0.15487261394882162,0.19625104672443042,0.0,0.0,0.0,0.004261113269453209
1767222377.0583258,0.15487261394882162,0.19625104672443042,0.0,0.0,0.0,0.004261113269453209
1767222377.0697103,0.1541090898773308,0.1968511831535414,0.0,0.0,0.0,0.011838484068192073
1767222377.0796149,0.15469803427954806,0.19638869132874887,0.0,0.0,0.0,0.00601074334469371
1767222377.0893831,0.1548298972134097,0.19628474933285148,0.0,0.0,0.0,0.004688814183462281
1767222377.0986576,0.1548298972134097,0.19628474933285148,0.0,0.0,0.0,0.004688814183462281
1767222377.1095946,0.1549009544246427,0.19622867835795452,0.0,0.0,0.0,0.003961687781045122
1767222377.1191576,0.15488264830279297,0.19624312764142476,0.0,0.0,0.0,0.004150084749343325
1767222377.130263,0.15488264830279297,0.19624312764142476,0.0,0.0,0.0,0.004150084749343325
1767222377.1394873,0.15412397307037828,0.19683953062525425,0.0,0.0,0.0,0.01169444678649156
1767222377.1497278,0.15400232317253865,0.19693472103524104,0.0,0.0,0.0,0.012913779800282185
1767222377.1593902,0.15469390826686738,0.19639194137462998,0.0,0.0,0.0,0.0060444905988832264
1767222377.16975,0.1548476952041913,0.19627070892449902,0.0,0.0,0.0,0.004497361000632407
1767222377.1785893,0.1548476952041913,0.19627070892449902,0.0,0.0,0.0,0.004497361000632407
1767222377.1897316,0.1548366702271864,0.196279406573214,0.0,0.0,0.0,0.004615837199615027
1767222377.1996617,0.1541498669150614,0.19681925317874374,0.0,0.0,0.0,0.011415500186946332
1767222377.208642,0.1541498669150614,0.19681925317874374,0.0,0.0,0.0,0.011415500186946332
1767222377.2185936,0.15470261077464978,0.19638508627510745,0.0,0.0,0.0,0.005950310764791403
1767222377.2293782,0.15486263473410042,0.1962589214659761,0.0,0.0,0.0,0.004356293941542552
1767222377.2393827,0.15489915468468224,0.19623009904126965,0.0,0.0,0.0,0.003989513524677202
1767222377.2485352,0.15489915468468224,0.19623009904126965,0.0,0.0,0.0,0.003989513524677202
1767222377.2584405,0.1548667904549528,0.19625564222706268,0.0,0.0,0.0,0.004320428501448258
1767222377.2693841,0.1547435845575489,0.1963528021955767,0.0,0.0,0.0,0.005530019844678562
1767222377.2796876,0.15481781287588103,0.19629428088486137,0.0,0.0,0.0,0.004827416132305735
1767222377.288641,0.15481781287588103,0.19629428088486137,0.0,0.0,0.0,0.004827416132305735
1767222377.2997355,0.15394700946913853,0.19697796365907952,0.0,0.0,0.0,0.013442458132442636
1767222377.3115566,0.1546898138146179,0.19639516642161503,0.0,0.0,0.0,0.006079395375360308
1767222377.3201115,0.1546898138146179,0.19639516642161503,0.0,0.0,0.0,0.006079395375360308
1767222377.3297055,0.15486137839731348,0.19625991280101113,0.0,0.0,0.0,0.00436913450561098
1767222377.3388147,0.15486137839731348,0.19625991280101113,0.0,0.0,0.0,0.00436913450561098
1767222377.3495848,0.15487264835320202,0.19625101957401747,0.0,0.0,0.0,0.004283053820188151
1767222377.3598273,0.1540871192076876,0.1968683813771164,0.0,0.0,0.0,0.012077571568522317
1767222377.36956,0.15473514955345438,0.19635944944016648,0.0,0.0,0.0,0.005617075634972072
1767222377.3798618,0.15408693759224215,0.19686852352576206,0.0,0.0,0.0,0.01205260265833579
1767222377.3893228,0.1547485873260895,0.19634885946282787,0.0,0.0,0.0,0.005514239823912767
1767222377.3984795,0.1547485873260895,0.19634885946282787,0.0,0.0,0.0,0.005514239823912767
1767222377.409621,0.15470112652132864,0.19638625548853103,0.0,0.0,0.0,0.005975653602741565
1767222377.4194567,0.15404911060039847,0.19689812445778998,0.0,0.0,0.0,0.012460800725849364
1767222377.42989,0.1539638341053775,0.1969648133026286,0.0,0.0,0.0,0.013284425658930893
1767222377.4393911,0.15469130253870875,0.19639399382530046,0.0,0.0,0.0,0.00605329256347866
1767222377.4493096,0.15469130253870875,0.19639399382530046,0.0,0.0,0.0,0.00605329256347866
1767222377.458811,0.1541503589856729,0.1968188677854744,0.0,0.0,0.0,0.011403947566910903
1767222377.469615,0.15483230311392415,0.19628285152863686,0.0,0.0,0.0,0.00465510807874412
1767222377.4788332,0.15483230311392415,0.19628285152863686,0.0,0.0,0.0,0.00465510807874412
1767222377.4898744,0.15469422493095536,0.196391691944401,0.0,0.0,0.0,0.0060602706668386255
1767222377.499484,0.15481504642226773,0.19629646276244223,0.0,0.0,0.0,0.004835910195563676
1767222377.508958,0.15481504642226773,0.19629646276244223,0.0,0.0,0.0,0.004835910195563676
1767222377.5192323,0.15492731885719724,0.19620786366375725,0.0,0.0,0.0,0.003709267756049364
1767222377.5298703,0.15492731885719724,0.19620786366375725,0.0,0.0,0.0,0.003709267756049364
1767222377.5395336,0.154862984639067,0.19625864536487622,0.0,0.0,0.0,0.004357229816426082
1767222377.5492089,0.15486408880705585,0.1962577740873906,0.0,0.0,0.0,0.004360586323194118
1767222377.5588071,0.15486408880705585,0.1962577740873906,0.0,0.0,0.0,0.004360586323194118
1767222377.569389,0.1547476409522748,0.19634960532549928,0.0,0.0,0.0,0.005502723606012394
1767222377.5793264,0.1548697995907124,0.19625326765816642,0.0,0.0,0.0,0.0042463861560274475
1767222377.5894673,0.15412534113307777,0.19683845943407952,0.0,0.0,0.0,0.0116692860644532
1767222377.59974,0.1547118057648383,0.19637784256060392,0.0,0.0,0.0,0.005865199428516018
1767222377.6105888,0.1547118057648383,0.19637784256060392,0.0,0.0,0.0,0.005865199428516018
1767222377.618715,0.15486349106977085,0.19625824575150586,0.0,0.0,0.0,0.004354257586653869
1767222377.6300437,0.1548859096160769,0.19624055364316487,0.0,0.0,0.0,0.0041353343706297995
1767222377.6389165,0.1548859096160769,0.19624055364316487,0.0,0.0,0.0,0.0041353343706297995
1767222377.649499,0.15489135138868268,0.19623625851703286,0.0,0.0,0.0,0.00404428135835301
1767222377.6589258,0.15489135138868268,0.19623625851703286,0.0,0.0,0.0,0.00404428135835301
1767222377.6700673,0.15467895651168445,0.19640371764361042,0.0,0.0,0.0,0.006216725198097133
1767222377.6797216,0.15484701028693923,0.19627124928774453,0.0,0.0,0.0,0.004517678659971447
1767222377.6895964,0.15488739682686278,0.1962393798297718,0.0,0.0,0.0,0.004122322539238627
1767222377.6993818,0.15412725577868666,0.19683696024349714,0.0,0.0,0.0,0.011669603748406004
1767222377.7094266,0.15399305918668094,0.19694196509148185,0.0,0.0,0.0,0.012970191655913732
1767222377.7192225,0.15399305918668094,0.19694196509148185,0.0,0.0,0.0,0.012970191655913732
1767222377.7286112,0.1547083834848905,0.19638053867750205,0.0,0.0,0.0,0.005893881520779831
1767222377.73935,0.15469339019614473,0.1963923494472162,0.0,0.0,0.0,0.006041978731412866
1767222377.7492824,0.15486474740124986,0.19625725439871392,0.0,0.0,0.0,0.004331162014399018
1767222377.759293,0.15493647013303713,0.1962006373957245,0.0,0.0,0.0,0.0036229675331935327
1767222377.7693617,0.15411467309682275,0.1968468120850004,0.0,0.0,0.0,0.011781569018565464
1767222377.7788465,0.15411467309682275,0.1968468120850004,0.0,0.0,0.0,0.011781569018565464
1767222377.7894666,0.15466138676463745,0.196417553532809,0.0,0.0,0.0,0.0063863900689501854
1767222377.799453,0.15479515282660009,0.19631215080367526,0.0,0.0,0.0,0.005069962113065257
1767222377.8093395,0.15491059360457765,0.1962210689015168,0.0,0.0,0.0,0.003876611955870228
1767222377.819573,0.15488823635471524,0.19623871720611397,0.0,0.0,0.0,0.004099025928247919
1767222377.8303416,0.1541152706245687,0.19684634426903888,0.0,0.0,0.0,0.011769703572313803
1767222377.8393207,0.15466984590286753,0.1964108924172929,0.0,0.0,0.0,0.0063004009456035445
1767222377.8490243,0.15484145473170047,0.19627563218174965,0.0,0.0,0.0,0.004583004449436949
1767222377.858349,0.15484145473170047,0.19627563218174965,0.0,0.0,0.0,0.004583004449436949
1767222377.8697839,0.15489642313624202,0.1962322552267426,0.0,0.0,0.0,0.004030049965206409
1767222377.8802128,0.15415174424815659,0.19681778282721327,0.0,0.0,0.0,0.011387224461174508
1767222377.8891096,0.15401971647435075,0.1969211182908731,0.0,0.0,0.0,0.012695153999920517
1767222377.8996143,0.1547084861680279,0.19638045778378832,0.0,0.0,0.0,0.005903645123511381
1767222377.909494,0.15410535091615069,0.19685411022068605,0.0,0.0,0.0,0.011892050186992258
1767222377.919411,0.15471430947724513,0.1963758700420022,0.0,0.0,0.0,0.005859957391563345
1767222377.9311368,0.15471430947724513,0.1963758700420022,0.0,0.0,0.0,0.005859957391563345
1767222377.939526,0.1548769871183609,0.19624759553409676,0.0,0.0,0.0,0.0042365746575776875
1767222377.9498503,0.15413929898258827,0.19682752958091626,0.0,0.0,0.0,0.011534777088323248
1767222377.960653,0.15413929898258827,0.19682752958091626,0.0,0.0,0.0,0.011534777088323248
1767222377.9687827,0.15479883012497794,0.19630925114144118,0.0,0.0,0.0,0.005038436024285471
1767222377.979727,0.15488467673873624,0.19624152670449954,0.0,0.0,0.0,0.0041566356478682604
1767222377.989445,0.15417674640301196,0.1967981980617448,0.0,0.0,0.0,0.011142328254086932
1767222377.999423,0.15398840502961433,0.19694560418603407,0.0,0.0,0.0,0.013020799819845493
1767222378.0109375,0.15398840502961433,0.19694560418603407,0.0,0.0,0.0,0.013020799819845493
1767222378.0194647,0.15395214042207658,0.19697395348428096,0.0,0.0,0.0,0.013377720516894676
1767222378.0295057,0.15395026733321182,0.19697541745050023,0.0,0.0,0.0,0.013415451671969988
1767222378.038641,0.15395026733321182,0.19697541745050023,0.0,0.0,0.0,0.013415451671969988
1767222378.0489686,0.1546874265171488,0.19639704674275335,0.0,0.0,0.0,0.006132345974036166
1767222378.0588305,0.15411177976739465,0.19684907728687517,0.0,0.0,0.0,0.011817785636542455
1767222378.0701427,0.15396579216050776,0.19696328271064864,0.0,0.0,0.0,0.013274105736360993
1767222378.0795207,0.15467455913776187,0.19640718074274446,0.0,0.0,0.0,0.006260813416563182
1767222378.0897734,0.15411981000074237,0.19684279020859202,0.0,0.0,0.0,0.011726194991741127
1767222378.0987415,0.15411981000074237,0.19684279020859202,0.0,0.0,0.0,0.011726194991741127
1767222378.1096005,0.15490155958470173,0.19622820064914784,0.0,0.0,0.0,0.003964004114412749
1767222378.119888,0.15416219554855914,0.1968095967055879,0.0,0.0,0.0,0.011302430776817762
1767222378.1292956,0.15474558326601406,0.19635122701790034,0.0,0.0,0.0,0.005518250569777176
1767222378.1384785,0.15474558326601406,0.19635122701790034,0.0,0.0,0.0,0.005518250569777176
1767222378.1499515,0.1541362923035672,0.1968298841301238,0.0,0.0,0.0,0.011556423041762305
1767222378.159188,0.1540118518688797,0.19692726925361276,0.0,0.0,0.0,0.012752839457279373
1767222378.1696575,0.15471185589010022,0.19637780307054925,0.0,0.0,0.0,0.005843536348264018
1767222378.1796606,0.154801376803574,0.19630724294200913,0.0,0.0,0.0,0.00499556309339569
1767222378.1902046,0.15410534050483196,0.19685411837108796,0.0,0.0,0.0,0.011890330098143647
1767222378.199572,0.15470353123329714,0.19638436117909913,0.0,0.0,0.0,0.005948115071331675
1767222378.2103217,0.15484813485630156,0.1962703620603489,0.0,0.0,0.0,0.0045386093524008315
1767222378.2185278,0.15484813485630156,0.1962703620603489,0.0,0.0,0.0,0.0045386093524008315
1767222378.229599,0.15489328168482167,0.19623473489849358,0.0,0.0,0.0,0.0040192837450531635
1767222378.2395022,0.15410553678048716,0.19685396471843347,0.0,0.0,0.0,0.011867514089093407
1767222378.2488623,0.15410553678048716,0.19685396471843347,0.0,0.0,0.0,0.011867514089093407
1767222378.2594783,0.1548436687165048,0.19627388555329547,0.0,0.0,0.0,0.0045620982877178605
1767222378.2694063,0.15486906935232547,0.19625384391068407,0.0,0.0,0.0,0.004316175693857567
1767222378.279512,0.15412336185997283,0.19684000919718728,0.0,0.0,0.0,0.011682457676709557
1767222378.2896492,0.15478594663187942,0.19631940967985517,0.0,0.0,0.0,0.005078838256895684
1767222378.299751,0.15478594663187942,0.19631940967985517,0.0,0.0,0.0,0.005078838256895684
1767222378.3112707,0.15467472835688026,0.1964070474792081,0.0,0.0,0.0,0.006251386647959585
1767222378.319033,0.15467472835688026,0.1964070474792081,0.0,0.0,0.0,0.006251386647959585
1767222378.3289018,0.1540729228416609,0.19687949192030157,0.0,0.0,0.0,0.012228509106956865
1767222378.3400931,0.15481896489122832,0.19629337228185775,0.0,0.0,0.0,0.004818610254910124
1767222378.3487005,0.15481896489122832,0.19629337228185775,0.0,0.0,0.0,0.004818610254910124
1767222378.3602684,0.15478843237411427,0.19631744979735843,0.0,0.0,0.0,0.005057701118958927
1767222378.370087,0.1541162405303206,0.1968455849049419,0.0,0.0,0.0,0.011744811379879226
1767222378.379792,0.15467046218428496,0.1964104071058211,0.0,0.0,0.0,0.0062977876611879135
1767222378.3899813,0.15480016200077482,0.1963082008890843,0.0,0.0,0.0,0.00502876428688374
1767222378.3996942,0.1548357826285294,0.196280106759668,0.0,0.0,0.0,0.004629760367883357
1767222378.4094474,0.15415747615224284,0.19681329334711953,0.0,0.0,0.0,0.01132698493529323
1767222378.41981,0.15476106784180116,0.19633902254070387,0.0,0.0,0.0,0.00535438066386098
1767222378.4300783,0.15488048892157863,0.19624483188911887,0.0,0.0,0.0,0.004170930253793385
1767222378.440276,0.15484935398523259,0.19626940021850403,0.0,0.0,0.0,0.004527212864765882
1767222378.449583,0.15484916071346858,0.1962695527026807,0.0,0.0,0.0,0.004553241795246059
1767222378.4587939,0.15484916071346858,0.1962695527026807,0.0,0.0,0.0,0.004553241795246059
1767222378.4701183,0.15488510290732665,0.1962411903479061,0.0,0.0,0.0,0.0041270569430476075
1767222378.4796078,0.15414704023018824,0.19682146702034922,0.0,0.0,0.0,0.011438470548645783
1767222378.4895594,0.15475268883541965,0.1963456268674739,0.0,0.0,0.0,0.0054606134933498475
1767222378.4994004,0.15411180348845777,0.19684905871581615,0.0,0.0,0.0,0.011832260271861442
1767222378.509582,0.15411180348845777,0.19684905871581615,0.0,0.0,0.0,0.011832260271861442
1767222378.5197196,0.1547961506520504,0.19631136399883448,0.0,0.0,0.0,0.0050464693187060915
1767222378.53017,0.15409452067681248,0.19686258808913423,0.0,0.0,0.0,0.011971652716736302
1767222378.5386708,0.15409452067681248,0.19686258808913423,0.0,0.0,0.0,0.011971652716736302
1767222378.5501804,0.15489654324625318,0.196232160417544,0.0,0.0,0.0,0.004018880154127202
1767222378.558953,0.15489654324625318,0.196232160417544,0.0,0.0,0.0,0.004018880154127202
1767222378.5705423,0.15413834493070788,0.19682827671295483,0.0,0.0,0.0,0.011561544764126672
1767222378.5794914,0.1540465367328857,0.19690013817255755,0.0,0.0,0.0,0.012512429403890635
1767222378.5900056,0.15395575436598294,0.1969711288218851,0.0,0.0,0.0,0.013377393172035167
1767222378.598575,0.15395575436598294,0.1969711288218851,0.0,0.0,0.0,0.013377393172035167
1767222378.610062,0.15484393507376112,0.1962736754194218,0.0,0.0,0.0,0.004560899096050373
1767222378.6199632,0.15483600648009746,0.1962799301738967,0.0,0.0,0.0,0.004644895852299509
1767222378.629727,0.1541188541731354,0.19684353857855638,0.0,0.0,0.0,0.011749401231226302
1767222378.6396048,0.1539298420249705,0.19699137957264928,0.0,0.0,0.0,0.013606217305659014
1767222378.6496663,0.15467875651463864,0.19640387515234758,0.0,0.0,0.0,0.0061891268504282665
1767222378.6584423,0.15467875651463864,0.19640387515234758,0.0,0.0,0.0,0.0061891268504282665
1767222378.669513,0.1541367421909149,0.19682953182523286,0.0,0.0,0.0,0.011543137175012534
1767222378.679681,0.15473573409278116,0.1963589888101477,0.0,0.0,0.0,0.005623419690824734
1767222378.6896296,0.15480588379452798,0.19630368879461021,0.0,0.0,0.0,0.004955860278286838
1767222378.6986697,0.15480588379452798,0.19630368879461021,0.0,0.0,0.0,0.004955860278286838
1767222378.7097547,0.15468299463198013,0.19640053732986085,0.0,0.0,0.0,0.0061606092866704504
1767222378.719151,0.15410254549588745,0.1968563063847754,0.0,0.0,0.0,0.01192179878285427
1767222378.7295794,0.15397551020336644,0.19695568575032377,0.0,0.0,0.0,0.013178789203291874
1767222378.738685,0.15397551020336644,0.19695568575032377,0.0,0.0,0.0,0.013178789203291874
1767222378.7495975,0.1541016949251971,0.19685697222336193,0.0,0.0,0.0,0.011911965442978123
1767222378.7595446,0.15469352943421485,0.19639223977275644,0.0,0.0,0.0,0.006042698552981605
1767222378.7684991,0.15469352943421485,0.19639223977275644,0.0,0.0,0.0,0.006042698552981605
1767222378.7791014,0.15475369603333977,0.19634483302545871,0.0,0.0,0.0,0.005411672092376505
1767222378.789546,0.15483039824926098,0.19628435411349124,0.0,0.0,0.0,0.004685700732253021
1767222378.7997563,0.15489360853512052,0.196234476906439,0.0,0.0,0.0,0.004048814497321772
1767222378.808524,0.15489360853512052,0.196234476906439,0.0,0.0,0.0,0.004048814497321772
1767222378.8196533,0.1539532075131057,0.1969731194559142,0.0,0.0,0.0,0.013378798821620996
1767222378.8294406,0.15466575181715714,0.19641411636287395,0.0,0.0,0.0,0.006323357794043266
1767222378.8387485,0.15466575181715714,0.19641411636287395,0.0,0.0,0.0,0.006323357794043266
1767222378.8488274,0.15483107978985697,0.1962838165078374,0.0,0.0,0.0,0.004667766552564476
1767222378.8594904,0.15395419679526615,0.1969723462339114,0.0,0.0,0.0,0.013427414944731049
1767222378.8689086,0.15465557730237503,0.19642212782943694,0.0,0.0,0.0,0.006430278921800891
1767222378.8786323,0.15465557730237503,0.19642212782943694,0.0,0.0,0.0,0.006430278921800891
1767222378.889748,0.15408612728038515,0.1968691577457017,0.0,0.0,0.0,0.012048559059680955
1767222378.8985283,0.15472606987570414,0.1963666040664569,0.0,0.0,0.0,0.005694384208741136
1767222378.9100041,0.15473138752030627,0.19636241393865445,0.0,0.0,0.0,0.005661929355182276
1767222378.919803,0.154145271371636,0.1968228523457908,0.0,0.0,0.0,0.011473315593873122
1767222378.9288611,0.154145271371636,0.1968228523457908,0.0,0.0,0.0,0.011473315593873122
1767222378.9395576,0.15389620895517514,0.19701765596258705,0.0,0.0,0.0,0.013946246893383555
1767222378.950267,0.15398041449888702,0.19695185158438563,0.0,0.0,0.0,0.013076550801282217
1767222378.9594781,0.15470919111740195,0.1963799024227611,0.0,0.0,0.0,0.005849642059219043
1767222378.969481,0.15486148924458168,0.19625982533551092,0.0,0.0,0.0,0.004374747793471695
1767222378.9797778,0.15485067166057828,0.19626836061383854,0.0,0.0,0.0,0.0045184728096179655
1767222378.9885619,0.15485067166057828,0.19626836061383854,0.0,0.0,0.0,0.0045184728096179655
1767222378.9994092,0.1540831915018349,0.19687145549413376,0.0,0.0,0.0,0.012130257390077644
1767222379.0088522,0.15395044375880382,0.196975279561258,0.0,0.0,0.0,0.013442626984941988
1767222379.0198557,0.15399701028401194,0.1969388755816221,0.0,0.0,0.0,0.012896809860002752
1767222379.029479,0.15471318133792059,0.1963767588389048,0.0,0.0,0.0,0.005827342814429724
1767222379.0395143,0.1548230643449366,0.1962901389235304,0.0,0.0,0.0,0.0047758281682724855
1767222379.0489824,0.1548230643449366,0.1962901389235304,0.0,0.0,0.0,0.0047758281682724855
1767222379.0586772,0.15482867042146825,0.1962857170231607,0.0,0.0,0.0,0.00472573128826028
1767222379.0688217,0.15408833546180448,0.19686742941984883,0.0,0.0,0.0,0.01207181585515862
1767222379.079993,0.15493132203707502,0.1962047026541902,0.0,0.0,0.0,0.0036219219150419647
1767222379.0887282,0.15493132203707502,0.1962047026541902,0.0,0.0,0.0,0.0036219219150419647
1767222379.098661,0.15490281615908494,0.1962272087090892,0.0,0.0,0.0,0.00391715105462924
1767222379.1098702,0.15465241712163916,0.1964246159986296,0.0,0.0,0.0,0.006492205621259586
1767222379.1198442,0.1540271361248692,0.196915314866416,0.0,0.0,0.0,0.012680993717661612
1767222379.1287417,0.1540271361248692,0.196915314866416,0.0,0.0,0.0,0.012680993717661612
1767222379.1393957,0.1547121713913257,0.19637755450955816,0.0,0.0,0.0,0.005836729117629592
1767222379.1503003,0.1541743087174515,0.1968001077826521,0.0,0.0,0.0,0.01114500855290252
1767222379.15918,0.15473681646031623,0.196358135872951,0.0,0.0,0.0,0.005618332857131509
1767222379.1698937,0.1540391967215826,0.19690588047373708,0.0,0.0,0.0,0.012578776368060443
1767222379.1801665,0.15394239308748392,0.19698157147882225,0.0,0.0,0.0,0.013520079057424922
1767222379.188923,0.15394239308748392,0.19698157147882225,0.0,0.0,0.0,0.013520079057424922
1767222379.200042,0.1547606631181093,0.19633934155694915,0.0,0.0,0.0,0.005343218241703579
1767222379.2096925,0.15413141193590885,0.19683370581892307,0.0,0.0,0.0,0.01159493254851239
1767222379.2196965,0.1547363357150541,0.19635851471543472,0.0,0.0,0.0,0.0055836507163175165
1767222379.2298064,0.15406640373103372,0.1968845934377661,0.0,0.0,0.0,0.012277337502201842
1767222379.23977,0.15406640373103372,0.1968845934377661,0.0,0.0,0.0,0.012277337502201842
1767222379.249653,0.15487322791473623,0.19625056220822876,0.0,0.0,0.0,0.004265453942803004
1767222379.2596257,0.15492374060631106,0.1962106890266754,0.0,0.0,0.0,0.0037286233084783673
1767222379.2700005,0.15494854909280698,0.19619109823284167,0.0,0.0,0.0,0.003488130940919269
1767222379.2796078,0.15487873085969012,0.19624621937522033,0.0,0.0,0.0,0.004191151578849168
1767222379.2901914,0.15487873085969012,0.19624621937522033,0.0,0.0,0.0,0.004191151578849168
1767222379.2997622,0.15469864033250338,0.19638821393110437,0.0,0.0,0.0,0.006014958335139731
1767222379.3095493,0.15408393683117896,0.19687087215322885,0.0,0.0,0.0,0.012115421271422368
1767222379.3198051,0.15408393683117896,0.19687087215322885,0.0,0.0,0.0,0.012115421271422368
1767222379.3296936,0.15487312532946365,0.19625064316444582,0.0,0.0,0.0,0.0042267731348330315
1767222379.3386514,0.15487312532946365,0.19625064316444582,0.0,0.0,0.0,0.0042267731348330315
1767222379.34883,0.1549010162643287,0.19622862954231102,0.0,0.0,0.0,0.003977557196108808
1767222379.3593206,0.1547170683375684,0.19637369644838473,0.0,0.0,0.0,0.005805765002247413
1767222379.36965,0.15406343096256947,0.19688691965646143,0.0,0.0,0.0,0.01231442766702492
1767222379.3797605,0.15472295800339006,0.19636905601050023,0.0,0.0,0.0,0.005784825317196345
1767222379.3886416,0.15472295800339006,0.19636905601050023,0.0,0.0,0.0,0.005784825317196345
1767222379.3996887,0.15489015513559318,0.19623720272631076,0.0,0.0,0.0,0.004074932530083738
1767222379.4096086,0.1541132121169878,0.1968479559018911,0.0,0.0,0.0,0.0118057764824708
1767222379.419489,0.15396289774213318,0.19696554523726365,0.0,0.0,0.0,0.013280928893983465
1767222379.429626,0.15395406721856034,0.19697244751139614,0.0,0.0,0.0,0.013360183969794447
1767222379.4396076,0.1546771700471683,0.19640512457156503,0.0,0.0,0.0,0.00621448499371665
1767222379.449716,0.15484978506887112,0.19626906010856698,0.0,0.0,0.0,0.004491099632336626
1767222379.4599805,0.15486884836545461,0.19625401829703756,0.0,0.0,0.0,0.004281191156932633
1767222379.4686093,0.15486884836545461,0.19625401829703756,0.0,0.0,0.0,0.004281191156932633
1767222379.4795082,0.15490984431222288,0.19622166044282263,0.0,0.0,0.0,0.003900379932851672
1767222379.4893553,0.15473931479187222,0.19635616707787934,0.0,0.0,0.0,0.005583450326453468
1767222379.498567,0.15473931479187222,0.19635616707787934,0.0,0.0,0.0,0.005583450326453468
1767222379.5098772,0.15490607492832043,0.19622463617516955,0.0,0.0,0.0,0.003941006950376638
1767222379.5199769,0.15490447126685675,0.19622590214676125,0.0,0.0,0.0,0.003949967046859781
1767222379.529715,0.15488655379214378,0.19624004521546962,0.0,0.0,0.0,0.004116082730742047
1767222379.5396602,0.15485716535121358,0.19626323708520266,0.0,0.0,0.0,0.004443151538739551
1767222379.5489275,0.15485716535121358,0.19626323708520266,0.0,0.0,0.0,0.004443151538739551
1767222379.5604346,0.15401235591951043,0.19692687504728432,0.0,0.0,0.0,0.012778392331804875
1767222379.570151,0.15396134512246237,0.1969667588702478,0.0,0.0,0.0,0.013288501086705522
1767222379.5796256,0.1546693521145411,0.19641128126521237,0.0,0.0,0.0,0.006298660274668427
1767222379.5895298,0.15406595918155927,0.19688494130642675,0.0,0.0,0.0,0.01227931070932915
1767222379.5998142,0.15467807950752113,0.19640440833046355,0.0,0.0,0.0,0.006194017921072185
1767222379.6083214,0.15467807950752113,0.19640440833046355,0.0,0.0,0.0,0.006194017921072185
1767222379.620078,0.15470680341077356,0.19638178344794122,0.0,0.0,0.0,0.005899835265629027
1767222379.629327,0.15486174214181575,0.19625962578323977,0.0,0.0,0.0,0.004356752482980159
1767222379.639234,0.15482899715923693,0.19628545929446953,0.0,0.0,0.0,0.004707105848594713
1767222379.6496565,0.15484950839392608,0.19626927839561517,0.0,0.0,0.0,0.004512195664797816
1767222379.6592567,0.15486397814332148,0.19625786141044443,0.0,0.0,0.0,0.004366021747955534
1767222379.6694515,0.15488408200042522,0.19624199610343726,0.0,0.0,0.0,0.004139807461964276
1767222379.6796896,0.15418656267274167,0.19679050734965298,0.0,0.0,0.0,0.011039862807445879
1767222379.6899204,0.15418656267274167,0.19679050734965298,0.0,0.0,0.0,0.011039862807445879
1767222379.6984997,0.15401316374231971,0.19692624326343236,0.0,0.0,0.0,0.012766625656321678
1767222379.7092748,0.15464613015657636,0.1964295657974362,0.0,0.0,0.0,0.006524833049797334
1767222379.7193587,0.15464613015657636,0.1964295657974362,0.0,0.0,0.0,0.006524833049797334
1767222379.7297776,0.1548998232482081,0.19622957129201682,0.0,0.0,0.0,0.003984052019616516
1767222379.7393622,0.15417786062220454,0.1967973251488152,0.0,0.0,0.0,0.01112777801702805
1767222379.7487009,0.15417786062220454,0.1967973251488152,0.0,0.0,0.0,0.01112777801702805
1767222379.759213,0.154070439899866,0.1968814349826577,0.0,0.0,0.0,0.012222376946900718
1767222379.769466,0.15391185122953238,0.19700543632820552,0.0,0.0,0.0,0.013796558375148144
1767222379.7792375,0.15464467899164488,0.19643070826972217,0.0,0.0,0.0,0.006575312748016914
1767222379.78998,0.15485464669756482,0.19626522434692026,0.0,0.0,0.0,0.004446038365116759
1767222379.7998703,0.15488897088755563,0.19623813744827828,0.0,0.0,0.0,0.004072860824562461
1767222379.8100276,0.1549245824726267,0.19621002430420523,0.0,0.0,0.0,0.003703463506495249
1767222379.8185375,0.1549245824726267,0.19621002430420523,0.0,0.0,0.0,0.003703463506495249
1767222379.8286445,0.15416132586099993,0.19681027793422481,0.0,0.0,0.0,0.01130197919288468
1767222379.8399515,0.15468273256000098,0.19640074373470653,0.0,0.0,0.0,0.006167122070437254
1767222379.8484282,0.15468273256000098,0.19640074373470653,0.0,0.0,0.0,0.006167122070437254
1767222379.8596385,0.15490031150833064,0.19622918586794624,0.0,0.0,0.0,0.003987551310534293
1767222379.8694887,0.1549591647442645,0.19618271369704018,0.0,0.0,0.0,0.003354328356290919
1767222379.87868,0.1549591647442645,0.19618271369704018,0.0,0.0,0.0,0.003354328356290919
1767222379.8895164,0.15396603701106173,0.19696309131122858,0.0,0.0,0.0,0.013272521556428891
1767222379.8994584,0.15467454274175008,0.19640719365492687,0.0,0.0,0.0,0.0062572070573322265
1767222379.910312,0.1540798855486682,0.19687404288294988,0.0,0.0,0.0,0.012159919875314696
1767222379.9200122,0.15476549646865922,0.1963355316660307,0.0,0.0,0.0,0.005343161425365759
1767222379.9284425,0.15476549646865922,0.1963355316660307,0.0,0.0,0.0,0.005343161425365759
1767222379.9396029,0.15478567540260593,0.19631962352738289,0.0,0.0,0.0,0.005072809143239478
1767222379.9494789,0.15410674691274115,0.19685301737017136,0.0,0.0,0.0,0.011836179038291386
1767222379.960273,0.15398813821222446,0.19694581280570406,0.0,0.0,0.0,0.01305460655711478
1767222379.969057,0.15398813821222446,0.19694581280570406,0.0,0.0,0.0,0.01305460655711478
1767222379.9795806,0.15486126809135747,0.19625999983927417,0.0,0.0,0.0,0.004393420619611828
1767222379.9896228,0.1549031309493668,0.19622696021153485,0.0,0.0,0.0,0.003947730812690203
1767222379.9993374,0.15413829866217402,0.1968283129463357,0.0,0.0,0.0,0.011523239961142422
1767222380.0108786,0.15413829866217402,0.1968283129463357,0.0,0.0,0.0,0.011523239961142422
1767222380.0191905,0.1539334516267556,0.19698855896229367,0.0,0.0,0.0,0.013586776246963214
1767222380.0299575,0.15469380813403655,0.19639202024716648,0.0,0.0,0.0,0.006066343262383117
1767222380.039228,0.15469380813403655,0.19639202024716648,0.0,0.0,0.0,0.006066343262383117
1767222380.0500839,0.1548727398927366,0.19625094733501833,0.0,0.0,0.0,0.004278587616855471
1767222380.059065,0.1548727398927366,0.19625094733501833,0.0,0.0,0.0,0.004278587616855471
1767222380.0698285,0.15409715380492742,0.19686052697529333,0.0,0.0,0.0,0.011928956434610578
1767222380.079726,0.15400994520874173,0.19692876038955964,0.0,0.0,0.0,0.012767542136669358
1767222380.0903294,0.15400994520874173,0.19692876038955964,0.0,0.0,0.0,0.012767542136669358
1767222380.099639,0.15478385215700285,0.19632106102814012,0.0,0.0,0.0,0.005159457879911998
1767222380.1100142,0.15407912340623264,0.19687463935747426,0.0,0.0,0.0,0.012144876167801393
1767222380.1192877,0.15407912340623264,0.19687463935747426,0.0,0.0,0.0,0.012144876167801393
1767222380.129959,0.15468757882875667,0.19639692677807155,0.0,0.0,0.0,0.006118712458421661
1767222380.1399078,0.15414088742303023,0.19682628563331825,0.0,0.0,0.0,0.011499584439058498
1767222380.148522,0.15414088742303023,0.19682628563331825,0.0,0.0,0.0,0.011499584439058498
1767222380.159642,0.1539316466063201,0.19698996945234235,0.0,0.0,0.0,0.013587047360641556
1767222380.169744,0.15466218323998074,0.19641692637656377,0.0,0.0,0.0,0.006376101209673059
1767222380.1797068,0.15407192875996525,0.19688026985950668,0.0,0.0,0.0,0.012208671272155821
1767222380.1898994,0.1539914348885393,0.19694323515352408,0.0,0.0,0.0,0.012983243062368711
1767222380.1987286,0.1539914348885393,0.19694323515352408,0.0,0.0,0.0,0.012983243062368711
1767222380.2099166,0.15495256212685715,0.1961879287369572,0.0,0.0,0.0,0.0034163542368006007
1767222380.2188332,0.15417271738235236,0.19680135443311958,0.0,0.0,0.0,0.011182663192293772
1767222380.2297456,0.15396492770643963,0.19696395844955691,0.0,0.0,0.0,0.013281875284829674
1767222380.2388003,0.15396492770643963,0.19696395844955691,0.0,0.0,0.0,0.013281875284829674
1767222380.2486522,0.15387081266932534,0.19703749110321397,0.0,0.0,0.0,0.014218115550900736
1767222380.2592435,0.15393249454875146,0.19698930685132535,0.0,0.0,0.0,0.013579838721205691
1767222380.2707472,0.15473273297945972,0.1963613537244063,0.0,0.0,0.0,0.005616049743447057
1767222380.2794428,0.15473273297945972,0.1963613537244063,0.0,0.0,0.0,0.005616049743447057
1767222380.288956,0.15488878751117627,0.1962382821854408,0.0,0.0,0.0,0.004071966095033425
1767222380.2994404,0.15481805393658823,0.19629409075941034,0.0,0.0,0.0,0.0048502471939352206
1767222380.3097653,0.1548221641715949,0.1962908489283175,0.0,0.0,0.0,0.0048052000888809876
1767222380.3191822,0.1548896717082436,0.19623758429487642,0.0,0.0,0.0,0.004085983877909099
1767222380.3291545,0.1541729461075875,0.19680117525125618,0.0,0.0,0.0,0.01117019757408302
1767222380.3388336,0.15403379937543163,0.196910102690889,0.0,0.0,0.0,0.012546605364452564
1767222380.3493366,0.15466484932822672,0.1964148270219222,0.0,0.0,0.0,0.006312192967478891
1767222380.3596,0.15475727213142368,0.19634201438871005,0.0,0.0,0.0,0.00543503645800364
1767222380.3692703,0.15409320755170464,0.19686361593295162,0.0,0.0,0.0,0.01204516983309714
1767222380.3798099,0.1547577539099959,0.1963416346486586,0.0,0.0,0.0,0.005409408467771503
