t,frame_id,x,y,z
1773116693.653258,base_link,-0.010639335824131013,-0.0043211061317602675,0.010061473502741558
1773116693.6564648,base_link,-0.010639335824131013,-0.0043211061317602675,0.010061473502741558
1773116693.65974,base_link,-0.010639335824131013,-0.0043211061317602675,0.010061473502741558
1773116693.6693215,base_link,-0.01142204437072658,-0.004307859149956912,0.010514209229302351
1773116693.6793876,base_link,-0.012129279965080175,-0.0042943778645456385,0.01088237951687493
1773116693.689221,base_link,-0.012129279965080175,-0.0042943778645456385,0.01088237951687493
1773116693.699134,base_link,-0.013306803236431852,-0.004277143057670935,0.011377719035398248
1773116693.7092936,base_link,-0.013306803236431852,-0.004277143057670935,0.011377719035398248
1773116693.7190561,base_link,-0.013306803236431852,-0.004277143057670935,0.011377719035398248
1773116693.7297182,base_link,-0.014538676279241602,-0.004271288132465953,0.01190653726953228
1773116693.7397215,base_link,-0.014538676279241602,-0.004271288132465953,0.01190653726953228
1773116693.7500145,base_link,-0.014538676279241602,-0.004271288132465953,0.01190653726953228
1773116693.7603092,base_link,-0.016036136760843034,-0.00427357806564755,0.012308509854063787
1773116693.7697318,base_link,-0.016036136760843034,-0.00427357806564755,0.012308509854063787
1773116693.779813,base_link,-0.016036136760843034,-0.00427357806564755,0.012308509854063787
1773116693.7897534,base_link,-0.0177986833022884,-0.004271059795754047,0.012430895264402386
1773116693.7997053,base_link,-0.0177986833022884,-0.004271059795754047,0.012430895264402386
1773116693.810119,base_link,-0.0177986833022884,-0.004271059795754047,0.012430895264402386
1773116693.820013,base_link,-0.0177986833022884,-0.004271059795754047,0.012430895264402386
1773116693.8293574,base_link,-0.019246207358327272,-0.0042753143811697925,0.012344616707482992
1773116693.8395717,base_link,-0.020401326055559277,-0.00426623783323124,0.012305487825563843
1773116693.8494687,base_link,-0.020401326055559277,-0.00426623783323124,0.012305487825563843
1773116693.859595,base_link,-0.020401326055559277,-0.00426623783323124,0.012305487825563843
1773116693.8697863,base_link,-0.021265159319649785,-0.004264905715788858,0.01226174661773577
1773116693.879899,base_link,-0.021265159319649785,-0.004264905715788858,0.01226174661773577
1773116693.8894563,base_link,-0.02271825739663441,-0.00426559397157697,0.012219379789361884
1773116693.8998375,base_link,-0.02271825739663441,-0.00426559397157697,0.012219379789361884
1773116693.909543,base_link,-0.02271825739663441,-0.00426559397157697,0.012219379789361884
1773116693.9204533,base_link,-0.02359991728426708,-0.004267923352634435,0.012217066358359008
1773116693.9297936,base_link,-0.02359991728426708,-0.004267923352634435,0.012217066358359008
1773116693.9393294,base_link,-0.025075778405907134,-0.004258699555197254,0.012220426751819169
1773116693.9494176,base_link,-0.025075778405907134,-0.004258699555197254,0.012220426751819169
1773116693.9595323,base_link,-0.025075778405907134,-0.004258699555197254,0.012220426751819169
1773116693.9693012,base_link,-0.025957553107480102,-0.004252471049031807,0.01221913137395736
1773116693.9793572,base_link,-0.025957553107480102,-0.004252471049031807,0.01221913137395736
1773116693.9891841,base_link,-0.025957553107480102,-0.004252471049031807,0.01221913137395736
1773116693.99963,base_link,-0.027730361503272072,-0.004243170656355821,0.012265948339181376
1773116694.0098217,base_link,-0.027730361503272072,-0.004243170656355821,0.012265948339181376
1773116694.0191886,base_link,-0.027730361503272072,-0.004243170656355821,0.012265948339181376
1773116694.0296612,base_link,-0.02955829577465169,-0.004232229700872017,0.012327800822053259
1773116694.0391798,base_link,-0.02955829577465169,-0.004232229700872017,0.012327800822053259
1773116694.0491383,base_link,-0.02955829577465169,-0.004232229700872017,0.012327800822053259
1773116694.0593424,base_link,-0.02955829577465169,-0.004232229700872017,0.012327800822053259
1773116694.0693736,base_link,-0.030992242056408936,-0.004216928169686829,0.012332717632406398
1773116694.0791516,base_link,-0.030992242056408936,-0.004216928169686829,0.012332717632406398
1773116694.0895214,base_link,-0.030992242056408936,-0.004216928169686829,0.012332717632406398
1773116694.0995975,base_link,-0.0324637962425518,-0.004210908506011961,0.01235974339524265
1773116694.1093497,base_link,-0.0324637962425518,-0.004210908506011961,0.01235974339524265
1773116694.1197855,base_link,-0.0324637962425518,-0.004210908506011961,0.01235974339524265
1773116694.1294165,base_link,-0.03393892240688362,-0.004198504827417321,0.012404272223332902
1773116694.139292,base_link,-0.03393892240688362,-0.004198504827417321,0.012404272223332902
1773116694.1494703,base_link,-0.03393892240688362,-0.004198504827417321,0.012404272223332902
1773116694.1596515,base_link,-0.035407326942319184,-0.004188349141132183,0.012383662289518704
1773116694.1703753,base_link,-0.035407326942319184,-0.004188349141132183,0.012383662289518704
1773116694.1801698,base_link,-0.03688821228297712,-0.004184678043577278,0.012407302898329087
1773116694.1896625,base_link,-0.03688821228297712,-0.004184678043577278,0.012407302898329087
1773116694.2000165,base_link,-0.03688821228297712,-0.004184678043577278,0.012407302898329087
1773116694.2093809,base_link,-0.03778305057046394,-0.0041789412885518545,0.012424232895246745
1773116694.2194295,base_link,-0.03778305057046394,-0.0041789412885518545,0.012424232895246745
1773116694.2291634,base_link,-0.039261752239661274,-0.004164207024883883,0.012447512154120988
1773116694.2391417,base_link,-0.039261752239661274,-0.004164207024883883,0.012447512154120988
1773116694.2491786,base_link,-0.039261752239661274,-0.004164207024883883,0.012447512154120988
1773116694.25934,base_link,-0.040206609694710016,-0.004160733632378809,0.01251284337739067
1773116694.2691858,base_link,-0.040206609694710016,-0.004160733632378809,0.01251284337739067
1773116694.279493,base_link,-0.040206609694710016,-0.004160733632378809,0.01251284337739067
1773116694.2891638,base_link,-0.04191733123462493,-0.00415716682655954,0.012477945862434614
1773116694.2991247,base_link,-0.04191733123462493,-0.00415716682655954,0.012477945862434614
1773116694.3091445,base_link,-0.04191733123462493,-0.00415716682655954,0.012477945862434614
1773116694.3192143,base_link,-0.043687615328425466,-0.0041530076532087165,0.012479588472332659
1773116694.3292,base_link,-0.043687615328425466,-0.0041530076532087165,0.012479588472332659
1773116694.3391192,base_link,-0.043687615328425466,-0.0041530076532087165,0.012479588472332659
1773116694.3494313,base_link,-0.045164890465664076,-0.004140970399253187,0.012498133121680244
1773116694.359164,base_link,-0.045164890465664076,-0.004140970399253187,0.012498133121680244
1773116694.3691256,base_link,-0.045164890465664076,-0.004140970399253187,0.012498133121680244
1773116694.3791158,base_link,-0.045164890465664076,-0.004140970399253187,0.012498133121680244
1773116694.3891616,base_link,-0.04664742998081911,-0.00413200345883806,0.01252910049318856
1773116694.3990707,base_link,-0.04664742998081911,-0.00413200345883806,0.01252910049318856
1773116694.4096835,base_link,-0.04664742998081911,-0.00413200345883806,0.01252910049318856
1773116694.4191768,base_link,-0.04811975993751194,-0.004120433136259108,0.012529499792460486
1773116694.429186,base_link,-0.04811975993751194,-0.004120433136259108,0.012529499792460486
1773116694.4397507,base_link,-0.04811975993751194,-0.004120433136259108,0.012529499792460486
1773116694.449295,base_link,-0.049595722541227516,-0.004105054877029127,0.012545282630370858
1773116694.4597092,base_link,-0.049595722541227516,-0.004105054877029127,0.012545282630370858
1773116694.4692779,base_link,-0.05107293414049979,-0.0040923205997802845,0.012570973536191243
1773116694.4791596,base_link,-0.05107293414049979,-0.0040923205997802845,0.012570973536191243
1773116694.4893658,base_link,-0.05107293414049979,-0.0040923205997802845,0.012570973536191243
1773116694.4992936,base_link,-0.0520123473863261,-0.004086237330630363,0.012632723402165036
1773116694.5103738,base_link,-0.05349027452691246,-0.004067078192697374,0.012681100451379268
1773116694.5192223,base_link,-0.05349027452691246,-0.004067078192697374,0.012681100451379268
1773116694.5291932,base_link,-0.05349027452691246,-0.004067078192697374,0.012681100451379268
1773116694.539287,base_link,-0.05349027452691246,-0.004067078192697374,0.012681100451379268
1773116694.5491655,base_link,-0.05431442784526164,-0.004052978374140537,0.012640020835480326
1773116694.5591912,base_link,-0.05431442784526164,-0.004052978374140537,0.012640020835480326
1773116694.569297,base_link,-0.05431442784526164,-0.004052978374140537,0.012640020835480326
1773116694.579309,base_link,-0.056144263203037725,-0.004035491885647356,0.012765902044722
1773116694.5890982,base_link,-0.056144263203037725,-0.004035491885647356,0.012765902044722
1773116694.6015382,base_link,-0.056144263203037725,-0.004035491885647356,0.012765902044722
1773116694.609308,base_link,-0.05791359479762814,-0.004014378110019354,0.012832598104862036
1773116694.6191316,base_link,-0.05791359479762814,-0.004014378110019354,0.012832598104862036
1773116694.6290677,base_link,-0.05791359479762814,-0.004014378110019354,0.012832598104862036
1773116694.6391954,base_link,-0.05938874424684476,-0.003987688710259889,0.012906195489512884
1773116694.649103,base_link,-0.05938874424684476,-0.003987688710259889,0.012906195489512884
1773116694.6611433,base_link,-0.05938874424684476,-0.003987688710259889,0.012906195489512884
1773116694.6699836,base_link,-0.06085811435455818,-0.003960101552187678,0.01299306152511942
1773116694.6791985,base_link,-0.06085811435455818,-0.003960101552187678,0.01299306152511942
1773116694.6891556,base_link,-0.06085811435455818,-0.003960101552187678,0.01299306152511942
1773116694.6992207,base_link,-0.06085811435455818,-0.003960101552187678,0.01299306152511942
1773116694.7092059,base_link,-0.062326351956085047,-0.003938216284660234,0.013045089790300501
1773116694.7191095,base_link,-0.062326351956085047,-0.003938216284660234,0.013045089790300501
1773116694.7298093,base_link,-0.062326351956085047,-0.003938216284660234,0.013045089790300501
1773116694.7396672,base_link,-0.06381011438090778,-0.00391901877322863,0.013166855803979527
1773116694.7500577,base_link,-0.06528378452694761,-0.0038972838687561726,0.013223467749198858
1773116694.7593246,base_link,-0.06528378452694761,-0.0038972838687561726,0.013223467749198858
1773116694.7692163,base_link,-0.06528378452694761,-0.0038972838687561726,0.013223467749198858
1773116694.7797143,base_link,-0.06528378452694761,-0.0038972838687561726,0.013223467749198858
1773116694.7893426,base_link,-0.06616696654782123,-0.003888586598692713,0.013247468656006456
1773116694.7999227,base_link,-0.06764264444711277,-0.0038743888154353576,0.013312881446445213
1773116694.8095675,base_link,-0.06764264444711277,-0.0038743888154353576,0.013312881446445213
1773116694.8195736,base_link,-0.06764264444711277,-0.0038743888154353576,0.013312881446445213
1773116694.829696,base_link,-0.06852821731430969,-0.0038645047393566986,0.013345151416507217
1773116694.8395655,base_link,-0.06852821731430969,-0.0038645047393566986,0.013345151416507217
1773116694.8494127,base_link,-0.06852821731430969,-0.0038645047393566986,0.013345151416507217
1773116694.8599112,base_link,-0.06852821731430969,-0.0038645047393566986,0.013345151416507217
1773116694.8694615,base_link,-0.07029718146369923,-0.003836324423384524,0.01339707823193842
1773116694.8800335,base_link,-0.07029718146369923,-0.003836324423384524,0.01339707823193842
1773116694.8899362,base_link,-0.07029718146369923,-0.003836324423384524,0.01339707823193842
1773116694.8992798,base_link,-0.0720765459377366,-0.003801659771017138,0.01348938031905772
1773116694.9099357,base_link,-0.0720765459377366,-0.003801659771017138,0.01348938031905772
1773116694.9195616,base_link,-0.0720765459377366,-0.003801659771017138,0.01348938031905772
1773116694.9296021,base_link,-0.07355042890704117,-0.003787481306848424,0.013517498302413222
1773116694.9397383,base_link,-0.07355042890704117,-0.003787481306848424,0.013517498302413222
1773116694.9493525,base_link,-0.07355042890704117,-0.003787481306848424,0.013517498302413222
1773116694.9593942,base_link,-0.07501553917655135,-0.0037821762328498487,0.013544414850843789
1773116694.9699142,base_link,-0.07501553917655135,-0.0037821762328498487,0.013544414850843789
1773116694.979679,base_link,-0.07618995439287957,-0.0037812772394677924,0.013552334288065682
1773116694.989522,base_link,-0.07707544901976793,-0.00377362278885654,0.013564696361571649
1773116694.9997437,base_link,-0.07707544901976793,-0.00377362278885654,0.013564696361571649
1773116695.0092874,base_link,-0.07707544901976793,-0.00377362278885654,0.013564696361571649
1773116695.019738,base_link,-0.07707544901976793,-0.00377362278885654,0.013564696361571649
1773116695.0295742,base_link,-0.07795838184591708,-0.0037561036245619336,0.013614793922154256
1773116695.0410283,base_link,-0.07943666697219975,-0.0037348154944088913,0.013699250975708288
1773116695.0492444,base_link,-0.07943666697219975,-0.0037348154944088913,0.013699250975708288
1773116695.0593843,base_link,-0.07943666697219975,-0.0037348154944088913,0.013699250975708288
1773116695.069347,base_link,-0.0803204500427337,-0.0037214187200758433,0.013727710289359152
1773116695.079398,base_link,-0.0803204500427337,-0.0037214187200758433,0.013727710289359152
1773116695.0894406,base_link,-0.08179015510641463,-0.003716665518820342,0.013747467776903
1773116695.0993972,base_link,-0.08179015510641463,-0.003716665518820342,0.013747467776903
1773116695.10935,base_link,-0.08179015510641463,-0.003716665518820342,0.013747467776903
1773116695.1195095,base_link,-0.08296874483504801,-0.0037050870739482947,0.013800914378374052
1773116695.12934,base_link,-0.08296874483504801,-0.0037050870739482947,0.013800914378374052
1773116695.1392143,base_link,-0.08296874483504801,-0.0037050870739482947,0.013800914378374052
1773116695.1500173,base_link,-0.08443695064871753,-0.003682298485775601,0.013823700545197992
1773116695.1591072,base_link,-0.08443695064871753,-0.003682298485775601,0.013823700545197992
1773116695.1693335,base_link,-0.08443695064871753,-0.003682298485775601,0.013823700545197992
1773116695.1800985,base_link,-0.08443695064871753,-0.003682298485775601,0.013823700545197992
1773116695.1895666,base_link,-0.0862165534589151,-0.0036500571275925875,0.013953948036854125
1773116695.19886,base_link,-0.0862165534589151,-0.0036500571275925875,0.013953948036854125
1773116695.209578,base_link,-0.0862165534589151,-0.0036500571275925875,0.013953948036854125
1773116695.2192254,base_link,-0.0876842194143504,-0.003652089446791379,0.013966806371576101
1773116695.2297506,base_link,-0.08885787430354258,-0.003649517125514326,0.014023410968410421
1773116695.2391233,base_link,-0.08885787430354258,-0.003649517125514326,0.014023410968410421
1773116695.249138,base_link,-0.08885787430354258,-0.003649517125514326,0.014023410968410421
1773116695.259647,base_link,-0.08885787430354258,-0.003649517125514326,0.014023410968410421
1773116695.2695067,base_link,-0.08972792807989927,-0.003633876134849612,0.013980367989546327
1773116695.279578,base_link,-0.09119236540401071,-0.00359501885810444,0.013958063501412599
1773116695.2893405,base_link,-0.09119236540401071,-0.00359501885810444,0.013958063501412599
1773116695.2993164,base_link,-0.09119236540401071,-0.00359501885810444,0.013958063501412599
1773116695.3103728,base_link,-0.09207452426891327,-0.0035829680398909644,0.013945891693289358
1773116695.319526,base_link,-0.09207452426891327,-0.0035829680398909644,0.013945891693289358
1773116695.329374,base_link,-0.09356843631503253,-0.003564389650978335,0.01409108372862683
1773116695.339484,base_link,-0.09356843631503253,-0.003564389650978335,0.01409108372862683
1773116695.3492978,base_link,-0.09356843631503253,-0.003564389650978335,0.01409108372862683
1773116695.3594484,base_link,-0.09445248847687754,-0.0035579778573436235,0.01411239635879391
1773116695.3693771,base_link,-0.09445248847687754,-0.0035579778573436235,0.01411239635879391
1773116695.379213,base_link,-0.09445248847687754,-0.0035579778573436235,0.01411239635879391
1773116695.3893497,base_link,-0.09621461358713845,-0.003535148273453928,0.014142190209591399
1773116695.399449,base_link,-0.09621461358713845,-0.003535148273453928,0.014142190209591399
1773116695.409266,base_link,-0.09621461358713845,-0.003535148273453928,0.014142190209591399
1773116695.419228,base_link,-0.09621461358713845,-0.003535148273453928,0.014142190209591399
1773116695.4292545,base_link,-0.0976913169581678,-0.00351824356277608,0.014196121613923252
1773116695.4391928,base_link,-0.0976913169581678,-0.00351824356277608,0.014196121613923252
1773116695.4491627,base_link,-0.0976913169581678,-0.00351824356277608,0.014196121613923252
1773116695.4593554,base_link,-0.09946411589658488,-0.003509063195230873,0.014271764618046356
1773116695.4691405,base_link,-0.09946411589658488,-0.003509063195230873,0.014271764618046356
1773116695.4791005,base_link,-0.09946411589658488,-0.003509063195230873,0.014271764618046356
1773116695.489309,base_link,-0.10093036450337273,-0.00349545231670232,0.01432128730113269
1773116695.4991667,base_link,-0.10093036450337273,-0.00349545231670232,0.01432128730113269
1773116695.5091984,base_link,-0.10093036450337273,-0.00349545231670232,0.01432128730113269
1773116695.5193102,base_link,-0.10239746225075341,-0.003488097996279374,0.014317717691891108
1773116695.5291317,base_link,-0.10239746225075341,-0.003488097996279374,0.014317717691891108
1773116695.539102,base_link,-0.10239746225075341,-0.003488097996279374,0.014317717691891108
1773116695.5493429,base_link,-0.1038677352902157,-0.0034826965547052127,0.014368286075449765
1773116695.5593307,base_link,-0.1038677352902157,-0.0034826965547052127,0.014368286075449765
1773116695.5692563,base_link,-0.10533155168937064,-0.0034781318159192234,0.014370384284059734
1773116695.5791135,base_link,-0.10533155168937064,-0.0034781318159192234,0.014370384284059734
1773116695.5891821,base_link,-0.10533155168937064,-0.0034781318159192234,0.014370384284059734
1773116695.5993984,base_link,-0.10621752373139276,-0.0034726198838416975,0.014390234214467779
1773116695.6139586,base_link,-0.10621752373139276,-0.0034726198838416975,0.014390234214467779
1773116695.6196692,base_link,-0.10769643260026052,-0.0034612559805831666,0.014484446892494673
1773116695.6295435,base_link,-0.10769643260026052,-0.0034612559805831666,0.014484446892494673
1773116695.639531,base_link,-0.10769643260026052,-0.0034612559805831666,0.014484446892494673
1773116695.6492105,base_link,-0.10858820982525669,-0.003443434996236415,0.014572166152268584
1773116695.6613793,base_link,-0.10858820982525669,-0.003443434996236415,0.014572166152268584
1773116695.669438,base_link,-0.10858820982525669,-0.003443434996236415,0.014572166152268584
1773116695.6794505,base_link,-0.11033959916200436,-0.003421491491652419,0.014582166317026357
1773116695.6894376,base_link,-0.11033959916200436,-0.003421491491652419,0.014582166317026357
1773116695.6994634,base_link,-0.11033959916200436,-0.003421491491652419,0.014582166317026357
1773116695.7105463,base_link,-0.11209544506066854,-0.003412860989138927,0.014573999759159795
1773116695.719522,base_link,-0.11209544506066854,-0.003412860989138927,0.014573999759159795
1773116695.729383,base_link,-0.11209544506066854,-0.003412860989138927,0.014573999759159795
1773116695.740168,base_link,-0.11209544506066854,-0.003412860989138927,0.014573999759159795
1773116695.7497854,base_link,-0.11356539062274917,-0.0034191160445262853,0.014535638319221111
1773116695.7596827,base_link,-0.11356539062274917,-0.0034191160445262853,0.014535638319221111
1773116695.770168,base_link,-0.11356539062274917,-0.0034191160445262853,0.014535638319221111
1773116695.7801006,base_link,-0.11504454943453557,-0.003418871619807126,0.014595939068172914
1773116695.7893376,base_link,-0.11504454943453557,-0.003418871619807126,0.014595939068172914
1773116695.8002336,base_link,-0.11504454943453557,-0.003418871619807126,0.014595939068172914
1773116695.8096905,base_link,-0.11651612423288588,-0.0034298469214230493,0.014640897330317038
1773116695.8194945,base_link,-0.11651612423288588,-0.0034298469214230493,0.014640897330317038
1773116695.8292544,base_link,-0.11651612423288588,-0.0034298469214230493,0.014640897330317038
1773116695.839388,base_link,-0.11799139807911124,-0.0034220942706374227,0.01466720815061201
1773116695.8498254,base_link,-0.11799139807911124,-0.0034220942706374227,0.01466720815061201
1773116695.8593879,base_link,-0.11945069073126602,-0.003410968376878043,0.014707119893896947
1773116695.8692925,base_link,-0.11945069073126602,-0.003410968376878043,0.014707119893896947
1773116695.8794267,base_link,-0.11945069073126602,-0.003410968376878043,0.014707119893896947
1773116695.8894036,base_link,-0.12033104459253785,-0.0034039074968043245,0.014719483667895272
1773116695.9005184,base_link,-0.12179223563676189,-0.0033968615727277066,0.01478993165009268
1773116695.909362,base_link,-0.12179223563676189,-0.0033968615727277066,0.01478993165009268
1773116695.9192982,base_link,-0.12179223563676189,-0.0033968615727277066,0.01478993165009268
1773116695.92955,base_link,-0.12179223563676189,-0.0033968615727277066,0.01478993165009268
1773116695.939484,base_link,-0.12265720498536758,-0.0033987316693619013,0.01469920465735669
1773116695.9493194,base_link,-0.12265720498536758,-0.0033987316693619013,0.01469920465735669
1773116695.959643,base_link,-0.12265720498536758,-0.0033987316693619013,0.01469920465735669
1773116695.9698293,base_link,-0.12443933243314709,-0.0033965141533944324,0.014791406699468324
1773116695.9799562,base_link,-0.12443933243314709,-0.0033965141533944324,0.014791406699468324
1773116695.9893007,base_link,-0.12443933243314709,-0.0033965141533944324,0.014791406699468324
1773116695.9994452,base_link,-0.12591857201131545,-0.0033814390484321125,0.014924224479375303
1773116696.0094879,base_link,-0.12591857201131545,-0.0033814390484321125,0.014924224479375303
1773116696.0194747,base_link,-0.12591857201131545,-0.0033814390484321125,0.014924224479375303
1773116696.029491,base_link,-0.12766076121173875,-0.003382284867315337,0.014881043087522194
1773116696.0393543,base_link,-0.12766076121173875,-0.003382284867315337,0.014881043087522194
1773116696.0498405,base_link,-0.12766076121173875,-0.003382284867315337,0.014881043087522194
1773116696.0594795,base_link,-0.12766076121173875,-0.003382284867315337,0.014881043087522194
1773116696.0693579,base_link,-0.12913086575010313,-0.003387223516078619,0.014925496447816988
1773116696.0793328,base_link,-0.12913086575010313,-0.003387223516078619,0.014925496447816988
1773116696.0899305,base_link,-0.12913086575010313,-0.003387223516078619,0.014925496447816988
1773116696.099423,base_link,-0.13058393055445772,-0.0034003861638105606,0.014883340961390656
1773116696.109253,base_link,-0.13058393055445772,-0.0034003861638105606,0.014883340961390656
1773116696.1196964,base_link,-0.13058393055445772,-0.0034003861638105606,0.014883340961390656
1773116696.1293654,base_link,-0.13205989654698735,-0.0034116827538912334,0.01492731218255472
1773116696.1393282,base_link,-0.13205989654698735,-0.0034116827538912334,0.01492731218255472
1773116696.1495705,base_link,-0.1335291975809072,-0.0034146848933724813,0.015020396456349505
1773116696.1597679,base_link,-0.1335291975809072,-0.0034146848933724813,0.015020396456349505
1773116696.1694767,base_link,-0.1335291975809072,-0.0034146848933724813,0.015020396456349505
1773116696.1795206,base_link,-0.13440261292280736,-0.0034285423785138727,0.01502276584952772
1773116696.1903627,base_link,-0.13585883305367746,-0.0034416673297595277,0.015031791892884061
1773116696.1995044,base_link,-0.13585883305367746,-0.0034416673297595277,0.015031791892884061
1773116696.2093644,base_link,-0.13585883305367746,-0.0034416673297595277,0.015031791892884061
1773116696.2196991,base_link,-0.13585883305367746,-0.0034416673297595277,0.015031791892884061
1773116696.2294707,base_link,-0.13659433821777295,-0.0034441199156592037,0.014963229646813347
1773116696.2394657,base_link,-0.13659433821777295,-0.0034441199156592037,0.014963229646813347
1773116696.2495568,base_link,-0.13659433821777295,-0.0034441199156592037,0.014963229646813347
1773116696.2593887,base_link,-0.13748767158289665,-0.0034429645867512376,0.01498008274970658
1773116696.269715,base_link,-0.13748767158289665,-0.0034429645867512376,0.01498008274970658
1773116696.2795093,base_link,-0.13748767158289665,-0.0034429645867512376,0.01498008274970658
1773116696.2895105,base_link,-0.13792491431926046,-0.003444423749228126,0.014986939732866855
1773116696.2993975,base_link,-0.13792491431926046,-0.003444423749228126,0.014986939732866855
1773116696.3092246,base_link,-0.13792491431926046,-0.003444423749228126,0.014986939732866855
1773116696.319435,base_link,-0.13821192597156584,-0.0034482658632580057,0.01500658833178542
1773116696.329656,base_link,-0.13821192597156584,-0.0034482658632580057,0.01500658833178542
1773116696.3393626,base_link,-0.13821192597156584,-0.0034482658632580057,0.01500658833178542
1773116696.3500037,base_link,-0.13829815712003768,-0.0034524829569601775,0.014894258482409106
1773116696.3597093,base_link,-0.13829815712003768,-0.0034524829569601775,0.014894258482409106
1773116696.369499,base_link,-0.13837094424181284,-0.0034468685043354333,0.014770448996931695
1773116696.3795707,base_link,-0.13837094424181284,-0.0034468685043354333,0.014770448996931695
1773116696.3892784,base_link,-0.1384353772114385,-0.0034411446761534806,0.014833227781921088
1773116696.3993895,base_link,-0.1384353772114385,-0.0034411446761534806,0.014833227781921088
1773116696.4093876,base_link,-0.1384353772114385,-0.0034411446761534806,0.014833227781921088
1773116696.4195492,base_link,-0.1384777630741868,-0.0034374743409054387,0.014880232417478934
1773116696.4295793,base_link,-0.13851566013553462,-0.0034354584822137435,0.014917596337010564
1773116696.4394863,base_link,-0.13851566013553462,-0.0034354584822137435,0.014917596337010564
1773116696.4492333,base_link,-0.13851566013553462,-0.0034354584822137435,0.014917596337010564
1773116696.4595711,base_link,-0.13851566013553462,-0.0034354584822137435,0.014917596337010564
1773116696.4694476,base_link,-0.13850987183185492,-0.0034307362311936512,0.014865488106431679
1773116696.479369,base_link,-0.13850410614099695,-0.00343193723769436,0.01481227771053456
1773116696.4892323,base_link,-0.13850410614099695,-0.00343193723769436,0.01481227771053456
1773116696.4993057,base_link,-0.13850410614099695,-0.00343193723769436,0.01481227771053456
1773116696.5108619,base_link,-0.1384980493636171,-0.00343200645801426,0.014756520585132327
1773116696.5197575,base_link,-0.1384980493636171,-0.00343200645801426,0.014756520585132327
1773116696.5293248,base_link,-0.1384980493636171,-0.00343200645801426,0.014756520585132327
1773116696.5399091,base_link,-0.1384980493636171,-0.00343200645801426,0.014756520585132327
1773116696.5493162,base_link,-0.13850928114094208,-0.003428150765416804,0.014765081145722336
1773116696.5594428,base_link,-0.13850928114094208,-0.003428150765416804,0.014765081145722336
1773116696.5699706,base_link,-0.13850928114094208,-0.003428150765416804,0.014765081145722336
1773116696.5794837,base_link,-0.13851714807434345,-0.0034277008885147398,0.014773324260809684
1773116696.5894046,base_link,-0.13851714807434345,-0.0034277008885147398,0.014773324260809684
1773116696.6003203,base_link,-0.13851714807434345,-0.0034277008885147398,0.014773324260809684
1773116696.6093998,base_link,-0.138514303230174,-0.0034283692244706024,0.014742332649239187
1773116696.621543,base_link,-0.138514303230174,-0.0034283692244706024,0.014742332649239187
1773116696.6294932,base_link,-0.1385140917029326,-0.003428572828850923,0.014738719723136673
1773116696.6394033,base_link,-0.1385140917029326,-0.003428572828850923,0.014738719723136673
1773116696.6497645,base_link,-0.1385140917029326,-0.003428572828850923,0.014738719723136673
1773116696.6615248,base_link,-0.13851330868880118,-0.0034286542739511636,0.014730367774038133
1773116696.6696365,base_link,-0.13852121833109055,-0.003423841701358815,0.014738685889022551
1773116696.679428,base_link,-0.13852121833109055,-0.003423841701358815,0.014738685889022551
1773116696.6892807,base_link,-0.13852121833109055,-0.003423841701358815,0.014738685889022551
1773116696.7002168,base_link,-0.13852121833109055,-0.003423841701358815,0.014738685889022551
1773116696.7093253,base_link,-0.13853300079767528,-0.0034221763626794896,0.01475193019501203
1773116696.7196298,base_link,-0.13853271550510393,-0.003421946425829339,0.014749532594825865
1773116696.7293005,base_link,-0.13853271550510393,-0.003421946425829339,0.014749532594825865
1773116696.739176,base_link,-0.13853271550510393,-0.003421946425829339,0.014749532594825865
1773116696.7500792,base_link,-0.13853250337071715,-0.0034224877810819024,0.014745975802587352
1773116696.7591436,base_link,-0.13853250337071715,-0.0034224877810819024,0.014745975802587352
1773116696.7691193,base_link,-0.13853250337071715,-0.0034224877810819024,0.014745975802587352
1773116696.7795722,base_link,-0.13853250337071715,-0.0034224877810819024,0.014745975802587352
1773116696.789136,base_link,-0.13853225002898667,-0.0034269422221874443,0.01474226929893091
1773116696.7991486,base_link,-0.13853225002898667,-0.0034269422221874443,0.01474226929893091
1773116696.8097615,base_link,-0.13853225002898667,-0.0034269422221874443,0.01474226929893091
1773116696.8191807,base_link,-0.13853968350445056,-0.0034199215069789235,0.01474461479555389
1773116696.8291693,base_link,-0.13853968350445056,-0.0034199215069789235,0.01474461479555389
1773116696.8391402,base_link,-0.13853968350445056,-0.0034199215069789235,0.01474461479555389
1773116696.8493545,base_link,-0.13854552738192938,-0.0034199065514230603,0.01475181683280019
1773116696.85939,base_link,-0.13854552738192938,-0.0034199065514230603,0.01475181683280019
1773116696.8692627,base_link,-0.13854552738192938,-0.0034199065514230603,0.01475181683280019
1773116696.879281,base_link,-0.13854531608399756,-0.0034199976918460953,0.014748185183713403
1773116696.8895621,base_link,-0.13854531608399756,-0.0034199976918460953,0.014748185183713403
1773116696.8993073,base_link,-0.13854344152958104,-0.0034206237595724026,0.014744600343176706
1773116696.909197,base_link,-0.13854344152958104,-0.0034206237595724026,0.014744600343176706
1773116696.919166,base_link,-0.13854344152958104,-0.0034206237595724026,0.014744600343176706
1773116696.9293468,base_link,-0.1385434425908154,-0.003420061088145257,0.014744506781697642
1773116696.9397664,base_link,-0.1385434425908154,-0.003420061088145257,0.014744506781697642
1773116696.9495318,base_link,-0.13854353816879045,-0.003417862656617622,0.014743254022164032
1773116696.959416,base_link,-0.13854353816879045,-0.003417862656617622,0.014743254022164032
1773116696.9697552,base_link,-0.13854353816879045,-0.003417862656617622,0.014743254022164032
1773116696.9795332,base_link,-0.13854351570730905,-0.0034208321905042985,0.014743347577184762
1773116696.989683,base_link,-0.13854353859139518,-0.003417637604395729,0.014743216595245467
1773116696.9994147,base_link,-0.13854353859139518,-0.003417637604395729,0.014743216595245467
1773116697.009458,base_link,-0.13854353859139518,-0.003417637604395729,0.014743216595245467
1773116697.0200436,base_link,-0.13854353859139518,-0.003417637604395729,0.014743216595245467
1773116697.0293407,base_link,-0.13854137902373725,-0.0034178087980444583,0.014737196748835224
1773116697.0392036,base_link,-0.13854137902373725,-0.0034178087980444583,0.014737196748835224
1773116697.049261,base_link,-0.13854137902373725,-0.0034178087980444583,0.014737196748835224
1773116697.0593865,base_link,-0.13853755762117342,-0.003417727220603982,0.01473109276913781
1773116697.0693614,base_link,-0.13853755762117342,-0.003417727220603982,0.01473109276913781
1773116697.0794806,base_link,-0.13853755762117342,-0.003417727220603982,0.01473109276913781
1773116697.0894122,base_link,-0.13853178786098475,-0.003417725653772692,0.014722600694974497
1773116697.0995739,base_link,-0.13853178786098475,-0.003417725653772692,0.014722600694974497
1773116697.1095414,base_link,-0.13853178786098475,-0.003417725653772692,0.014722600694974497
1773116697.119461,base_link,-0.1385321679554805,-0.0034162070738043004,0.014723820352735784
1773116697.1298306,base_link,-0.1385321679554805,-0.0034162070738043004,0.014723820352735784
1773116697.139342,base_link,-0.1385321679554805,-0.0034162070738043004,0.014723820352735784
1773116697.1495388,base_link,-0.13851824446093225,-0.003416424709840077,0.014704687358318758
1773116697.159769,base_link,-0.13851824446093225,-0.003416424709840077,0.014704687358318758
1773116697.169233,base_link,-0.13851824446093225,-0.003416424709840077,0.014704687358318758
1773116697.1793013,base_link,-0.13851824446093225,-0.003416424709840077,0.014704687358318758
1773116697.189197,base_link,-0.13850055070202927,-0.0034189508073238645,0.014678161272145718
1773116697.19936,base_link,-0.13850055070202927,-0.0034189508073238645,0.014678161272145718
1773116697.2094414,base_link,-0.13850055070202927,-0.0034189508073238645,0.014678161272145718
1773116697.2194288,base_link,-0.13849090226080923,-0.0034176022841059042,0.014665043638974695
1773116697.229338,base_link,-0.13848512106899502,-0.0034102851292235406,0.014657823912463397
1773116697.2392864,base_link,-0.13848512106899502,-0.0034102851292235406,0.014657823912463397
1773116697.250351,base_link,-0.13848512106899502,-0.0034102851292235406,0.014657823912463397
1773116697.2600698,base_link,-0.13848512106899502,-0.0034102851292235406,0.014657823912463397
1773116697.269301,base_link,-0.13847927501988466,-0.003410525109610013,0.014650660373175417
1773116697.2794209,base_link,-0.1384500242709757,-0.003412556661902044,0.0146145826266742
1773116697.2892756,base_link,-0.1384500242709757,-0.003412556661902044,0.0146145826266742
1773116697.2992082,base_link,-0.1384500242709757,-0.003412556661902044,0.0146145826266742
1773116697.309615,base_link,-0.1384405652424584,-0.0034134112267098643,0.014605079356501738
1773116697.3193233,base_link,-0.1384405652424584,-0.0034134112267098643,0.014605079356501738
1773116697.3293476,base_link,-0.1384405652424584,-0.0034134112267098643,0.014605079356501738
1773116697.3391762,base_link,-0.1384405652424584,-0.0034134112267098643,0.014605079356501738
1773116697.3492723,base_link,-0.13841908309623502,-0.0034188782638981882,0.014578779158811839
1773116697.3592129,base_link,-0.13841908309623502,-0.0034188782638981882,0.014578779158811839
1773116697.3693838,base_link,-0.13841908309623502,-0.0034188782638981882,0.014578779158811839
1773116697.3794293,base_link,-0.13839998355027944,-0.003408214935559324,0.014557358454440505
1773116697.3895135,base_link,-0.13839998355027944,-0.003408214935559324,0.014557358454440505
1773116697.3991644,base_link,-0.13839998355027944,-0.003408214935559324,0.014557358454440505
1773116697.4092596,base_link,-0.13838165898294152,-0.0034068532431362833,0.014542962896697098
1773116697.4194598,base_link,-0.13838165898294152,-0.0034068532431362833,0.014542962896697098
1773116697.4292867,base_link,-0.13838165898294152,-0.0034068532431362833,0.014542962896697098
1773116697.4393306,base_link,-0.13831816710255407,-0.003409326732696283,0.014470841001808898
1773116697.4493215,base_link,-0.13831816710255407,-0.003409326732696283,0.014470841001808898
1773116697.4593315,base_link,-0.13831816710255407,-0.003409326732696283,0.014470841001808898
1773116697.469632,base_link,-0.13820679087793453,-0.003408708864284002,0.014345706211301434
1773116697.4794214,base_link,-0.13820679087793453,-0.003408708864284002,0.014345706211301434
1773116697.4892251,base_link,-0.13820679087793453,-0.003408708864284002,0.014345706211301434
1773116697.4999552,base_link,-0.13809645701361473,-0.0034087832935266113,0.01421604775089741
1773116697.5093257,base_link,-0.13809645701361473,-0.0034087832935266113,0.01421604775089741
1773116697.519955,base_link,-0.13807089158103347,-0.003407865449339069,0.014196866433172861
1773116697.529738,base_link,-0.13807089158103347,-0.003407865449339069,0.014196866433172861
1773116697.539206,base_link,-0.13807089158103347,-0.003407865449339069,0.014196866433172861
1773116697.5499554,base_link,-0.13805568301278004,-0.0034040411969990733,0.01419431413306571
1773116697.5602324,base_link,-0.13805568301278004,-0.0034040411969990733,0.01419431413306571
1773116697.5694404,base_link,-0.1379680052391279,-0.003404719730395564,0.014114735040135995
1773116697.5793967,base_link,-0.1379680052391279,-0.003404719730395564,0.014114735040135995
1773116697.589208,base_link,-0.1379680052391279,-0.003404719730395564,0.014114735040135995
1773116697.5993779,base_link,-0.13785763155327946,-0.0034090391507494502,0.013999182263313592
1773116697.6091876,base_link,-0.13785763155327946,-0.0034090391507494502,0.013999182263313592
1773116697.6192765,base_link,-0.13785763155327946,-0.0034090391507494502,0.013999182263313592
1773116697.6315928,base_link,-0.13765644781597874,-0.003413867568177832,0.013806433426142573
1773116697.6395242,base_link,-0.13765644781597874,-0.003413867568177832,0.013806433426142573
1773116697.6494057,base_link,-0.13765644781597874,-0.003413867568177832,0.013806433426142573
1773116697.6616135,base_link,-0.13765644781597874,-0.003413867568177832,0.013806433426142573
1773116697.66949,base_link,-0.13755237390892427,-0.003410593725360782,0.013769084849319768
1773116697.6793787,base_link,-0.13755237390892427,-0.003410593725360782,0.013769084849319768
1773116697.689371,base_link,-0.13755237390892427,-0.003410593725360782,0.013769084849319768
1773116697.699399,base_link,-0.13751603734295337,-0.0034059362892959744,0.01379693006034527
1773116697.7093184,base_link,-0.13751603734295337,-0.0034059362892959744,0.01379693006034527
1773116697.7194684,base_link,-0.13751603734295337,-0.0034059362892959744,0.01379693006034527
1773116697.729643,base_link,-0.13733041246959105,-0.0034086238174392547,0.013623598333828812
1773116697.7394166,base_link,-0.13733041246959105,-0.0034086238174392547,0.013623598333828812
1773116697.7499192,base_link,-0.13733041246959105,-0.0034086238174392547,0.013623598333828812
1773116697.759534,base_link,-0.13699672531410684,-0.0034065596383394126,0.013287004897643506
1773116697.7695587,base_link,-0.13699672531410684,-0.0034065596383394126,0.013287004897643506
1773116697.779475,base_link,-0.13699672531410684,-0.0034065596383394126,0.013287004897643506
1773116697.7895355,base_link,-0.13678009653249995,-0.0033967662707745996,0.013107530167759729
1773116697.799884,base_link,-0.13678009653249995,-0.0033967662707745996,0.013107530167759729
1773116697.8093333,base_link,-0.1367074068703341,-0.0033851224608019564,0.013148912671377855
1773116697.8193185,base_link,-0.1367074068703341,-0.0033851224608019564,0.013148912671377855
1773116697.8292534,base_link,-0.1367074068703341,-0.0033851224608019564,0.013148912671377855
1773116697.839418,base_link,-0.13664608911216625,-0.0033770001921565596,0.013162094502084443
1773116697.849446,base_link,-0.13664608911216625,-0.0033770001921565596,0.013162094502084443
1773116697.8595715,base_link,-0.13643958434034398,-0.0033679871246845502,0.013052695768773437
1773116697.8692284,base_link,-0.13643958434034398,-0.0033679871246845502,0.013052695768773437
1773116697.8795197,base_link,-0.13643958434034398,-0.0033679871246845502,0.013052695768773437
1773116697.8893006,base_link,-0.13623930097808562,-0.0033620730085025252,0.012900923380928242
1773116697.8991735,base_link,-0.13623930097808562,-0.0033620730085025252,0.012900923380928242
1773116697.9092233,base_link,-0.13623930097808562,-0.0033620730085025252,0.012900923380928242
1773116697.9192302,base_link,-0.1358742967653606,-0.0033321527011233865,0.01260193445283514
1773116697.9292269,base_link,-0.1358742967653606,-0.0033321527011233865,0.01260193445283514
1773116697.939418,base_link,-0.1358742967653606,-0.0033321527011233865,0.01260193445283514
1773116697.9495046,base_link,-0.13572568863554046,-0.003317620494790216,0.012657041508200295
1773116697.9597256,base_link,-0.13572568863554046,-0.003317620494790216,0.012657041508200295
1773116697.9693694,base_link,-0.13572568863554046,-0.003317620494790216,0.012657041508200295
1773116697.9795976,base_link,-0.13572568863554046,-0.003317620494790216,0.012657041508200295
1773116697.9893148,base_link,-0.1355212946025905,-0.0033117247702270786,0.012611117603247513
1773116697.9992921,base_link,-0.1355212946025905,-0.0033117247702270786,0.012611117603247513
1773116698.010851,base_link,-0.1355212946025905,-0.0033117247702270786,0.012611117603247513
1773116698.0194035,base_link,-0.13514038647906418,-0.0033023006648537565,0.012340001962228453
1773116698.0292068,base_link,-0.13514038647906418,-0.0033023006648537565,0.012340001962228453
1773116698.0391107,base_link,-0.13514038647906418,-0.0033023006648537565,0.012340001962228453
1773116698.0495927,base_link,-0.13474627846524206,-0.0032764466614981225,0.012057468391710402
1773116698.0591707,base_link,-0.13474627846524206,-0.0032764466614981225,0.012057468391710402
1773116698.0690954,base_link,-0.13474627846524206,-0.0032764466614981225,0.012057468391710402
1773116698.079319,base_link,-0.1344991431063196,-0.00324114733400286,0.01200474388001832
1773116698.0893548,base_link,-0.1344991431063196,-0.00324114733400286,0.01200474388001832
1773116698.0991266,base_link,-0.1343542097238617,-0.003231268598185115,0.012079645505983894
1773116698.109167,base_link,-0.1343542097238617,-0.003231268598185115,0.012079645505983894
1773116698.1191118,base_link,-0.1343542097238617,-0.003231268598185115,0.012079645505983894
1773116698.129249,base_link,-0.13412880883474854,-0.003223233950447303,0.011976551141694602
1773116698.1392734,base_link,-0.13412880883474854,-0.003223233950447303,0.011976551141694602
1773116698.1492772,base_link,-0.1337155841227025,-0.0032190734470420174,0.011763921099347596
1773116698.1591656,base_link,-0.1337155841227025,-0.0032190734470420174,0.011763921099347596
1773116698.1694758,base_link,-0.1337155841227025,-0.0032190734470420174,0.011763921099347596
1773116698.179389,base_link,-0.1334280376350463,-0.00321301495030564,0.01160838793530361
1773116698.1892087,base_link,-0.1334280376350463,-0.00321301495030564,0.01160838793530361
1773116698.1991348,base_link,-0.1334280376350463,-0.00321301495030564,0.01160838793530361
1773116698.2092001,base_link,-0.13300319114693437,-0.0031802810267205148,0.011322246123050994
1773116698.2190645,base_link,-0.13300319114693437,-0.0031802810267205148,0.011322246123050994
1773116698.2291813,base_link,-0.13300319114693437,-0.0031802810267205148,0.011322246123050994
1773116698.2393105,base_link,-0.13329530103048992,-0.0031481939387419736,0.011449325737762861
1773116698.2492535,base_link,-0.13329530103048992,-0.0031481939387419736,0.011449325737762861
1773116698.2591434,base_link,-0.13329530103048992,-0.0031481939387419736,0.011449325737762861
1773116698.2700343,base_link,-0.1339233599438937,-0.0031369746495534465,0.011796295796395184
1773116698.2793725,base_link,-0.1339233599438937,-0.0031369746495534465,0.011796295796395184
1773116698.2892456,base_link,-0.1339233599438937,-0.0031369746495534465,0.011796295796395184
1773116698.299562,base_link,-0.1339233599438937,-0.0031369746495534465,0.011796295796395184
1773116698.309206,base_link,-0.13489176194098929,-0.003113697500019566,0.012173122933227698
1773116698.319091,base_link,-0.13489176194098929,-0.003113697500019566,0.012173122933227698
1773116698.3292642,base_link,-0.13489176194098929,-0.003113697500019566,0.012173122933227698
1773116698.3391573,base_link,-0.13556903896704064,-0.003092723885018696,0.01223726191528779
1773116698.3492725,base_link,-0.13556903896704064,-0.003092723885018696,0.01223726191528779
1773116698.359219,base_link,-0.13556903896704064,-0.003092723885018696,0.01223726191528779
1773116698.3692622,base_link,-0.13640315359608574,-0.0030545833114383955,0.012406242605543683
1773116698.3801258,base_link,-0.13664023717533857,-0.0030205242633892584,0.012360655119878161
1773116698.3891892,base_link,-0.13664023717533857,-0.0030205242633892584,0.012360655119878161
1773116698.3992019,base_link,-0.13664023717533857,-0.0030205242633892584,0.012360655119878161
1773116698.4099455,base_link,-0.13664023717533857,-0.0030205242633892584,0.012360655119878161
1773116698.4192991,base_link,-0.13654666656276,-0.003007374243043495,0.012240464751238578
1773116698.429528,base_link,-0.13629323336284194,-0.0029875376654621977,0.01199070446321171
1773116698.4391246,base_link,-0.13629323336284194,-0.0029875376654621977,0.01199070446321171
1773116698.4490976,base_link,-0.13629323336284194,-0.0029875376654621977,0.01199070446321171
1773116698.459131,base_link,-0.13629323336284194,-0.0029875376654621977,0.01199070446321171
1773116698.469284,base_link,-0.1359951698261075,-0.002963134574007549,0.011697637722385856
1773116698.4792237,base_link,-0.1359951698261075,-0.002963134574007549,0.011697637722385856
1773116698.4891567,base_link,-0.1359951698261075,-0.002963134574007549,0.011697637722385856
1773116698.4991865,base_link,-0.1353560280498628,-0.002893079059853969,0.011129732368696854
1773116698.5091875,base_link,-0.1353560280498628,-0.002893079059853969,0.011129732368696854
1773116698.5193744,base_link,-0.1353560280498628,-0.002893079059853969,0.011129732368696854
1773116698.5292175,base_link,-0.13469604968099402,-0.0028568462744178666,0.010668915236878962
1773116698.539122,base_link,-0.13469604968099402,-0.0028568462744178666,0.010668915236878962
1773116698.5492067,base_link,-0.13469604968099402,-0.0028568462744178666,0.010668915236878962
1773116698.559915,base_link,-0.13393572982308682,-0.00283239144412311,0.010176957442743273
1773116698.5691304,base_link,-0.13393572982308682,-0.00283239144412311,0.010176957442743273
1773116698.5790894,base_link,-0.13393572982308682,-0.00283239144412311,0.010176957442743273
1773116698.5895257,base_link,-0.1330936717476049,-0.002804334498159304,0.009669851922423145
1773116698.5991116,base_link,-0.1330936717476049,-0.002804334498159304,0.009669851922423145
1773116698.6090875,base_link,-0.1330936717476049,-0.002804334498159304,0.009669851922423145
1773116698.6204143,base_link,-0.13235952514078286,-0.002732265130371579,0.009230180056980508
1773116698.6290956,base_link,-0.13235952514078286,-0.002732265130371579,0.009230180056980508
1773116698.6412148,base_link,-0.13235952514078286,-0.002732265130371579,0.009230180056980508
1773116698.6493773,base_link,-0.13235952514078286,-0.002732265130371579,0.009230180056980508
1773116698.659187,base_link,-0.13231623453943286,-0.0026699947286937947,0.009203397675542457
1773116698.6711068,base_link,-0.13237479831948173,-0.0026345031629669974,0.00922802065280759
1773116698.679374,base_link,-0.13237479831948173,-0.0026345031629669974,0.00922802065280759
1773116698.689111,base_link,-0.13237479831948173,-0.0026345031629669974,0.00922802065280759
1773116698.6996503,base_link,-0.13237479831948173,-0.0026345031629669974,0.00922802065280759
1773116698.709264,base_link,-0.132523552809248,-0.0026090689050106766,0.009239364074404233
1773116698.7194488,base_link,-0.13293016856549017,-0.0025734777363171646,0.009395956465412636
1773116698.7291446,base_link,-0.13293016856549017,-0.0025734777363171646,0.009395956465412636
1773116698.7390392,base_link,-0.13293016856549017,-0.0025734777363171646,0.009395956465412636
1773116698.7498102,base_link,-0.1332037592400166,-0.002536157158486138,0.009462206992541411
1773116698.7591567,base_link,-0.1332037592400166,-0.002536157158486138,0.009462206992541411
1773116698.7692397,base_link,-0.1332037592400166,-0.002536157158486138,0.009462206992541411
1773116698.779617,base_link,-0.1332037592400166,-0.002536157158486138,0.009462206992541411
1773116698.78925,base_link,-0.13379391302413862,-0.002470190539464831,0.00956914891347449
1773116698.7991202,base_link,-0.13379391302413862,-0.002470190539464831,0.00956914891347449
1773116698.8092005,base_link,-0.13379391302413862,-0.002470190539464831,0.00956914891347449
1773116698.819395,base_link,-0.13431040538176953,-0.0024305442450199277,0.009376699320007731
1773116698.8292215,base_link,-0.13431040538176953,-0.0024305442450199277,0.009376699320007731
1773116698.8391433,base_link,-0.13431040538176953,-0.0024305442450199277,0.009376699320007731
1773116698.8492727,base_link,-0.134673325404781,-0.0024027509859097587,0.00905458656504321
1773116698.8592117,base_link,-0.134673325404781,-0.0024027509859097587,0.00905458656504321
1773116698.8695915,base_link,-0.134673325404781,-0.0024027509859097587,0.00905458656504321
1773116698.87956,base_link,-0.13489833758063113,-0.0023334929041910896,0.008726927044254984
1773116698.8894885,base_link,-0.13489833758063113,-0.0023334929041910896,0.008726927044254984
1773116698.8991818,base_link,-0.13489833758063113,-0.0023334929041910896,0.008726927044254984
1773116698.9098773,base_link,-0.1346705908181955,-0.002265342165443038,0.00855906364228215
1773116698.9196355,base_link,-0.1346705908181955,-0.002265342165443038,0.00855906364228215
1773116698.929502,base_link,-0.1346705908181955,-0.002265342165443038,0.00855906364228215
1773116698.9393,base_link,-0.1346705908181955,-0.002265342165443038,0.00855906364228215
1773116698.9494193,base_link,-0.13412306505593996,-0.002204646951186849,0.008141729274703136
1773116698.9595695,base_link,-0.13304447779455225,-0.0021636777455248044,0.007227937288306618
1773116698.9695249,base_link,-0.13304447779455225,-0.0021636777455248044,0.007227937288306618
1773116698.979387,base_link,-0.13304447779455225,-0.0021636777455248044,0.007227937288306618
1773116698.989568,base_link,-0.13225034936730462,-0.0021321038583376334,0.006707437835856533
1773116698.9996333,base_link,-0.13225034936730462,-0.0021321038583376334,0.006707437835856533
1773116699.0095036,base_link,-0.1310191230462075,-0.002036805849972456,0.0059995257089803244
1773116699.019311,base_link,-0.1310191230462075,-0.002036805849972456,0.0059995257089803244
1773116699.0297732,base_link,-0.1310191230462075,-0.002036805849972456,0.0059995257089803244
1773116699.039225,base_link,-0.13062015632776192,-0.0019825428977340714,0.005718738122697797
1773116699.0494797,base_link,-0.13062015632776192,-0.0019825428977340714,0.005718738122697797
1773116699.0591388,base_link,-0.13062015632776192,-0.0019825428977340714,0.005718738122697797
1773116699.0698957,base_link,-0.1302519694231712,-0.0019050465094667193,0.0054602244156305435
1773116699.0791137,base_link,-0.1302519694231712,-0.0019050465094667193,0.0054602244156305435
1773116699.089071,base_link,-0.1302519694231712,-0.0019050465094667193,0.0054602244156305435
1773116699.099762,base_link,-0.1302519694231712,-0.0019050465094667193,0.0054602244156305435
1773116699.1085794,base_link,-0.13002395774714892,-0.0018456331708244025,0.005269157738968688
1773116699.1191819,base_link,-0.13002395774714892,-0.0018456331708244025,0.005269157738968688
1773116699.1294801,base_link,-0.13002395774714892,-0.0018456331708244025,0.005269157738968688
1773116699.139352,base_link,-0.12996952990194593,-0.0017858957930904432,0.005278914560810255
1773116699.1491828,base_link,-0.12996952990194593,-0.0017858957930904432,0.005278914560810255
1773116699.1594133,base_link,-0.12996952990194593,-0.0017858957930904432,0.005278914560810255
1773116699.1692066,base_link,-0.12988760242973418,-0.0017155305954947228,0.005253022660652307
1773116699.1790562,base_link,-0.12988760242973418,-0.0017155305954947228,0.005253022660652307
1773116699.189023,base_link,-0.12988760242973418,-0.0017155305954947228,0.005253022660652307
1773116699.1995156,base_link,-0.1297348429291641,-0.0016486268045364377,0.0051309412894253725
1773116699.2091436,base_link,-0.1297348429291641,-0.0016486268045364377,0.0051309412894253725
1773116699.2191398,base_link,-0.1297348429291641,-0.0016486268045364377,0.0051309412894253725
1773116699.2293546,base_link,-0.1296121510476922,-0.0015950728673555792,0.004994144382444166
1773116699.2390618,base_link,-0.1296121510476922,-0.0015950728673555792,0.004994144382444166
1773116699.249132,base_link,-0.1294222239360156,-0.001561543109190544,0.0048170943569308955
1773116699.2590737,base_link,-0.1294222239360156,-0.001561543109190544,0.0048170943569308955
1773116699.2691221,base_link,-0.1294222239360156,-0.001561543109190544,0.0048170943569308955
1773116699.2790334,base_link,-0.12924507633222626,-0.0015225472258190292,0.004602395079044419
1773116699.2890458,base_link,-0.12924507633222626,-0.0015225472258190292,0.004602395079044419
1773116699.2990763,base_link,-0.12885451375373014,-0.001443769317263116,0.004196311954095089
1773116699.3090932,base_link,-0.12885451375373014,-0.001443769317263116,0.004196311954095089
1773116699.3190691,base_link,-0.12885451375373014,-0.001443769317263116,0.004196311954095089
1773116699.3293538,base_link,-0.12860427609906078,-0.00139334660344001,0.003944653183522884
1773116699.3391626,base_link,-0.12860427609906078,-0.00139334660344001,0.003944653183522884
1773116699.3491714,base_link,-0.12860427609906078,-0.00139334660344001,0.003944653183522884
1773116699.359444,base_link,-0.12823493112905548,-0.0013244355330792393,0.0037179991369175047
1773116699.3695364,base_link,-0.12823493112905548,-0.0013244355330792393,0.0037179991369175047
1773116699.379504,base_link,-0.12823493112905548,-0.0013244355330792393,0.0037179991369175047
1773116699.3897793,base_link,-0.12767162815516198,-0.0012675163864061742,0.003310990925358581
1773116699.3994722,base_link,-0.12767162815516198,-0.0012675163864061742,0.003310990925358581
1773116699.4093747,base_link,-0.12767162815516198,-0.0012675163864061742,0.003310990925358581
1773116699.4196978,base_link,-0.12767162815516198,-0.0012675163864061742,0.003310990925358581
1773116699.4293225,base_link,-0.12698553308805366,-0.0011970465050906848,0.002666475785617739
1773116699.4394908,base_link,-0.12698553308805366,-0.0011970465050906848,0.002666475785617739
1773116699.4499094,base_link,-0.12698553308805366,-0.0011970465050906848,0.002666475785617739
1773116699.4592834,base_link,-0.12632330300372602,-0.0010978893586464505,0.002104460210739234
1773116699.469324,base_link,-0.12632330300372602,-0.0010978893586464505,0.002104460210739234
1773116699.4796438,base_link,-0.12632330300372602,-0.0010978893586464505,0.002104460210739234
1773116699.4892805,base_link,-0.12565810157742685,-0.0010106344094583594,0.0015760623531708151
1773116699.49923,base_link,-0.12565810157742685,-0.0010106344094583594,0.0015760623531708151
1773116699.5092711,base_link,-0.12565810157742685,-0.0010106344094583594,0.0015760623531708151
1773116699.5193949,base_link,-0.1251122376374988,-0.000960321505113361,0.0011829004303703372
1773116699.5294755,base_link,-0.1251122376374988,-0.000960321505113361,0.0011829004303703372
1773116699.5393476,base_link,-0.12438921706760725,-0.0009170450956792961,0.0006426776386874167
1773116699.5492363,base_link,-0.12438921706760725,-0.0009170450956792961,0.0006426776386874167
1773116699.559622,base_link,-0.12438921706760725,-0.0009170450956792961,0.0006426776386874167
1773116699.569283,base_link,-0.12378896870828454,-0.0008657003284468709,0.00012971044368886853
1773116699.5805564,base_link,-0.12279936622928528,-0.0007692556884474899,-0.0006819600063310283
1773116699.5894156,base_link,-0.12279936622928528,-0.0007692556884474899,-0.0006819600063310283
1773116699.599217,base_link,-0.12279936622928528,-0.0007692556884474899,-0.0006819600063310283
1773116699.6097143,base_link,-0.12279936622928528,-0.0007692556884474899,-0.0006819600063310283
1773116699.61948,base_link,-0.12219382562692721,-0.0006941776733260033,-0.0011435031330521706
1773116699.629544,base_link,-0.12219382562692721,-0.0006941776733260033,-0.0011435031330521706
1773116699.6415844,base_link,-0.12219382562692721,-0.0006941776733260033,-0.0011435031330521706
1773116699.6494033,base_link,-0.12120159831674521,-0.0005809187018477532,-0.0016632443448601486
1773116699.6597538,base_link,-0.12120159831674521,-0.0005809187018477532,-0.0016632443448601486
1773116699.672388,base_link,-0.12120159831674521,-0.0005809187018477532,-0.0016632443448601486
1773116699.6798387,base_link,-0.12012004061750237,-0.00046969766484811215,-0.002183310174706521
1773116699.6891224,base_link,-0.12012004061750237,-0.00046969766484811215,-0.002183310174706521
1773116699.6990678,base_link,-0.12012004061750237,-0.00046969766484811215,-0.002183310174706521
1773116699.710067,base_link,-0.1189395657523783,-0.0003257496018162914,-0.0029112958242847875
1773116699.7191663,base_link,-0.1189395657523783,-0.0003257496018162914,-0.0029112958242847875
1773116699.7291114,base_link,-0.1189395657523783,-0.0003257496018162914,-0.0029112958242847875
1773116699.7390804,base_link,-0.1189395657523783,-0.0003257496018162914,-0.0029112958242847875
1773116699.7491338,base_link,-0.11773333412760772,-0.00011679815019662032,-0.0035608336745351354
1773116699.7591047,base_link,-0.11773333412760772,-0.00011679815019662032,-0.0035608336745351354
1773116699.76913,base_link,-0.11773333412760772,-0.00011679815019662032,-0.0035608336745351354
1773116699.7793107,base_link,-0.11666608980644938,0.00010613709354487938,-0.003929645102846824
1773116699.789355,base_link,-0.11666608980644938,0.00010613709354487938,-0.003929645102846824
1773116699.7993197,base_link,-0.11666608980644938,0.00010613709354487938,-0.003929645102846824
1773116699.8093076,base_link,-0.11568043693956631,0.00032195131358568607,-0.004128151719855699
1773116699.8191614,base_link,-0.11568043693956631,0.00032195131358568607,-0.004128151719855699
1773116699.8290696,base_link,-0.1145165353320548,0.0004821046200405854,-0.004480207643529022
1773116699.8390658,base_link,-0.1145165353320548,0.0004821046200405854,-0.004480207643529022
1773116699.8490899,base_link,-0.1145165353320548,0.0004821046200405854,-0.004480207643529022
1773116699.8590987,base_link,-0.11369301104599483,0.0005992979169201981,-0.004807644871395345
1773116699.869331,base_link,-0.11230765987557478,0.0008166806041689303,-0.005328146332154449
1773116699.8793895,base_link,-0.11230765987557478,0.0008166806041689303,-0.005328146332154449
1773116699.8891582,base_link,-0.11230765987557478,0.0008166806041689303,-0.005328146332154449
1773116699.8993623,base_link,-0.11230765987557478,0.0008166806041689303,-0.005328146332154449
1773116699.9091601,base_link,-0.11148951272690805,0.0009764363549982225,-0.005589074620414469
1773116699.9190829,base_link,-0.11148951272690805,0.0009764363549982225,-0.005589074620414469
1773116699.9291196,base_link,-0.11148951272690805,0.0009764363549982225,-0.005589074620414469
1773116699.9391334,base_link,-0.1100046311457088,0.0012690241157878798,-0.005839746058200257
1773116699.9490495,base_link,-0.1100046311457088,0.0012690241157878798,-0.005839746058200257
1773116699.959151,base_link,-0.1100046311457088,0.0012690241157878798,-0.005839746058200257
1773116699.9691942,base_link,-0.10849060118737786,0.0015031189457689748,-0.006080265798254603
1773116699.9790838,base_link,-0.10849060118737786,0.0015031189457689748,-0.006080265798254603
1773116699.9890952,base_link,-0.10849060118737786,0.0015031189457689748,-0.006080265798254603
1773116699.9991539,base_link,-0.10714143507305657,0.0017065627620996351,-0.006369799333814652
1773116700.0091102,base_link,-0.10714143507305657,0.0017065627620996351,-0.006369799333814652
1773116700.019075,base_link,-0.10714143507305657,0.0017065627620996351,-0.006369799333814652
1773116700.029342,base_link,-0.10562912502805832,0.0019184609870286848,-0.006758625805339036
1773116700.0392892,base_link,-0.10562912502805832,0.0019184609870286848,-0.006758625805339036
1773116700.0490956,base_link,-0.10562912502805832,0.0019184609870286848,-0.006758625805339036
1773116700.0595825,base_link,-0.10562912502805832,0.0019184609870286848,-0.006758625805339036
1773116700.0692136,base_link,-0.10410077306264615,0.002156302710288334,-0.007173237880527317
1773116700.0790195,base_link,-0.10410077306264615,0.002156302710288334,-0.007173237880527317
1773116700.089118,base_link,-0.10410077306264615,0.002156302710288334,-0.007173237880527317
1773116700.0991552,base_link,-0.10263653367637143,0.002371291609597752,-0.0074325345220105365
1773116700.109143,base_link,-0.10123940845176893,0.002559783832284758,-0.007610750232134089
1773116700.119147,base_link,-0.10123940845176893,0.002559783832284758,-0.007610750232134089
1773116700.1290805,base_link,-0.10123940845176893,0.002559783832284758,-0.007610750232134089
1773116700.1399612,base_link,-0.10040177506129366,0.002664351189913393,-0.007653950948671995
1773116700.149185,base_link,-0.10040177506129366,0.002664351189913393,-0.007653950948671995
1773116700.1594627,base_link,-0.09884856613261545,0.002860470234406741,-0.007951537609316384
1773116700.169279,base_link,-0.09884856613261545,0.002860470234406741,-0.007951537609316384
1773116700.1793377,base_link,-0.09884856613261545,0.002860470234406741,-0.007951537609316384
1773116700.1891482,base_link,-0.09784048418827768,0.0029863630094938837,-0.008176879028131467
1773116700.1993244,base_link,-0.09784048418827768,0.0029863630094938837,-0.008176879028131467
1773116700.2092237,base_link,-0.09784048418827768,0.0029863630094938837,-0.008176879028131467
1773116700.2191253,base_link,-0.09784048418827768,0.0029863630094938837,-0.008176879028131467
1773116700.229213,base_link,-0.09590582544450094,0.003219920396825414,-0.008543638870701364
1773116700.2391748,base_link,-0.09590582544450094,0.003219920396825414,-0.008543638870701364
1773116700.249105,base_link,-0.09590582544450094,0.003219920396825414,-0.008543638870701364
1773116700.2592127,base_link,-0.0940756517160814,0.0034548808197577413,-0.008710881364080048
1773116700.2691436,base_link,-0.0940756517160814,0.0034548808197577413,-0.008710881364080048
1773116700.279159,base_link,-0.0940756517160814,0.0034548808197577413,-0.008710881364080048
1773116700.2892973,base_link,-0.09265030391948093,0.0036338928311329885,-0.008692370174189223
1773116700.2992096,base_link,-0.09265030391948093,0.0036338928311329885,-0.008692370174189223
1773116700.3091393,base_link,-0.09265030391948093,0.0036338928311329885,-0.008692370174189223
1773116700.319515,base_link,-0.09116632492506088,0.0038109278659547094,-0.00872872162616245
1773116700.3291864,base_link,-0.09116632492506088,0.0038109278659547094,-0.00872872162616245
1773116700.3391352,base_link,-0.09116632492506088,0.0038109278659547094,-0.00872872162616245
1773116700.3495827,base_link,-0.08949053363119897,0.004003845882176754,-0.008967753018331581
1773116700.359174,base_link,-0.08949053363119897,0.004003845882176754,-0.008967753018331581
1773116700.3691242,base_link,-0.08949053363119897,0.004003845882176754,-0.008967753018331581
1773116700.380196,base_link,-0.0878127912881278,0.004199851214405054,-0.009182479561530454
1773116700.3892047,base_link,-0.0878127912881278,0.004199851214405054,-0.009182479561530454
1773116700.399467,base_link,-0.08618701909011306,0.004383550539735319,-0.009307924599885053
1773116700.4092147,base_link,-0.08618701909011306,0.004383550539735319,-0.009307924599885053
1773116700.419093,base_link,-0.08618701909011306,0.004383550539735319,-0.009307924599885053
1773116700.4291556,base_link,-0.08521859600957898,0.004490650848037077,-0.009371961975093712
1773116700.4391303,base_link,-0.08521859600957898,0.004490650848037077,-0.009371961975093712
1773116700.4490662,base_link,-0.08368498155398862,0.004680865920172285,-0.00937559232816726
1773116700.4591124,base_link,-0.08368498155398862,0.004680865920172285,-0.00937559232816726
1773116700.4691286,base_link,-0.08368498155398862,0.004680865920172285,-0.00937559232816726
1773116700.4790916,base_link,-0.08280701383437927,0.004773886080272079,-0.009338026908743025
1773116700.4890935,base_link,-0.08280701383437927,0.004773886080272079,-0.009338026908743025
1773116700.499074,base_link,-0.08280701383437927,0.004773886080272079,-0.009338026908743025
1773116700.5090933,base_link,-0.08101178938215747,0.004965935597080973,-0.009286353778009737
1773116700.5191078,base_link,-0.08101178938215747,0.004965935597080973,-0.009286353778009737
1773116700.529157,base_link,-0.08101178938215747,0.004965935597080973,-0.009286353778009737
1773116700.53914,base_link,-0.08101178938215747,0.004965935597080973,-0.009286353778009737
1773116700.5491521,base_link,-0.07909519503243179,0.005172380956015875,-0.009351945543820073
1773116700.559312,base_link,-0.07909519503243179,0.005172380956015875,-0.009351945543820073
1773116700.5691147,base_link,-0.07909519503243179,0.005172380956015875,-0.009351945543820073
1773116700.579228,base_link,-0.07741668815843161,0.005338562301614717,-0.009507807476375363
1773116700.5891118,base_link,-0.07741668815843161,0.005338562301614717,-0.009507807476375363
1773116700.599061,base_link,-0.07741668815843161,0.005338562301614717,-0.009507807476375363
1773116700.6093154,base_link,-0.07578074539383856,0.005484042393246291,-0.00958079616930152
1773116700.6205547,base_link,-0.074490066986235,0.005647604766285466,-0.009614101302059974
1773116700.6291685,base_link,-0.074490066986235,0.005647604766285466,-0.009614101302059974
1773116700.6418712,base_link,-0.07360351800977899,0.005738325365044941,-0.00961139630715424
1773116700.6492188,base_link,-0.07360351800977899,0.005738325365044941,-0.00961139630715424
1773116700.6591678,base_link,-0.07360351800977899,0.005738325365044941,-0.00961139630715424
1773116700.669159,base_link,-0.07282423516539172,0.005821811429290731,-0.009443500017701056
1773116700.6810408,base_link,-0.07282423516539172,0.005821811429290731,-0.009443500017701056
1773116700.6892827,base_link,-0.07154694284729957,0.005944631241036072,-0.009154121145472705
1773116700.6991098,base_link,-0.07154694284729957,0.005944631241036072,-0.009154121145472705
1773116700.709465,base_link,-0.07154694284729957,0.005944631241036072,-0.009154121145472705
1773116700.7191362,base_link,-0.07069243490341198,0.00602053218912476,-0.009078027800158428
1773116700.729189,base_link,-0.07069243490341198,0.00602053218912476,-0.009078027800158428
1773116700.7391424,base_link,-0.06908700409120333,0.006156596291333194,-0.009161355184439446
1773116700.7491593,base_link,-0.06908700409120333,0.006156596291333194,-0.009161355184439446
1773116700.7591116,base_link,-0.06908700409120333,0.006156596291333194,-0.009161355184439446
1773116700.7691572,base_link,-0.06784196172638018,0.006254798684157917,-0.009151095542615617
1773116700.7791162,base_link,-0.06784196172638018,0.006254798684157917,-0.009151095542615617
1773116700.78915,base_link,-0.06784196172638018,0.006254798684157917,-0.009151095542615617
1773116700.7992005,base_link,-0.06634663498863602,0.006412105313262521,-0.00911288693455925
1773116700.8091376,base_link,-0.06634663498863602,0.006412105313262521,-0.00911288693455925
1773116700.8191354,base_link,-0.06634663498863602,0.006412105313262521,-0.00911288693455925
1773116700.8294046,base_link,-0.06489755781097423,0.0065670364637164455,-0.008973117461352431
1773116700.839062,base_link,-0.06489755781097423,0.0065670364637164455,-0.008973117461352431
1773116700.849086,base_link,-0.06489755781097423,0.0065670364637164455,-0.008973117461352431
1773116700.8590686,base_link,-0.06489755781097423,0.0065670364637164455,-0.008973117461352431
1773116700.8691232,base_link,-0.06309990650404351,0.006782407023862819,-0.00889493554541293
1773116700.879084,base_link,-0.06199187425195751,0.00690175783295232,-0.008748946981801453
1773116700.8891323,base_link,-0.06199187425195751,0.00690175783295232,-0.008748946981801453
1773116700.8990562,base_link,-0.06199187425195751,0.00690175783295232,-0.008748946981801453
1773116700.9091077,base_link,-0.06121393956321286,0.00696846668541716,-0.008607386125022265
1773116700.9190724,base_link,-0.06121393956321286,0.00696846668541716,-0.008607386125022265
1773116700.929068,base_link,-0.059851451409599354,0.007084995700849535,-0.008452945116156019
1773116700.9390798,base_link,-0.059851451409599354,0.007084995700849535,-0.008452945116156019
1773116700.9490473,base_link,-0.059851451409599354,0.007084995700849535,-0.008452945116156019
1773116700.9593055,base_link,-0.05906436364305201,0.007164356065858586,-0.00833215268606674
1773116700.9691253,base_link,-0.05906436364305201,0.007164356065858586,-0.00833215268606674
1773116700.9790401,base_link,-0.05777619380559451,0.007326280885654207,-0.008093136524747913
1773116700.989058,base_link,-0.05777619380559451,0.007326280885654207,-0.008093136524747913
1773116700.999076,base_link,-0.05777619380559451,0.007326280885654207,-0.008093136524747913
1773116701.0092409,base_link,-0.056962885604291635,0.007412281560694796,-0.007993027474351821
1773116701.019125,base_link,-0.056962885604291635,0.007412281560694796,-0.007993027474351821
1773116701.029086,base_link,-0.056962885604291635,0.007412281560694796,-0.007993027474351821
1773116701.039163,base_link,-0.05523430884153113,0.007582505409440367,-0.007938492831246147
1773116701.0490472,base_link,-0.05523430884153113,0.007582505409440367,-0.007938492831246147
1773116701.0591402,base_link,-0.05523430884153113,0.007582505409440367,-0.007938492831246147
1773116701.0697505,base_link,-0.05383253287722184,0.0077176529278619385,-0.007848420176137183
1773116701.0792096,base_link,-0.05383253287722184,0.0077176529278619385,-0.007848420176137183
1773116701.0891638,base_link,-0.05383253287722184,0.0077176529278619385,-0.007848420176137183
1773116701.0991366,base_link,-0.05383253287722184,0.0077176529278619385,-0.007848420176137183
1773116701.1090744,base_link,-0.05228588284470437,0.007891501543476231,-0.007573261673786746
1773116701.1191115,base_link,-0.05228588284470437,0.007891501543476231,-0.007573261673786746
1773116701.129127,base_link,-0.05228588284470437,0.007891501543476231,-0.007573261673786746
1773116701.13911,base_link,-0.051008459881945134,0.008035033169944451,-0.007375064198921422
1773116701.1491144,base_link,-0.051008459881945134,0.008035033169944451,-0.007375064198921422
1773116701.1596558,base_link,-0.051008459881945134,0.008035033169944451,-0.007375064198921422
1773116701.1694775,base_link,-0.04979153147972809,0.008159669641274202,-0.007142002968948735
1773116701.179475,base_link,-0.04979153147972809,0.008159669641274202,-0.007142002968948735
1773116701.189398,base_link,-0.04979153147972809,0.008159669641274202,-0.007142002968948735
1773116701.199535,base_link,-0.04864921206152234,0.008268936676828216,-0.006847067455418077
1773116701.209735,base_link,-0.04864921206152234,0.008268936676828216,-0.006847067455418077
1773116701.219392,base_link,-0.047411105869089254,0.008363288706511068,-0.006671936979155468
1773116701.229329,base_link,-0.047411105869089254,0.008363288706511068,-0.006671936979155468
1773116701.239206,base_link,-0.047411105869089254,0.008363288706511068,-0.006671936979155468
1773116701.2492485,base_link,-0.04666003670132812,0.008441194573768747,-0.006576020486697143
1773116701.259729,base_link,-0.04666003670132812,0.008441194573768747,-0.006576020486697143
1773116701.2697132,base_link,-0.045546388030766494,0.008557008077355245,-0.006307589049431961
1773116701.2794838,base_link,-0.045546388030766494,0.008557008077355245,-0.006307589049431961
1773116701.289817,base_link,-0.045546388030766494,0.008557008077355245,-0.006307589049431961
1773116701.299587,base_link,-0.04488014872957036,0.008626649002903407,-0.006148141566707788
1773116701.3094192,base_link,-0.04488014872957036,0.008626649002903407,-0.006148141566707788
1773116701.319382,base_link,-0.04488014872957036,0.008626649002903407,-0.006148141566707788
1773116701.329487,base_link,-0.04348479356445506,0.008765384267806223,-0.005940118993091381
1773116701.3392255,base_link,-0.04348479356445506,0.008765384267806223,-0.005940118993091381
1773116701.349213,base_link,-0.04348479356445506,0.008765384267806223,-0.005940118993091381
1773116701.359787,base_link,-0.042316834333373854,0.008849407577492308,-0.005784455013174206
1773116701.3695288,base_link,-0.042316834333373854,0.008849407577492308,-0.005784455013174206
1773116701.37928,base_link,-0.042316834333373854,0.008849407577492308,-0.005784455013174206
1773116701.3899102,base_link,-0.04095676599524689,0.00896596050355647,-0.005534088293278949
1773116701.399329,base_link,-0.04095676599524689,0.00896596050355647,-0.005534088293278949
1773116701.4094462,base_link,-0.04095676599524689,0.00896596050355647,-0.005534088293278949
1773116701.4200282,base_link,-0.03991058569961825,0.00907904603115546,-0.005243696241978235
1773116701.4293258,base_link,-0.03991058569961825,0.00907904603115546,-0.005243696241978235
1773116701.4394274,base_link,-0.03901888587772612,0.00916648372344294,-0.005085240894810716
1773116701.4494534,base_link,-0.03901888587772612,0.00916648372344294,-0.005085240894810716
1773116701.4591608,base_link,-0.038376077746491655,0.009234784060628706,-0.004966930428487559
1773116701.469358,base_link,-0.038376077746491655,0.009234784060628706,-0.004966930428487559
1773116701.4792666,base_link,-0.038376077746491655,0.009234784060628706,-0.004966930428487559
1773116701.4893208,base_link,-0.03777203320038103,0.009288899793548376,-0.004837213418193043
1773116701.4997914,base_link,-0.03680762921633357,0.009380909594938834,-0.004574535089745868
1773116701.5093243,base_link,-0.03680762921633357,0.009380909594938834,-0.004574535089745868
1773116701.5191715,base_link,-0.03680762921633357,0.009380909594938834,-0.004574535089745868
1773116701.5304587,base_link,-0.03680762921633357,0.009380909594938834,-0.004574535089745868
1773116701.5394158,base_link,-0.03622371380725459,0.009436300333446238,-0.004432566614871847
1773116701.5494816,base_link,-0.035258737225632775,0.00951971308075672,-0.004218774746884146
1773116701.559738,base_link,-0.035258737225632775,0.00951971308075672,-0.004218774746884146
1773116701.569215,base_link,-0.035258737225632775,0.00951971308075672,-0.004218774746884146
1773116701.5793116,base_link,-0.035258737225632775,0.00951971308075672,-0.004218774746884146
1773116701.5892386,base_link,-0.0344867460367313,0.009594349585541222,-0.004049250280584116
1773116701.599195,base_link,-0.0344867460367313,0.009594349585541222,-0.004049250280584116
1773116701.609623,base_link,-0.0344867460367313,0.009594349585541222,-0.004049250280584116
1773116701.619226,base_link,-0.03353943516110186,0.009684476208883207,-0.0038326069251828354
1773116701.6295395,base_link,-0.03353943516110186,0.009684476208883207,-0.0038326069251828354
1773116701.6393917,base_link,-0.03353943516110186,0.009684476208883207,-0.0038326069251828354
1773116701.651462,base_link,-0.03257825414004889,0.009786730563915068,-0.0036184960193754168
1773116701.659457,base_link,-0.03257825414004889,0.009786730563915068,-0.0036184960193754168
1773116701.6693792,base_link,-0.03257825414004889,0.009786730563915068,-0.0036184960193754168
1773116701.6811528,base_link,-0.03150257489598218,0.009901434866410645,-0.0033238170926563892
1773116701.6900666,base_link,-0.03150257489598218,0.009901434866410645,-0.0033238170926563892
1773116701.6992023,base_link,-0.030823979280766967,0.009960988750629132,-0.0030926120043497374
1773116701.7091348,base_link,-0.030823979280766967,0.009960988750629132,-0.0030926120043497374
1773116701.7195494,base_link,-0.030823979280766967,0.009960988750629132,-0.0030926120043497374
1773116701.7294905,base_link,-0.030303158842443223,0.010005362106261358,-0.0029541660329436836
1773116701.7399812,base_link,-0.030303158842443223,0.010005362106261358,-0.0029541660329436836
1773116701.7493575,base_link,-0.029405021576685342,0.01009819040919021,-0.002762366424546414
1773116701.7592971,base_link,-0.029405021576685342,0.01009819040919021,-0.002762366424546414
1773116701.7702029,base_link,-0.029405021576685342,0.01009819040919021,-0.002762366424546414
1773116701.7800329,base_link,-0.028899586368679897,0.010167019146154754,-0.002618911422542669
1773116701.7894874,base_link,-0.028059841501618776,0.01025545091200377,-0.0023953638747130634
1773116701.7998288,base_link,-0.028059841501618776,0.01025545091200377,-0.0023953638747130634
1773116701.8093107,base_link,-0.028059841501618776,0.01025545091200377,-0.0023953638747130634
1773116701.8195667,base_link,-0.028059841501618776,0.01025545091200377,-0.0023953638747130634
1773116701.8292768,base_link,-0.027561262465738645,0.01029356500214322,-0.002260916088189513
1773116701.8391974,base_link,-0.027561262465738645,0.01029356500214322,-0.002260916088189513
1773116701.8495677,base_link,-0.027561262465738645,0.01029356500214322,-0.002260916088189513
1773116701.8595026,base_link,-0.02659197906064742,0.010389346028402864,-0.002018066126567686
1773116701.8694892,base_link,-0.02659197906064742,0.010389346028402864,-0.002018066126567686
1773116701.8794541,base_link,-0.02659197906064742,0.010389346028402864,-0.002018066126567686
1773116701.8894565,base_link,-0.025800533548500648,0.010477292067395116,-0.0017514553939005362
1773116701.8994725,base_link,-0.025800533548500648,0.010477292067395116,-0.0017514553939005362
1773116701.9094145,base_link,-0.025800533548500648,0.010477292067395116,-0.0017514553939005362
1773116701.919427,base_link,-0.02484804801261964,0.01058272945535113,-0.0014665789386106853
1773116701.9294715,base_link,-0.02484804801261964,0.01058272945535113,-0.0014665789386106853
1773116701.939498,base_link,-0.02484804801261964,0.01058272945535113,-0.0014665789386106853
1773116701.9496958,base_link,-0.02407740432926153,0.010654376994142567,-0.0012901941965923758
1773116701.959471,base_link,-0.02407740432926153,0.010654376994142567,-0.0012901941965923758
1773116701.9693956,base_link,-0.023457792326004145,0.01071715099202935,-0.0011792623013759385
1773116701.97945,base_link,-0.023457792326004145,0.01071715099202935,-0.0011792623013759385
1773116701.9892752,base_link,-0.02301863044599478,0.010757413795407463,-0.0010585402771920438
1773116701.99931,base_link,-0.02301863044599478,0.010757413795407463,-0.0010585402771920438
1773116702.0094845,base_link,-0.02301863044599478,0.010757413795407463,-0.0010585402771920438
1773116702.0193272,base_link,-0.02263040726236487,0.010798779794123026,-0.0009173783617261178
1773116702.029713,base_link,-0.02197585533699986,0.010861821038585316,-0.0006876943788282075
1773116702.0400665,base_link,-0.02197585533699986,0.010861821038585316,-0.0006876943788282075
1773116702.0497046,base_link,-0.02197585533699986,0.010861821038585316,-0.0006876943788282075
1773116702.059729,base_link,-0.02197585533699986,0.010861821038585316,-0.0006876943788282075
1773116702.0692298,base_link,-0.02158963137452863,0.010891386297214076,-0.0005633954063666291
1773116702.079414,base_link,-0.02095031880057907,0.010931860432097436,-0.0004046299383360652
1773116702.0892458,base_link,-0.02095031880057907,0.010931860432097436,-0.0004046299383360652
1773116702.0992928,base_link,-0.02095031880057907,0.010931860432097436,-0.0004046299383360652
1773116702.109775,base_link,-0.020437045672424548,0.01098958801630516,-0.00025878808111273743
1773116702.119424,base_link,-0.020437045672424548,0.01098958801630516,-0.00025878808111273743
1773116702.129347,base_link,-0.020437045672424548,0.01098958801630516,-0.00025878808111273743
1773116702.1406515,base_link,-0.020437045672424548,0.01098958801630516,-0.00025878808111273743
1773116702.149313,base_link,-0.019793162107848983,0.01107111132372881,-3.6656456497696777e-05
1773116702.1592631,base_link,-0.019793162107848983,0.01107111132372881,-3.6656456497696777e-05
1773116702.169546,base_link,-0.019793162107848983,0.01107111132372881,-3.6656456497696777e-05
1773116702.1793592,base_link,-0.01898517050259041,0.011172199508170423,0.00019104685365745055
1773116702.1892688,base_link,-0.01898517050259041,0.011172199508170423,0.00019104685365745055
1773116702.199225,base_link,-0.01898517050259041,0.011172199508170423,0.00019104685365745055
1773116702.2093954,base_link,-0.018329162776392738,0.011248858001879074,0.000376934277587504
1773116702.2200603,base_link,-0.017807275353493968,0.011310842966443066,0.0005197599396840058
1773116702.2292318,base_link,-0.017807275353493968,0.011310842966443066,0.0005197599396840058
1773116702.239129,base_link,-0.017807275353493968,0.011310842966443066,0.0005197599396840058
1773116702.2491736,base_link,-0.017807275353493968,0.011310842966443066,0.0005197599396840058
1773116702.2593472,base_link,-0.017435714540001757,0.011366839357913695,0.0006436838874289141
1773116702.269358,base_link,-0.016816027837892933,0.01143662474893909,0.0008149856320007753
1773116702.2791784,base_link,-0.016816027837892933,0.01143662474893909,0.0008149856320007753
1773116702.289096,base_link,-0.016816027837892933,0.01143662474893909,0.0008149856320007753
1773116702.2990947,base_link,-0.016816027837892933,0.01143662474893909,0.0008149856320007753
1773116702.3092966,base_link,-0.016460896868793984,0.011481074897521953,0.0009423165035178926
1773116702.319457,base_link,-0.01586269918897698,0.011555493568522743,0.0011116594730228302
1773116702.3294315,base_link,-0.01586269918897698,0.011555493568522743,0.0011116594730228302
1773116702.339167,base_link,-0.01586269918897698,0.011555493568522743,0.0011116594730228302
1773116702.3497264,base_link,-0.015498026650432428,0.011621435356850035,0.0012130340055332423
1773116702.359125,base_link,-0.015498026650432428,0.011621435356850035,0.0012130340055332423
1773116702.3691354,base_link,-0.015498026650432428,0.011621435356850035,0.0012130340055332423
1773116702.380141,base_link,-0.014804408625412768,0.011719251802745821,0.0014368954211471108
1773116702.3891354,base_link,-0.014804408625412768,0.011719251802745821,0.0014368954211471108
1773116702.399095,base_link,-0.014804408625412768,0.011719251802745821,0.0014368954211471108
1773116702.40966,base_link,-0.014804408625412768,0.011719251802745821,0.0014368954211471108
1773116702.4191842,base_link,-0.014229364474322714,0.011800134597014914,0.001576141897852379
1773116702.4291558,base_link,-0.014229364474322714,0.011800134597014914,0.001576141897852379
1773116702.4391637,base_link,-0.014229364474322714,0.011800134597014914,0.001576141897852379
1773116702.4493628,base_link,-0.013503047693293246,0.01189017491206798,0.001740132378701964
1773116702.4591317,base_link,-0.013503047693293246,0.01189017491206798,0.001740132378701964
1773116702.4690435,base_link,-0.013503047693293246,0.01189017491206798,0.001740132378701964
1773116702.4794345,base_link,-0.012898918092427991,0.011978368036138283,0.0019154818380533456
1773116702.4897413,base_link,-0.012898918092427991,0.011978368036138283,0.0019154818380533456
1773116702.4991598,base_link,-0.012481755846151521,0.012035300542765442,0.0020850775816946276
1773116702.5097473,base_link,-0.012169585695620433,0.012070486200224433,0.002170393256343217
1773116702.519057,base_link,-0.012169585695620433,0.012070486200224433,0.002170393256343217
1773116702.5290787,base_link,-0.012169585695620433,0.012070486200224433,0.002170393256343217
1773116702.539445,base_link,-0.012169585695620433,0.012070486200224433,0.002170393256343217
1773116702.5491138,base_link,-0.01189689681216155,0.012099512216910732,0.002260291670834136
1773116702.5591812,base_link,-0.011464236929760785,0.012149588379962696,0.0024118773204268584
1773116702.5690992,base_link,-0.011464236929760785,0.012149588379962696,0.0024118773204268584
1773116702.5790296,base_link,-0.011464236929760785,0.012149588379962696,0.0024118773204268584
1773116702.5890915,base_link,-0.011206071885914826,0.01218156582939526,0.0025096064720739886
1773116702.5990672,base_link,-0.011206071885914826,0.01218156582939526,0.0025096064720739886
1773116702.6091554,base_link,-0.01079225474459966,0.012243076051328142,0.0026717111669802285
1773116702.619069,base_link,-0.01079225474459966,0.012243076051328142,0.0026717111669802285
1773116702.6291034,base_link,-0.01079225474459966,0.012243076051328142,0.0026717111669802285
1773116702.6390555,base_link,-0.010429438675142677,0.012295431710506004,0.0028095774686915376
1773116702.6490953,base_link,-0.010429438675142677,0.012295431710506004,0.0028095774686915376
1773116702.661279,base_link,-0.010429438675142677,0.012295431710506004,0.0028095774686915376
1773116702.6692438,base_link,-0.009935564679924735,0.012373390110883557,0.002947024030530543
1773116702.6791859,base_link,-0.009935564679924735,0.012373390110883557,0.002947024030530543
1773116702.6911817,base_link,-0.009935564679924735,0.012373390110883557,0.002947024030530543
1773116702.699303,base_link,-0.009935564679924735,0.012373390110883557,0.002947024030530543
1773116702.7092292,base_link,-0.009373170219201699,0.012447762254962288,0.00312849731406889
1773116702.719086,base_link,-0.009373170219201699,0.012447762254962288,0.00312849731406889
1773116702.7290149,base_link,-0.009373170219201699,0.012447762254962288,0.00312849731406889
1773116702.73921,base_link,-0.00892860825109898,0.012502388660114466,0.003241607501343169
1773116702.749958,base_link,-0.008604579373334309,0.01254305290236131,0.0033632075793528227
1773116702.75921,base_link,-0.008604579373334309,0.01254305290236131,0.0033632075793528227
1773116702.7692173,base_link,-0.008604579373334309,0.01254305290236131,0.0033632075793528227
1773116702.779539,base_link,-0.008604579373334309,0.01254305290236131,0.0033632075793528227
1773116702.7891998,base_link,-0.008391767773629488,0.012570680608494221,0.003445134278510842
1773116702.7997568,base_link,-0.008059222223068985,0.01260027521923135,0.0035497955699458905
1773116702.8095012,base_link,-0.008059222223068985,0.01260027521923135,0.0035497955699458905
1773116702.8191304,base_link,-0.008059222223068985,0.01260027521923135,0.0035497955699458905
1773116702.8294961,base_link,-0.007846748571976425,0.012631687114344474,0.0036203282479701504
1773116702.8391678,base_link,-0.007846748571976425,0.012631687114344474,0.0036203282479701504
1773116702.8492684,base_link,-0.007555321015224159,0.012673618440750128,0.0037776885978272334
1773116702.8591044,base_link,-0.007555321015224159,0.012673618440750128,0.0037776885978272334
1773116702.8690782,base_link,-0.007555321015224159,0.012673618440750128,0.0037776885978272334
1773116702.8794332,base_link,-0.007380352524514466,0.012695184107878274,0.0038508281416037016
1773116702.8891234,base_link,-0.007380352524514466,0.012695184107878274,0.0038508281416037016
1773116702.8990943,base_link,-0.007380352524514466,0.012695184107878274,0.0038508281416037016
1773116702.9097335,base_link,-0.0070957238188189,0.012722704513195404,0.004038453137267473
1773116702.9191203,base_link,-0.0070957238188189,0.012722704513195404,0.004038453137267473
1773116702.9291313,base_link,-0.0070957238188189,0.012722704513195404,0.004038453137267473
1773116702.939852,base_link,-0.006877961857863102,0.01275111185060375,0.004176466047348448
1773116702.9490786,base_link,-0.006877961857863102,0.01275111185060375,0.004176466047348448
1773116702.9593952,base_link,-0.006877961857863102,0.01275111185060375,0.004176466047348448
1773116702.9696407,base_link,-0.006877961857863102,0.01275111185060375,0.004176466047348448
1773116702.979168,base_link,-0.00655767857416556,0.01278664340765321,0.004314138167311521
1773116702.9891598,base_link,-0.00655767857416556,0.01278664340765321,0.004314138167311521
1773116702.9991434,base_link,-0.00655767857416556,0.01278664340765321,0.004314138167311521
1773116703.009306,base_link,-0.006228094081142055,0.012834027372006597,0.0044428385172246565
1773116703.0199492,base_link,-0.005954608582630916,0.012860834988172691,0.0045165381120661485
1773116703.0291588,base_link,-0.005954608582630916,0.012860834988172691,0.0045165381120661485
1773116703.0393896,base_link,-0.0057453226108235,0.012873868275092522,0.004573350457882208
1773116703.0491662,base_link,-0.0057453226108235,0.012873868275092522,0.004573350457882208
1773116703.0592146,base_link,-0.0057453226108235,0.012873868275092522,0.004573350457882208
1773116703.0697942,base_link,-0.005570940729544338,0.012884231640092135,0.004626059395832993
1773116703.0792089,base_link,-0.005570940729544338,0.012884231640092135,0.004626059395832993
1773116703.08927,base_link,-0.005308416778462666,0.012898734570603643,0.0047372020145658444
1773116703.0991201,base_link,-0.005308416778462666,0.012898734570603643,0.0047372020145658444
1773116703.1091533,base_link,-0.005308416778462666,0.012898734570603643,0.0047372020145658444
1773116703.1194255,base_link,-0.005140404349771199,0.012878410407143902,0.004820519805114887
1773116703.129886,base_link,-0.005140404349771199,0.012878410407143902,0.004820519805114887
1773116703.1391177,base_link,-0.004823002087188666,0.012845916503016287,0.00492197901219199
1773116703.1493185,base_link,-0.004823002087188666,0.012845916503016287,0.00492197901219199
1773116703.1593847,base_link,-0.004823002087188666,0.012845916503016287,0.00492197901219199
1773116703.1693087,base_link,-0.004592802185602152,0.012831953149782582,0.005011085870228527
1773116703.1791337,base_link,-0.004592802185602152,0.012831953149782582,0.005011085870228527
1773116703.1890836,base_link,-0.004592802185602152,0.012831953149782582,0.005011085870228527
1773116703.1994264,base_link,-0.004310484702548856,0.012809738694914294,0.005144797118145861
1773116703.2091675,base_link,-0.004310484702548856,0.012809738694914294,0.005144797118145861
1773116703.219177,base_link,-0.004310484702548856,0.012809738694914294,0.005144797118145861
1773116703.2293854,base_link,-0.004016038783041631,0.012795402040879388,0.005254919769871247
1773116703.2391331,base_link,-0.004016038783041631,0.012795402040879388,0.005254919769871247
1773116703.249085,base_link,-0.004016038783041631,0.012795402040879388,0.005254919769871247
1773116703.2592733,base_link,-0.004016038783041631,0.012795402040879388,0.005254919769871247
1773116703.269274,base_link,-0.003648428460087366,0.012706612871858841,0.0053646908862597376
1773116703.279411,base_link,-0.003410921120663629,0.012661294576032926,0.0054533133878506
1773116703.2890382,base_link,-0.003410921120663629,0.012661294576032926,0.0054533133878506
1773116703.2990425,base_link,-0.003410921120663629,0.012661294576032926,0.0054533133878506
1773116703.3097043,base_link,-0.0032792373676550912,0.012629002677618267,0.005547743704966246
1773116703.319161,base_link,-0.0032792373676550912,0.012629002677618267,0.005547743704966246
1773116703.3293242,base_link,-0.0030953000372142547,0.012573054101075273,0.005674569848824029
1773116703.3390746,base_link,-0.0030953000372142547,0.012573054101075273,0.005674569848824029
1773116703.3490603,base_link,-0.0030953000372142547,0.012573054101075273,0.005674569848824029
1773116703.3594358,base_link,-0.002976830716929779,0.012525157934812917,0.0057528185993449
1773116703.3700447,base_link,-0.002976830716929779,0.012525157934812917,0.0057528185993449
1773116703.3791907,base_link,-0.002782080328007419,0.012443105413108238,0.005851749362342729
1773116703.3891149,base_link,-0.002782080328007419,0.012443105413108238,0.005851749362342729
1773116703.3991103,base_link,-0.002782080328007419,0.012443105413108238,0.005851749362342729
1773116703.4092643,base_link,-0.002639155811646865,0.012401677117735703,0.005906033970621394
1773116703.4191298,base_link,-0.002639155811646865,0.012401677117735703,0.005906033970621394
1773116703.4291406,base_link,-0.002639155811646865,0.012401677117735703,0.005906033970621394
1773116703.4394064,base_link,-0.002325627031479427,0.012319666465616969,0.0060116455698451254
1773116703.4491274,base_link,-0.002325627031479427,0.012319666465616969,0.0060116455698451254
1773116703.4590604,base_link,-0.002325627031479427,0.012319666465616969,0.0060116455698451254
1773116703.4693563,base_link,-0.002065864229669423,0.012241239357267404,0.006084279421382122
1773116703.4790525,base_link,-0.002065864229669423,0.012241239357267404,0.006084279421382122
1773116703.489024,base_link,-0.002065864229669423,0.012241239357267404,0.006084279421382122
1773116703.4997835,base_link,-0.001748980440410608,0.012145321773749843,0.006188454601656235
1773116703.5090873,base_link,-0.001748980440410608,0.012145321773749843,0.006188454601656235
1773116703.5190127,base_link,-0.001748980440410608,0.012145321773749843,0.006188454601656235
1773116703.529918,base_link,-0.001748980440410608,0.012145321773749843,0.006188454601656235
1773116703.5391855,base_link,-0.0014844097884724738,0.012059692708563774,0.00629904828612271
1773116703.549376,base_link,-0.00126804441900924,0.011997961057349724,0.0063526998537832835
1773116703.5591948,base_link,-0.00126804441900924,0.011997961057349724,0.0063526998537832835
1773116703.5692935,base_link,-0.0011326319720934286,0.011966339234879365,0.006390190724966438
1773116703.5790672,base_link,-0.0011326319720934286,0.011966339234879365,0.006390190724966438
1773116703.58914,base_link,-0.0011326319720934286,0.011966339234879365,0.006390190724966438
1773116703.5993845,base_link,-0.0010122983806506447,0.011924054345618884,0.006443896296598972
1773116703.6097884,base_link,-0.0010122983806506447,0.011924054345618884,0.006443896296598972
1773116703.6192777,base_link,-0.0007951495406620934,0.01183120663278689,0.0065270399321595285
1773116703.6292245,base_link,-0.0007951495406620934,0.01183120663278689,0.0065270399321595285
1773116703.6391172,base_link,-0.0007951495406620934,0.01183120663278689,0.0065270399321595285
1773116703.6493042,base_link,-0.0006828742876573424,0.011759469462914715,0.0065968535207657775
1773116703.662361,base_link,-0.0004678966202460444,0.011650122056625675,0.00668789174682255
1773116703.6692345,base_link,-0.0004678966202460444,0.011650122056625675,0.00668789174682255
1773116703.6791496,base_link,-0.0004678966202460444,0.011650122056625675,0.00668789174682255
1773116703.6891162,base_link,-0.0004678966202460444,0.011650122056625675,0.00668789174682255
1773116703.7010686,base_link,-0.00030463891109394625,0.011567091384991027,0.006760508970879542
1773116703.7092667,base_link,-0.00030463891109394625,0.011567091384991027,0.006760508970879542
1773116703.7191274,base_link,-0.00030463891109394625,0.011567091384991027,0.006760508970879542
1773116703.729179,base_link,-4.7205453707066525e-05,0.011464942632265544,0.0068307684627325616
1773116703.7391071,base_link,-4.7205453707066525e-05,0.011464942632265544,0.0068307684627325616
1773116703.749093,base_link,-4.7205453707066525e-05,0.011464942632265544,0.0068307684627325616
1773116703.7593699,base_link,0.0003748349592851419,0.011372219130658202,0.006883469694527744
1773116703.77011,base_link,0.0003748349592851419,0.011372219130658202,0.006883469694527744
1773116703.779116,base_link,0.0003748349592851419,0.011372219130658202,0.006883469694527744
1773116703.7900865,base_link,0.0008214753228843186,0.01125221194771727,0.0069506574329207815
1773116703.7991915,base_link,0.0008214753228843186,0.01125221194771727,0.0069506574329207815
1773116703.8091104,base_link,0.0011042363785619402,0.011160321990434603,0.0069767832870186175
1773116703.8191028,base_link,0.0011042363785619402,0.011160321990434603,0.0069767832870186175
1773116703.8291078,base_link,0.0011042363785619402,0.011160321990434603,0.0069767832870186175
1773116703.8394415,base_link,0.0012680001265560348,0.011087108616555097,0.0070175590138807364
1773116703.849136,base_link,0.0012680001265560348,0.011087108616555097,0.0070175590138807364
1773116703.8593326,base_link,0.0014783596581455782,0.010966628339589814,0.007112442937695751
1773116703.869243,base_link,0.0014783596581455782,0.010966628339589814,0.007112442937695751
1773116703.8791692,base_link,0.0014783596581455782,0.010966628339589814,0.007112442937695751
1773116703.889196,base_link,0.0016219246508937801,0.010886500522152447,0.007137948984325182
1773116703.8995633,base_link,0.0018480993319499595,0.010750539024032342,0.007211029866334762
1773116703.9090796,base_link,0.0018480993319499595,0.010750539024032342,0.007211029866334762
1773116703.9191217,base_link,0.0018480993319499595,0.010750539024032342,0.007211029866334762
1773116703.929154,base_link,0.0018480993319499595,0.010750539024032342,0.007211029866334762
1773116703.939227,base_link,0.001976301720790552,0.01067791578144442,0.007260584894482003
1773116703.9491363,base_link,0.001976301720790552,0.01067791578144442,0.007260584894482003
1773116703.9591029,base_link,0.001976301720790552,0.01067791578144442,0.007260584894482003
1773116703.969093,base_link,0.0022094955303361696,0.01053064602853903,0.007378239013644428
1773116703.9789958,base_link,0.0022094955303361696,0.01053064602853903,0.007378239013644428
1773116703.9890358,base_link,0.0022094955303361696,0.01053064602853903,0.007378239013644428
1773116703.9991891,base_link,0.002399304801257496,0.01040038554394361,0.007477171726325393
1773116704.0091105,base_link,0.002399304801257496,0.01040038554394361,0.007477171726325393
1773116704.019055,base_link,0.002399304801257496,0.01040038554394361,0.007477171726325393
1773116704.0291061,base_link,0.0026601769493702354,0.01024391542092759,0.00756320966142221
1773116704.0395136,base_link,0.0026601769493702354,0.01024391542092759,0.00756320966142221
1773116704.0495725,base_link,0.0026601769493702354,0.01024391542092759,0.00756320966142221
1773116704.0601451,base_link,0.0026601769493702354,0.01024391542092759,0.00756320966142221
1773116704.0695388,base_link,0.0028836058933991993,0.010135861645033543,0.007592985239255445
1773116704.079455,base_link,0.0030832139542939507,0.01005377014425856,0.007625305318663289
1773116704.0899532,base_link,0.0030832139542939507,0.01005377014425856,0.007625305318663289
1773116704.099348,base_link,0.0032204723546354896,0.009984634046595546,0.007644299849251135
1773116704.109604,base_link,0.0032204723546354896,0.009984634046595546,0.007644299849251135
1773116704.1191676,base_link,0.0032204723546354896,0.009984634046595546,0.007644299849251135
1773116704.1293795,base_link,0.0033556961134218466,0.009909859456950526,0.007681964236506522
1773116704.1394377,base_link,0.0033556961134218466,0.009909859456950526,0.007681964236506522
1773116704.1491754,base_link,0.0035529087268796333,0.009793125079311168,0.007726496053770182
1773116704.1592064,base_link,0.0035529087268796333,0.009793125079311168,0.007726496053770182
1773116704.1695511,base_link,0.0035529087268796333,0.009793125079311168,0.007726496053770182
1773116704.1791947,base_link,0.0037163632588608775,0.009731891888756145,0.007739685438203636
1773116704.1892936,base_link,0.004084530022640087,0.009638767648740248,0.007762570143451553
1773116704.1991992,base_link,0.004084530022640087,0.009638767648740248,0.007762570143451553
1773116704.2091463,base_link,0.004084530022640087,0.009638767648740248,0.007762570143451553
1773116704.219123,base_link,0.004084530022640087,0.009638767648740248,0.007762570143451553
1773116704.2291303,base_link,0.0043178689937255765,0.009548091971362041,0.007818890566388514
1773116704.2390425,base_link,0.0043178689937255765,0.009548091971362041,0.007818890566388514
1773116704.249069,base_link,0.0043178689937255765,0.009548091971362041,0.007818890566388514
1773116704.25912,base_link,0.00458181067818203,0.009422759977884457,0.00787598153743424
1773116704.269117,base_link,0.00458181067818203,0.009422759977884457,0.00787598153743424
1773116704.2791753,base_link,0.00458181067818203,0.009422759977884457,0.00787598153743424
1773116704.2892432,base_link,0.00484773534142896,0.009300237966686581,0.007906457257119137
1773116704.2992198,base_link,0.00484773534142896,0.009300237966686581,0.007906457257119137
1773116704.3091924,base_link,0.00484773534142896,0.009300237966686581,0.007906457257119137
1773116704.3192976,base_link,0.005137143076178019,0.009154994925391673,0.007945184101950109
1773116704.3294363,base_link,0.005137143076178019,0.009154994925391673,0.007945184101950109
1773116704.3392134,base_link,0.005331905454419528,0.009058572712482615,0.007980476378776136
1773116704.3492217,base_link,0.005331905454419528,0.009058572712482615,0.007980476378776136
1773116704.3591757,base_link,0.005331905454419528,0.009058572712482615,0.007980476378776136
1773116704.3692784,base_link,0.0054398788549784305,0.008981143524479901,0.00802096784763262
1773116704.3802419,base_link,0.005631288590223604,0.008873369249509155,0.00807246114879795
1773116704.3891823,base_link,0.005631288590223604,0.008873369249509155,0.00807246114879795
1773116704.399174,base_link,0.005631288590223604,0.008873369249509155,0.00807246114879795
1773116704.4095902,base_link,0.005631288590223604,0.008873369249509155,0.00807246114879795
1773116704.419297,base_link,0.005750915548607377,0.008799775534752474,0.008098702593300311
1773116704.4298291,base_link,0.005944881711433342,0.008657676783242384,0.008136348192672116
1773116704.439107,base_link,0.005944881711433342,0.008657676783242384,0.008136348192672116
1773116704.4491982,base_link,0.005944881711433342,0.008657676783242384,0.008136348192672116
1773116704.4602997,base_link,0.006028146670197243,0.008561466314826668,0.00816708758510698
1773116704.4691377,base_link,0.006028146670197243,0.008561466314826668,0.00816708758510698
1773116704.4791217,base_link,0.006028146670197243,0.008561466314826668,0.00816708758510698
1773116704.4891877,base_link,0.006028146670197243,0.008561466314826668,0.00816708758510698
1773116704.4994118,base_link,0.0061924284338906455,0.008392168396946252,0.008213687788679536
1773116704.509269,base_link,0.0061924284338906455,0.008392168396946252,0.008213687788679536
1773116704.5191176,base_link,0.0061924284338906455,0.008392168396946252,0.008213687788679536
1773116704.5292645,base_link,0.00633281174425307,0.008246929205292172,0.008267209248949858
1773116704.539301,base_link,0.00633281174425307,0.008246929205292172,0.008267209248949858
1773116704.5491755,base_link,0.00633281174425307,0.008246929205292172,0.008267209248949858
1773116704.5596552,base_link,0.00655404728948597,0.008082579788169356,0.008306502893148493
1773116704.5691507,base_link,0.00655404728948597,0.008082579788169356,0.008306502893148493
1773116704.5791214,base_link,0.00655404728948597,0.008082579788169356,0.008306502893148493
1773116704.589575,base_link,0.006723079542614252,0.007951322586426418,0.008343808342569148
1773116704.5992908,base_link,0.006723079542614252,0.007951322586426418,0.008343808342569148
1773116704.609392,base_link,0.006864446904966848,0.007852046775854722,0.008329013810512209
1773116704.6193194,base_link,0.006864446904966848,0.007852046775854722,0.008329013810512209
1773116704.6290717,base_link,0.006993501114208656,0.007782015328549566,0.008331448922432816
1773116704.6392963,base_link,0.006993501114208656,0.007782015328549566,0.008331448922432816
1773116704.6496098,base_link,0.006993501114208656,0.007782015328549566,0.008331448922432816
1773116704.6591825,base_link,0.0071567864729524255,0.007728735496653316,0.008341709633339134
1773116704.6717207,base_link,0.007398689572759132,0.007638502409742898,0.008369464221315515
1773116704.6793373,base_link,0.007398689572759132,0.007638502409742898,0.008369464221315515
1773116704.6891222,base_link,0.007398689572759132,0.007638502409742898,0.008369464221315515
1773116704.7012448,base_link,0.007398689572759132,0.007638502409742898,0.008369464221315515
1773116704.7093601,base_link,0.007508455299399419,0.007585352596961005,0.008394958772639793
1773116704.7195153,base_link,0.007707485040968798,0.007492894436890968,0.008392153896024157
1773116704.7291718,base_link,0.007707485040968798,0.007492894436890968,0.008392153896024157
1773116704.7393858,base_link,0.007707485040968798,0.007492894436890968,0.008392153896024157
1773116704.7497082,base_link,0.007849788070914687,0.007417327236579466,0.00840190482206804
1773116704.7591848,base_link,0.007849788070914687,0.007417327236579466,0.00840190482206804
1773116704.7691586,base_link,0.007849788070914687,0.007417327236579466,0.00840190482206804
1773116704.7803044,base_link,0.008021084898830633,0.007329721025119376,0.008416511966909013
1773116704.7891073,base_link,0.008021084898830633,0.007329721025119376,0.008416511966909013
1773116704.7990758,base_link,0.008021084898830633,0.007329721025119376,0.008416511966909013
1773116704.809715,base_link,0.008021084898830633,0.007329721025119376,0.008416511966909013
1773116704.8192031,base_link,0.008229054562911925,0.007247294618178156,0.008413653207073157
1773116704.8291228,base_link,0.008229054562911925,0.007247294618178156,0.008413653207073157
1773116704.8391352,base_link,0.008229054562911925,0.007247294618178156,0.008413653207073157
1773116704.849314,base_link,0.008506775745686868,0.007138662523105084,0.008440436664929496
1773116704.8596656,base_link,0.008506775745686868,0.007138662523105084,0.008440436664929496
1773116704.8690786,base_link,0.008638638154176759,0.007058553993438368,0.008466217786267105
1773116704.878996,base_link,0.008638638154176759,0.007058553993438368,0.008466217786267105
1773116704.889843,base_link,0.008638638154176759,0.007058553993438368,0.008466217786267105
1773116704.8991318,base_link,0.008698266875376975,0.007009495375995073,0.008484666797976659
1773116704.909485,base_link,0.008774639126759132,0.006934801564384023,0.008513434984914081
1773116704.9190848,base_link,0.008774639126759132,0.006934801564384023,0.008513434984914081
1773116704.929096,base_link,0.008774639126759132,0.006934801564384023,0.008513434984914081
1773116704.9404707,base_link,0.008803046986486623,0.006894977317077826,0.008527540078645424
1773116704.9493048,base_link,0.008803046986486623,0.006894977317077826,0.008527540078645424
1773116704.9591844,base_link,0.008803046986486623,0.006894977317077826,0.008527540078645424
1773116704.9693377,base_link,0.008803046986486623,0.006894977317077826,0.008527540078645424
1773116704.9792025,base_link,0.008860680765311935,0.006835224644751635,0.008512711156266117
1773116704.9891653,base_link,0.008917517775411887,0.00677382574204604,0.008500109191843574
1773116704.999225,base_link,0.008917517775411887,0.00677382574204604,0.008500109191843574
1773116705.0091841,base_link,0.008917517775411887,0.00677382574204604,0.008500109191843574
1773116705.0199676,base_link,0.00896263563670191,0.0067188141393150075,0.008503787126662055
1773116705.029591,base_link,0.00896263563670191,0.0067188141393150075,0.008503787126662055
1773116705.0396242,base_link,0.00896263563670191,0.0067188141393150075,0.008503787126662055
1773116705.0492742,base_link,0.00896263563670191,0.0067188141393150075,0.008503787126662055
1773116705.0602112,base_link,0.009003484195376554,0.00665876553151349,0.008519544087274455
1773116705.0691395,base_link,0.009003484195376554,0.00665876553151349,0.008519544087274455
1773116705.079078,base_link,0.009003484195376554,0.00665876553151349,0.008519544087274455
1773116705.0891688,base_link,0.009038164773811003,0.006586897444312512,0.008554323585536983
1773116705.099121,base_link,0.009038164773811003,0.006586897444312512,0.008554323585536983
1773116705.1091611,base_link,0.009038164773811003,0.006586897444312512,0.008554323585536983
1773116705.1191576,base_link,0.009049054141366142,0.0065328577745410316,0.008552007250485272
1773116705.129548,base_link,0.009049054141366142,0.0065328577745410316,0.008552007250485272
1773116705.139188,base_link,0.009050293203364757,0.00648784122286597,0.008545630519171898
1773116705.1491072,base_link,0.009050293203364757,0.00648784122286597,0.008545630519171898
1773116705.159202,base_link,0.009050293203364757,0.00648784122286597,0.008545630519171898
1773116705.1691303,base_link,0.00904125488355123,0.006447994241456596,0.008547339872315873
1773116705.1790097,base_link,0.00904125488355123,0.006447994241456596,0.008547339872315873
1773116705.1892815,base_link,0.009020393304835894,0.00638921039739293,0.008570005663618763
1773116705.1991608,base_link,0.009020393304835894,0.00638921039739293,0.008570005663618763
1773116705.2092214,base_link,0.009020393304835894,0.00638921039739293,0.008570005663618763
1773116705.219163,base_link,0.009005471066659304,0.0063482858046220725,0.008577659408399607
1773116705.229411,base_link,0.008930284951651601,0.006285036165352878,0.008598958460297346
1773116705.239075,base_link,0.008930284951651601,0.006285036165352878,0.008598958460297346
1773116705.2491353,base_link,0.008930284951651601,0.006285036165352878,0.008598958460297346
1773116705.2590725,base_link,0.008930284951651601,0.006285036165352878,0.008598958460297346
1773116705.2691483,base_link,0.00888928791374713,0.006252379683208117,0.008605429210107707
1773116705.2790923,base_link,0.00888928791374713,0.006252379683208117,0.008605429210107707
1773116705.2891345,base_link,0.00888928791374713,0.006252379683208117,0.008605429210107707
1773116705.299159,base_link,0.00883670982393936,0.006197551638792501,0.008617137042911005
1773116705.309258,base_link,0.00883670982393936,0.006197551638792501,0.008617137042911005
1773116705.3191743,base_link,0.00883670982393936,0.006197551638792501,0.008617137042911005
1773116705.329344,base_link,0.008780151931921054,0.006153833526275215,0.008638026351067973
1773116705.339169,base_link,0.008780151931921054,0.006153833526275215,0.008638026351067973
1773116705.3491313,base_link,0.008780151931921054,0.006153833526275215,0.008638026351067973
1773116705.3591926,base_link,0.008702310696105497,0.006112963541349749,0.00864754741593421
1773116705.3691502,base_link,0.008702310696105497,0.006112963541349749,0.00864754741593421
1773116705.379075,base_link,0.008702310696105497,0.006112963541349749,0.00864754741593421
1773116705.3891697,base_link,0.008648463664409606,0.006074596492547733,0.008626242282113838
1773116705.3990803,base_link,0.008648463664409606,0.006074596492547733,0.008626242282113838
1773116705.4097967,base_link,0.008648463664409606,0.006074596492547733,0.008626242282113838
1773116705.420361,base_link,0.008632318168551145,0.0060393708606383545,0.008607141202855828
1773116705.4292228,base_link,0.008632318168551145,0.0060393708606383545,0.008607141202855828
1773116705.439163,base_link,0.008632318168551145,0.0060393708606383545,0.008607141202855828
1773116705.4499664,base_link,0.008632318168551145,0.0060393708606383545,0.008607141202855828
1773116705.4593623,base_link,0.00862986036218144,0.005998524292432965,0.008588856042205328
1773116705.4693997,base_link,0.008633312848764924,0.005962664157259948,0.008594757664723673
1773116705.4791913,base_link,0.008633312848764924,0.005962664157259948,0.008594757664723673
1773116705.4891746,base_link,0.008633312848764924,0.005962664157259948,0.008594757664723673
1773116705.50054,base_link,0.008633053591429102,0.005945106908145141,0.008598337832489256
1773116705.509295,base_link,0.008633053591429102,0.005945106908145141,0.008598337832489256
1773116705.5194817,base_link,0.008612932414148844,0.005913638596168773,0.008577874826621812
1773116705.529345,base_link,0.008612932414148844,0.005913638596168773,0.008577874826621812
1773116705.5391476,base_link,0.008612932414148844,0.005913638596168773,0.008577874826621812
1773116705.5492723,base_link,0.008593701561960376,0.005898607001646773,0.008564186724957845
1773116705.5595038,base_link,0.008593701561960376,0.005898607001646773,0.008564186724957845
1773116705.5696182,base_link,0.008593701561960376,0.005898607001646773,0.008564186724957845
1773116705.5793376,base_link,0.008593701561960376,0.005898607001646773,0.008564186724957845
1773116705.5892637,base_link,0.008590257466077972,0.00586577426210462,0.008532496853041915
1773116705.5993698,base_link,0.008590257466077972,0.00586577426210462,0.008532496853041915
1773116705.6098442,base_link,0.008590257466077972,0.00586577426210462,0.008532496853041915
1773116705.619552,base_link,0.00861250839150246,0.005836505861938575,0.008520641761522452
1773116705.6292613,base_link,0.00861250839150246,0.005836505861938575,0.008520641761522452
1773116705.6395104,base_link,0.00861250839150246,0.005836505861938575,0.008520641761522452
1773116705.649659,base_link,0.008764654888641615,0.005825712285766206,0.008455379506702443
1773116705.6595407,base_link,0.008764654888641615,0.005825712285766206,0.008455379506702443
1773116705.669315,base_link,0.008764654888641615,0.005825712285766206,0.008455379506702443
1773116705.6815934,base_link,0.00896191960344428,0.005820895102062865,0.008410787768547867
1773116705.6893125,base_link,0.00896191960344428,0.005820895102062865,0.008410787768547867
1773116705.6993666,base_link,0.00896191960344428,0.005820895102062865,0.008410787768547867
1773116705.712435,base_link,0.009097357431856301,0.005818768230285959,0.008399397651008778
1773116705.7195227,base_link,0.009097357431856301,0.005818768230285959,0.008399397651008778
1773116705.7294304,base_link,0.009097357431856301,0.005818768230285959,0.008399397651008778
1773116705.7395175,base_link,0.009097357431856301,0.005818768230285959,0.008399397651008778
1773116705.7492948,base_link,0.009190083385421488,0.005814850441038043,0.008388250171807887
1773116705.7598274,base_link,0.009206989607751959,0.005802485512014975,0.00840644618967279
1773116705.7692585,base_link,0.009206989607751959,0.005802485512014975,0.00840644618967279
1773116705.7791784,base_link,0.009206989607751959,0.005802485512014975,0.00840644618967279
1773116705.7892246,base_link,0.009202312619981223,0.005787590792797621,0.008419043020570338
1773116705.799153,base_link,0.009202312619981223,0.005787590792797621,0.008419043020570338
1773116705.8092225,base_link,0.00916247207361412,0.005766445319121294,0.008459240005176227
1773116705.8191864,base_link,0.00916247207361412,0.005766445319121294,0.008459240005176227
1773116705.8291733,base_link,0.00916247207361412,0.005766445319121294,0.008459240005176227
1773116705.839305,base_link,0.009144539349198455,0.005761278579187665,0.008473546116349762
1773116705.84916,base_link,0.009144539349198455,0.005761278579187665,0.008473546116349762
1773116705.8591926,base_link,0.009144539349198455,0.005761278579187665,0.008473546116349762
1773116705.8692136,base_link,0.009050346154893696,0.005730839925476662,0.00852363567746156
1773116705.8791356,base_link,0.009050346154893696,0.005730839925476662,0.00852363567746156
1773116705.889168,base_link,0.009050346154893696,0.005730839925476662,0.00852363567746156
1773116705.8996615,base_link,0.009016399711052892,0.005704967702713885,0.00854526686904028
1773116705.9091556,base_link,0.009016399711052892,0.005704967702713885,0.00854526686904028
1773116705.919011,base_link,0.009016399711052892,0.005704967702713885,0.00854526686904028
1773116705.929216,base_link,0.009016399711052892,0.005704967702713885,0.00854526686904028
1773116705.9391506,base_link,0.009017405478150387,0.005688128490259667,0.008546436644484012
1773116705.9491014,base_link,0.009017405478150387,0.005688128490259667,0.008546436644484012
1773116705.9591029,base_link,0.009017405478150387,0.005688128490259667,0.008546436644484012
1773116705.969158,base_link,0.009018190357099887,0.005665607204992311,0.008546605466709378
1773116705.9798715,base_link,0.00902014621632799,0.005659269335352941,0.008547587574017135
1773116705.9891086,base_link,0.00902014621632799,0.005659269335352941,0.008547587574017135
1773116705.9991663,base_link,0.009003158883843482,0.005643342249548398,0.008549767981541945
1773116706.0091958,base_link,0.009003158883843482,0.005643342249548398,0.008549767981541945
1773116706.0191162,base_link,0.009003158883843482,0.005643342249548398,0.008549767981541945
1773116706.0293677,base_link,0.008964317145745054,0.005631160614195045,0.008565395282409016
1773116706.039149,base_link,0.008964317145745054,0.005631160614195045,0.008565395282409016
1773116706.0491831,base_link,0.008897890325628766,0.005610049762133362,0.008582764863475423
1773116706.0591438,base_link,0.008897890325628766,0.005610049762133362,0.008582764863475423
1773116706.069229,base_link,0.008897890325628766,0.005610049762133362,0.008582764863475423
1773116706.0797846,base_link,0.00889722890210598,0.005603682357467249,0.008572879714614123
1773116706.089259,base_link,0.00889722890210598,0.005603682357467249,0.008572879714614123
1773116706.0991135,base_link,0.008890796170431758,0.005580958855860657,0.008566575847120617
1773116706.1091495,base_link,0.008890796170431758,0.005580958855860657,0.008566575847120617
1773116706.119058,base_link,0.008890796170431758,0.005580958855860657,0.008566575847120617
1773116706.1292512,base_link,0.008892836421088735,0.0055690638308015725,0.008559132690317328
1773116706.1395137,base_link,0.008892836421088735,0.0055690638308015725,0.008559132690317328
1773116706.14955,base_link,0.008892836421088735,0.0055690638308015725,0.008559132690317328
1773116706.1598005,base_link,0.008857107357877037,0.005547522879592141,0.00855961434318242
1773116706.1695955,base_link,0.008857107357877037,0.005547522879592141,0.00855961434318242
1773116706.1792939,base_link,0.008857107357877037,0.005547522879592141,0.00855961434318242
1773116706.1895242,base_link,0.008858806309169576,0.0055469073942545424,0.008537656933699622
1773116706.1991358,base_link,0.008858806309169576,0.0055469073942545424,0.008537656933699622
1773116706.2093894,base_link,0.008858806309169576,0.0055469073942545424,0.008537656933699622
1773116706.2200084,base_link,0.008871136383567624,0.005538987736016444,0.008523897034138306
1773116706.2292745,base_link,0.008871136383567624,0.005538987736016444,0.008523897034138306
1773116706.2393224,base_link,0.008871830104755812,0.0055309482626350395,0.008515533888515725
1773116706.249252,base_link,0.008871830104755812,0.0055309482626350395,0.008515533888515725
1773116706.259219,base_link,0.008871830104755812,0.0055309482626350395,0.008515533888515725
1773116706.269374,base_link,0.008879600179571762,0.005526956584492877,0.00851661527244102
1773116706.2794437,base_link,0.008879600179571762,0.005526956584492877,0.00851661527244102
1773116706.2893517,base_link,0.009047511841928035,0.005522053066015199,0.008442851923492922
1773116706.299307,base_link,0.009047511841928035,0.005522053066015199,0.008442851923492922
1773116706.3093977,base_link,0.009047511841928035,0.005522053066015199,0.008442851923492922
1773116706.3193188,base_link,0.009092374462880498,0.005532778683951627,0.008441442411485311
1773116706.3295546,base_link,0.009092374462880498,0.005532778683951627,0.008441442411485311
1773116706.340197,base_link,0.009165837486617368,0.0055546368722742545,0.008423312644512848
1773116706.3493946,base_link,0.009165837486617368,0.0055546368722742545,0.008423312644512848
1773116706.3591192,base_link,0.009165837486617368,0.0055546368722742545,0.008423312644512848
1773116706.3691673,base_link,0.009187768065642199,0.005568122734161275,0.008421833746502683
1773116706.3791409,base_link,0.009187768065642199,0.005568122734161275,0.008421833746502683
1773116706.389166,base_link,0.009187768065642199,0.005568122734161275,0.008421833746502683
1773116706.3991392,base_link,0.009217379364513223,0.005573050994512621,0.008421246918947745
1773116706.4091353,base_link,0.009217379364513223,0.005573050994512621,0.008421246918947745
1773116706.4191458,base_link,0.009217379364513223,0.005573050994512621,0.008421246918947745
1773116706.4291165,base_link,0.00926115586834797,0.005587633979099928,0.00841003636994625
1773116706.4391503,base_link,0.00926115586834797,0.005587633979099928,0.00841003636994625
1773116706.4491112,base_link,0.00926115586834797,0.005587633979099928,0.00841003636994625
1773116706.4599276,base_link,0.009257436923514328,0.005584482758037045,0.008425027727951895
1773116706.4691036,base_link,0.009257436923514328,0.005584482758037045,0.008425027727951895
1773116706.4790883,base_link,0.009257436923514328,0.005584482758037045,0.008425027727951895
1773116706.4891214,base_link,0.009257436923514328,0.005584482758037045,0.008425027727951895
1773116706.4991803,base_link,0.009253900202603804,0.00558960940332371,0.008440162690393993
1773116706.5092065,base_link,0.009255012306327887,0.005597800400796618,0.008449354712320556
1773116706.5190392,base_link,0.009255012306327887,0.005597800400796618,0.008449354712320556
1773116706.529131,base_link,0.009250000318560048,0.005598442715518688,0.008456719609414465
1773116706.539141,base_link,0.009250000318560048,0.005598442715518688,0.008456719609414465
1773116706.5495448,base_link,0.009250000318560048,0.005598442715518688,0.008456719609414465
1773116706.5592225,base_link,0.00924989690126965,0.005594214297980536,0.008456755814123917
1773116706.5691864,base_link,0.00924989690126965,0.005594214297980536,0.008456755814123917
1773116706.5791206,base_link,0.009150139257541712,0.005589228130004606,0.00853188566241364
1773116706.5890996,base_link,0.009150139257541712,0.005589228130004606,0.00853188566241364
1773116706.5991206,base_link,0.009150139257541712,0.005589228130004606,0.00853188566241364
1773116706.6091669,base_link,0.009089715594630565,0.005566646440614498,0.008573685926119012
1773116706.6196487,base_link,0.009013066862943564,0.005544664318928957,0.008621633862782752
1773116706.6290882,base_link,0.009013066862943564,0.005544664318928957,0.008621633862782752
1773116706.6390502,base_link,0.009013066862943564,0.005544664318928957,0.008621633862782752
1773116706.64909,base_link,0.009013066862943564,0.005544664318928957,0.008621633862782752
1773116706.6599422,base_link,0.008974608096538439,0.005530704188269578,0.00864444960288041
1773116706.669211,base_link,0.008974608096538439,0.005530704188269578,0.00864444960288041
1773116706.6790423,base_link,0.008974608096538439,0.005530704188269578,0.00864444960288041
1773116706.6914492,base_link,0.008896611670689225,0.00551554147925281,0.00869046566084758
1773116706.6991415,base_link,0.008896611670689225,0.00551554147925281,0.00869046566084758
1773116706.7091622,base_link,0.008896611670689225,0.00551554147925281,0.00869046566084758
1773116706.7211616,base_link,0.008838008210000359,0.00550182766726217,0.008715616230633771
1773116706.7292774,base_link,0.008838008210000359,0.00550182766726217,0.008715616230633771
1773116706.739593,base_link,0.008838008210000359,0.00550182766726217,0.008715616230633771
1773116706.7493598,base_link,0.008804489520608944,0.005486419438214693,0.008731680344983339
1773116706.7592225,base_link,0.008804489520608944,0.005486419438214693,0.008731680344983339
1773116706.7691655,base_link,0.00880472201533472,0.0054790614360859455,0.008728848997027139
1773116706.779202,base_link,0.00880472201533472,0.0054790614360859455,0.008728848997027139
1773116706.7891023,base_link,0.00880472201533472,0.0054790614360859455,0.008728848997027139
1773116706.799085,base_link,0.00878233628473396,0.005469589051908419,0.008740985271345536
1773116706.8094523,base_link,0.00878233628473396,0.005469589051908419,0.008740985271345536
1773116706.8191695,base_link,0.008761892922844627,0.0054638341249115055,0.008749200649385835
1773116706.8291018,base_link,0.008761892922844627,0.0054638341249115055,0.008749200649385835
1773116706.839195,base_link,0.008761892922844627,0.0054638341249115055,0.008749200649385835
1773116706.8492856,base_link,0.008762303604388177,0.00545841683596162,0.008734964487754071
1773116706.8590693,base_link,0.008762303604388177,0.00545841683596162,0.008734964487754071
1773116706.8691092,base_link,0.008761908165171195,0.00544974175628133,0.008701341880416658
1773116706.8790388,base_link,0.008761908165171195,0.00544974175628133,0.008701341880416658
1773116706.8893669,base_link,0.008761908165171195,0.00544974175628133,0.008701341880416658
1773116706.8992133,base_link,0.008765650550854265,0.005450166508294635,0.008683307541833274
1773116706.909222,base_link,0.008765650550854265,0.005450166508294635,0.008683307541833274
1773116706.9194555,base_link,0.008765650550854265,0.005450166508294635,0.008683307541833274
1773116706.9293232,base_link,0.008757761003454545,0.0054498282218521585,0.008656754197883199
1773116706.9390702,base_link,0.008757761003454545,0.0054498282218521585,0.008656754197883199
1773116706.9491186,base_link,0.008757761003454545,0.0054498282218521585,0.008656754197883199
1773116706.9598234,base_link,0.008721658108948288,0.005446796258371356,0.008655125015508414
1773116706.969148,base_link,0.008721658108948288,0.005446796258371356,0.008655125015508414
1773116706.9790683,base_link,0.008721658108948288,0.005446796258371356,0.008655125015508414
1773116706.989681,base_link,0.00866488420778111,0.005436944536908225,0.008670030011709295
1773116706.9991255,base_link,0.00866488420778111,0.005436944536908225,0.008670030011709295
1773116707.009147,base_link,0.00866488420778111,0.005436944536908225,0.008670030011709295
1773116707.0200448,base_link,0.008588911892850215,0.005417599789329985,0.008691530486985788
1773116707.0290983,base_link,0.008588911892850215,0.005417599789329985,0.008691530486985788
1773116707.03912,base_link,0.008554494900099852,0.005404981712853606,0.00869932784130878
1773116707.0492315,base_link,0.008554494900099852,0.005404981712853606,0.00869932784130878
1773116707.0591552,base_link,0.008549986168274737,0.005400535508030269,0.008695516383761093
1773116707.0694432,base_link,0.008549986168274737,0.005400535508030269,0.008695516383761093
1773116707.0790877,base_link,0.008549986168274737,0.005400535508030269,0.008695516383761093
1773116707.0891547,base_link,0.008550348057756813,0.005399460877061689,0.008690962624082199
1773116707.0995185,base_link,0.008569665514867653,0.005399845765485647,0.008678605523702143
1773116707.1091962,base_link,0.008569665514867653,0.005399845765485647,0.008678605523702143
1773116707.1191423,base_link,0.008569665514867653,0.005399845765485647,0.008678605523702143
1773116707.1292217,base_link,0.008569665514867653,0.005399845765485647,0.008678605523702143
1773116707.1391935,base_link,0.008609787816032055,0.005396666920201798,0.008645340672498503
1773116707.1492422,base_link,0.008617138048808093,0.005398187146925575,0.008638934384946395
1773116707.1595228,base_link,0.008617138048808093,0.005398187146925575,0.008638934384946395
1773116707.169069,base_link,0.008617138048808093,0.005398187146925575,0.008638934384946395
1773116707.1801088,base_link,0.008629448378584481,0.005394401721365079,0.008626403156018314
1773116707.1892226,base_link,0.008629448378584481,0.005394401721365079,0.008626403156018314
1773116707.199214,base_link,0.008629448378584481,0.005394401721365079,0.008626403156018314
1773116707.2093358,base_link,0.008629448378584481,0.005394401721365079,0.008626403156018314
1773116707.2191248,base_link,0.008627302387524571,0.005397423805453855,0.008622730735957929
1773116707.2291155,base_link,0.008627302387524571,0.005397423805453855,0.008622730735957929
1773116707.239074,base_link,0.008627302387524571,0.005397423805453855,0.008622730735957929
1773116707.249155,base_link,0.008615308179152958,0.00539837039571113,0.008628889611075163
1773116707.259128,base_link,0.008615308179152958,0.00539837039571113,0.008628889611075163
1773116707.26912,base_link,0.008615308179152958,0.00539837039571113,0.008628889611075163
1773116707.2791615,base_link,0.008590338081437193,0.005396750246536623,0.008639787778836228
1773116707.2891762,base_link,0.008590338081437193,0.005396750246536623,0.008639787778836228
1773116707.2994475,base_link,0.008555112736312376,0.0053905962564975846,0.00865666781718244
1773116707.3092782,base_link,0.008555112736312376,0.0053905962564975846,0.00865666781718244
1773116707.3192163,base_link,0.008555112736312376,0.0053905962564975846,0.00865666781718244
1773116707.3292134,base_link,0.008541556319623167,0.00538912046593381,0.008662587335615757
1773116707.3397982,base_link,0.008511119421403646,0.005387585250495486,0.008676115952110486
1773116707.3491323,base_link,0.008511119421403646,0.005387585250495486,0.008676115952110486
1773116707.3591259,base_link,0.008511119421403646,0.005387585250495486,0.008676115952110486
1773116707.3691266,base_link,0.008511119421403646,0.005387585250495486,0.008676115952110486
1773116707.3790781,base_link,0.008531030111655458,0.005390055295956993,0.008661322888263379
1773116707.389177,base_link,0.008546970357458494,0.005392280027598291,0.008649432997774098
1773116707.3991797,base_link,0.008546970357458494,0.005392280027598291,0.008649432997774098
1773116707.409146,base_link,0.008546970357458494,0.005392280027598291,0.008649432997774098
1773116707.4195673,base_link,0.008533379998022755,0.005389316887187329,0.008655352500602176
1773116707.429389,base_link,0.008533379998022755,0.005389316887187329,0.008655352500602176
1773116707.4395053,base_link,0.008533379998022755,0.005389316887187329,0.008655352500602176
1773116707.4501867,base_link,0.008533379998022755,0.005389316887187329,0.008655352500602176
1773116707.4593966,base_link,0.008529706050321773,0.005388500808619634,0.008654508962423813
1773116707.4694536,base_link,0.008529706050321773,0.005388500808619634,0.008654508962423813
1773116707.479522,base_link,0.008529706050321773,0.005388500808619634,0.008654508962423813
1773116707.489308,base_link,0.008577470680927679,0.005386973231203213,0.008617504712553181
1773116707.499309,base_link,0.008577470680927679,0.005386973231203213,0.008617504712553181
1773116707.5092568,base_link,0.008577470680927679,0.005386973231203213,0.008617504712553181
1773116707.5193436,base_link,0.00883459542913062,0.005415302655580163,0.008430495433253138
1773116707.5294967,base_link,0.00883459542913062,0.005415302655580163,0.008430495433253138
1773116707.5391512,base_link,0.00883459542913062,0.005415302655580163,0.008430495433253138
1773116707.5498416,base_link,0.008961867961417291,0.00543920422628473,0.008343586103091716
1773116707.5594883,base_link,0.008961867961417291,0.00543920422628473,0.008343586103091716
1773116707.5694098,base_link,0.009041239380328081,0.005450362872923928,0.008285340323117674
1773116707.5801542,base_link,0.009081197364257443,0.005453061367411152,0.008256261850831836
1773116707.5893493,base_link,0.009081197364257443,0.005453061367411152,0.008256261850831836
1773116707.5993457,base_link,0.009081197364257443,0.005453061367411152,0.008256261850831836
1773116707.6095285,base_link,0.009081197364257443,0.005453061367411152,0.008256261850831836
1773116707.6192281,base_link,0.009091001614923266,0.005452783181464707,0.008256317904752841
1773116707.6297598,base_link,0.009016621216835968,0.005459293628467914,0.008302354828960745
1773116707.6393416,base_link,0.009016621216835968,0.005459293628467914,0.008302354828960745
1773116707.6493375,base_link,0.009016621216835968,0.005459293628467914,0.008302354828960745
1773116707.6601183,base_link,0.008980555289574865,0.005449830318558946,0.008329656719647083
1773116707.6693168,base_link,0.008980555289574865,0.005449830318558946,0.008329656719647083
1773116707.679313,base_link,0.00892632306131061,0.0054291516824037656,0.008370528138917921
1773116707.6892335,base_link,0.00892632306131061,0.0054291516824037656,0.008370528138917921
1773116707.7012813,base_link,0.00892632306131061,0.0054291516824037656,0.008370528138917921
1773116707.7098114,base_link,0.008908294924463545,0.005424522338895066,0.008384200919376805
1773116707.7212296,base_link,0.008908294924463545,0.005424522338895066,0.008384200919376805
1773116707.7294579,base_link,0.008908294924463545,0.005424522338895066,0.008384200919376805
1773116707.7395253,base_link,0.008908294924463545,0.005424522338895066,0.008384200919376805
1773116707.7492924,base_link,0.00889801323691633,0.005411474569120181,0.008392079786001372
1773116707.759318,base_link,0.00889801323691633,0.005411474569120181,0.008392079786001372
1773116707.7695832,base_link,0.00889801323691633,0.005411474569120181,0.008392079786001372
1773116707.7799919,base_link,0.00890217308348884,0.00540199668982725,0.008396216150592717
1773116707.7893424,base_link,0.00890217308348884,0.00540199668982725,0.008396216150592717
1773116707.8000555,base_link,0.00890217308348884,0.00540199668982725,0.008396216150592717
1773116707.809405,base_link,0.009096893159907804,0.005423387160233488,0.008289559521987233
1773116707.8199809,base_link,0.009183741873487666,0.005428336967909127,0.008252832515646902
1773116707.829364,base_link,0.009183741873487666,0.005428336967909127,0.008252832515646902
1773116707.8396378,base_link,0.009183741873487666,0.005428336967909127,0.008252832515646902
1773116707.8496094,base_link,0.009183741873487666,0.005428336967909127,0.008252832515646902
1773116707.859721,base_link,0.009228957647096803,0.005440299709061638,0.008226099025834488
1773116707.8693287,base_link,0.009288463055122709,0.005461565282155939,0.008187473441926774
1773116707.879338,base_link,0.009288463055122709,0.005461565282155939,0.008187473441926774
1773116707.889239,base_link,0.009288463055122709,0.005461565282155939,0.008187473441926774
1773116707.9000638,base_link,0.0092964327169196,0.005474383283086484,0.008184924828817053
1773116707.909386,base_link,0.0092964327169196,0.005474383283086484,0.008184924828817053
