t,x,y,z,qx,qy,qz,qw
1767222365.5930848,0.230466090031923,-0.0003472700651022398,0.44733400419196395,0.0531278787357132,0.0790264683069594,-0.00524578464965963,0.9954419759832221
1767222365.601208,0.23046708675363253,-0.0003459471641099511,0.4473340809046049,0.053127801586223516,0.07902635354891059,-0.005245774894371596,0.9954419892626264
1767222365.609356,0.23047348029615156,-0.00033746132130956413,0.44733457298331347,0.05312730670529305,0.07902561742518237,-0.0052457123183780735,0.9954420744438539
1767222365.6189032,0.23048853261672325,-0.0003174830970665978,0.4473357314844802,0.0531261416066864,0.07902388436844635,-0.005245564995666531,0.9954422749829267
1767222365.6302655,0.23052242579448007,-0.000272498305365699,0.4473383400713614,0.05312351816354757,0.07901998205856689,-0.005245233270328597,0.9954427265188747
1767222365.6385863,0.23056962392429614,-0.00020985448796737353,0.44734197267327147,0.053119864871490376,0.07901454787267721,-0.005244771324201369,0.995443355270539
1767222365.6487136,0.23064404892952076,-0.00011107374272745845,0.4473477007904063,0.053114104124125906,0.07900597889665452,-0.005244042897779894,0.9954443466381033
1767222365.659032,0.23074939641285327,2.874892683537569e-05,0.44735580885465936,0.053105949862452366,0.07899384962447115,-0.005243011820090263,0.9954457497200785
1767222365.6695604,0.23087834482917752,0.00019989598451540514,0.4473657333636444,0.05309596879080688,0.07897900301548107,-0.005241749749143231,0.9954474668401221
1767222365.679059,0.2310565078446246,0.0004363632227364321,0.4473794456720077,0.05308217830365871,0.0789584899906533,-0.005240005991964968,0.9954498387865367
1767222365.6885173,0.23125519946929157,0.0007000771008651291,0.447394737963844,0.05306679878619156,0.07893561332065223,-0.005238061308730988,0.9954524833099815
1767222365.6986501,0.23151643231344207,0.0010467989445310665,0.4474148437377872,0.05304657826879104,0.07890553577726957,-0.005235504500644746,0.9954559590701664
1767222365.7102933,0.23181522228012152,0.0014433685583285613,0.4474378400939541,0.05302345058600832,0.07887113389385286,-0.005232580094875543,0.9954599329103153
1767222365.7194352,0.23219719068916303,0.0019503369352785824,0.4474672382751461,0.05299388438436291,0.07882715486527332,-0.005228841567108915,0.9954650104788108
1767222365.7283378,0.23256577663107697,0.0024395434044931458,0.4474956064753657,0.05296535390728414,0.07878471645259243,-0.005225234006539681,0.9954699074640829
1767222365.7385848,0.23303755102625628,0.0030657069660578766,0.44753191657018754,0.05292883590001077,0.07873039677687604,-0.005220616461581357,0.995476171545759
1767222365.7485857,0.23355847652667705,0.0037571064357755143,0.44757200957758403,0.05288851305197516,0.07867041749014066,-0.0052155178183026785,0.9954830832168787
1767222365.7596571,0.23418273263386946,0.004585651671384478,0.44762005542042094,0.05284019140837326,0.07859854018339477,-0.005209407773471666,0.9954913589387087
1767222365.76895,0.2348238847332887,0.005436622148331308,0.4476694016625295,0.05279056148230468,0.07852471683729344,-0.005203132314125039,0.9954998507665146
1767222365.7797062,0.23559109075806045,0.006454897963707842,0.4477284496392574,0.052731173491136235,0.07843637859918623,-0.005195623011102767,0.9955100016343628
1767222365.78929,0.23637815953715968,0.007499536661680942,0.4477890263519667,0.05267024733149768,0.07834575237170793,-0.00518791923224199,0.9955204034189473
1767222365.7988625,0.23720966889460668,0.00860315921104691,0.44785302343176303,0.05260588038194319,0.07825000805027009,-0.005179780403695999,0.9955313794463647
1767222365.810948,0.2383588911698396,0.01012846690099869,0.4479414732717957,0.05251691817935487,0.07811767886923246,-0.005168531680337468,0.9955465272057058
1767222365.819433,0.2392423269558044,0.0113010089121928,0.4480094668667961,0.052448529797916685,0.07801595276258375,-0.005159884415922885,0.9955581542167431
1767222365.828816,0.24029399350215658,0.01269683555512035,0.4480904083346019,0.05236711732364091,0.0778948536245935,-0.005149590369222632,0.9955719755593269
1767222365.8398364,0.2415610480625595,0.014378536394219855,0.4481879271310919,0.052269029554061854,0.07774895037759016,-0.005137187888477356,0.9955885990525011
1767222365.8496692,0.24281170045915565,0.016038467426794063,0.4482841835357921,0.052172209935284486,0.0776049334750358,-0.005124945801356413,0.995604976755042
1767222365.859941,0.24420288190055095,0.01788491593062969,0.44839125575202005,0.05206450934826864,0.07744473138850438,-0.005111327953299762,0.9956231590170643
1767222365.8697898,0.24562863112458141,0.019777244596914618,0.44850098847606296,0.051954130598921566,0.07728054559858362,-0.005097371531471294,0.9956417540397006
1767222365.8797824,0.24717577590873563,0.02183069577654901,0.4486200644038577,0.05183435130770791,0.07710237672404574,-0.005082226559894391,0.9956618876402278
1767222365.8901327,0.24884897845797882,0.02405145739091141,0.44874884236179685,0.051704809952043705,0.07690968700856204,-0.0050658473439331685,0.9956836093161623
1767222365.8990352,0.25045644053701893,0.026184964827467842,0.44887256060744324,0.05158035564130091,0.07672456415258458,-0.005050111409956337,0.9957044262934523
1767222365.9099438,0.25233140184179065,0.028673511175867365,0.44901686691880566,0.051435187488832475,0.07650862994491,-0.005031756523117488,0.9957286439870838
1767222365.923486,0.25408298226996767,0.030998299995441805,0.4491516772266245,0.05129956886376408,0.0763069004343245,-0.0050146091582948605,0.9957512063129126
1767222365.9299884,0.25621513337843527,0.03382820205353197,0.44931577813950585,0.051134479862951956,0.07606133443393125,-0.004993735733326415,0.9957785903376539
1767222365.9398277,0.2583401913230469,0.03664868969492606,0.44947933312735433,0.05096993555910335,0.07581657865744207,-0.0049729313083694176,0.9958057953346822
1767222365.9498277,0.2605031948574976,0.03951954070050875,0.4496458085957952,0.05080244849504256,0.07556744559444763,-0.00495175494398516,0.9958333959625882
1767222365.960009,0.2628843113015134,0.04267988252558498,0.44982907111437936,0.050618067009029134,0.07529318247671025,-0.004928442674899315,0.9958636746140399
1767222365.9700236,0.2652970612685247,0.04588221001081169,0.45001476830561904,0.050431230270393285,0.07501526722852518,-0.004904820142118359,0.9958942430969332
1767222365.9792962,0.26761144465714815,0.048953980247294845,0.45019289471763657,0.050252005384306034,0.07474867443172542,-0.004882160164097775,0.9959234589745802
1767222365.9893813,0.270186866228982,0.0523722139633004,0.4503911119215269,0.050052559634071514,0.07445200357576537,-0.004856943778126415,0.9959558476825094
1767222366.0002706,0.2730720025886224,0.05620151728499853,0.4506131663099443,0.049829121261589414,0.07411964425930642,-0.00482869417585903,0.995991978240769
1767222366.0091958,0.27555709504513237,0.0594998614920732,0.4508044313375909,0.049636657656795445,0.07383335918023984,-0.004804360945153895,0.996022969314954
1767222366.0197115,0.2786206605656349,0.06356598529405612,0.45104021851824133,0.049399384664560425,0.073480421192743,-0.004774362694383184,0.996061009153166
1767222366.029636,0.2813895134653317,0.06724095114815666,0.4512533231554642,0.049184929362078265,0.07316142398133217,-0.004747249499316798,0.9960952325882988
1767222366.0393162,0.28450015758110003,0.07136956011505387,0.45149273373805343,0.04894399260784166,0.07280303623414998,-0.0047167885649230315,0.9961335028030212
1767222366.0496948,0.28785231472550193,0.07581871775885836,0.4517507323598835,0.0486843389731335,0.07241680756810204,-0.004683961620724731,0.9961745337149689
1767222366.0602524,0.2912546474140884,0.08033447099956484,0.45201259274018474,0.04842078788772969,0.07202478153594036,-0.004650642267768463,0.9962159553379236
1767222366.0706723,0.2947592790336519,0.08498600071228712,0.4522823265530459,0.048149301095420566,0.07162095132666545,-0.004616319993396004,0.996258387027755
1767222366.0790815,0.29775101809598326,0.0889567926960904,0.452512585613617,0.04791753646250398,0.07127620689391728,-0.004587019807178532,0.9962944199772585
1767222366.0891938,0.30128347203206207,0.09364524963711975,0.45278446076980067,0.04764387284738811,0.07086913871198769,-0.00455242299184901,0.9963367412685313
1767222366.0990622,0.3049501454743333,0.09851184970098001,0.4530666661241608,0.047359798805395974,0.07044658526527477,-0.004516510459352326,0.9963804139048662
1767222366.110937,0.3090766356275818,0.10398874246481414,0.4533842612507232,0.0470400857882163,0.06997101968236948,-0.004476092922767758,0.996429250536233
1767222366.1194785,0.3126613253928988,0.10874652952043068,0.4536601567351233,0.046762337793153586,0.06955787608146771,-0.004440980924522094,0.996471406175814
1767222366.1290405,0.31645030443598066,0.11377545995106245,0.4539517753344752,0.046468748359420387,0.06912116871365445,-0.004403866704129301,0.9965156925096854
1767222366.1401784,0.3209212135501138,0.11970948350754153,0.45429587865066373,0.04612230276050109,0.06860583904503967,-0.004360071181458034,0.9965675901888167
1767222366.1493607,0.32467923154850625,0.12469732082627369,0.45458511433462234,0.045831084346389286,0.068172658513069,-0.004323257583778958,0.9966109119316489
1767222366.1590636,0.32882096933308236,0.1301944510409637,0.4549038829944349,0.04551011587303428,0.06769522546867245,-0.00428268368140698,0.9966583388608878
1767222366.16983,0.3331503763204553,0.13594066560109516,0.4552370956058869,0.04517458748158391,0.06719613488903645,-0.004240269773501057,0.9967075580192015
1767222366.1794612,0.3376246424279422,0.14187914473408716,0.4555814572929159,0.0448278151636584,0.06668031923359509,-0.0041964350940010935,0.9967580408231416
1767222366.1893172,0.34207429682419044,0.14778495792140062,0.45592392474071114,0.044482932971098885,0.06616731509511783,-0.004152839910619351,0.9968078596232142
1767222366.199378,0.34661847390718004,0.15381622654415836,0.45627366712278317,0.044130706805196956,0.06564338696926515,-0.004108316991252005,0.9968583390804024
1767222366.2091215,0.3512462520600573,0.15995845486334376,0.4566298438573887,0.04377198230972255,0.06510979273122752,-0.004062973263761983,0.996909334243597
1767222366.22067,0.35668385938632285,0.16717553066185264,0.4570483490574126,0.04335046013644641,0.06448278842652345,-0.004009692528504748,0.9969687206563331
1767222366.2308662,0.36136600397464286,0.1733899169472064,0.45740871010224393,0.042987481218111516,0.0639428658346846,-0.0039638123866119115,0.9970193952764164
1767222366.238915,0.36568659718302754,0.1791244334005764,0.4577412443615978,0.04265251491153017,0.0634446113430526,-0.003921473566480565,0.9970657783250567
1767222366.2495928,0.37089449605218405,0.18603662816464447,0.45814207006069024,0.04224873705653059,0.06284400129385583,-0.0038704378676654035,0.997121203980674
1767222366.2591233,0.37578698039418845,0.19253018833194574,0.4585186198950768,0.04186939348123698,0.062279736660225016,-0.003822491260365276,0.9971727918722403
1767222366.2692034,0.3809133869485166,0.19933422224918862,0.45891317354187283,0.04147189153146477,0.06168846187223858,-0.003772250287079883,0.9972263464284805
1767222366.2790663,0.38611572600563254,0.20623903774099328,0.459313571330285,0.041068480020388945,0.06108839675099997,-0.003721263164577849,0.9972801712309177
1767222366.2899065,0.3917931713328349,0.21377443903236426,0.45975053565111934,0.04062820199467525,0.060433493557548616,-0.00366561737450127,0.9973383103576701
1767222366.2997832,0.39705463262612006,0.22075772463688734,0.4601554837797435,0.04022016012581884,0.05982654088816946,-0.0036140466681450737,0.9973916293965099
1767222366.309305,0.4021514488473559,0.22752248472209027,0.4605477600079018,0.03982486624146996,0.059238550545494026,-0.00356408788334119,0.9974427659943339
1767222366.3191051,0.4075846918860052,0.23473376801065082,0.4609659293107283,0.03940345786136649,0.05861171550545415,-0.0035108294669666377,0.9974967209917507
1767222366.3299022,0.4135748979513312,0.24268428165170025,0.4614269652475169,0.03893882450114475,0.05792058432555938,-0.003452109174120905,0.9975555407088301
1767222366.3403022,0.419277046107126,0.2502524698244498,0.4618658308204279,0.038496509154374046,0.05726265066502045,-0.0033962103843123603,0.997610882747159
1767222366.3500726,0.4249715633617043,0.25781052986745645,0.46230410908137465,0.03805476135112654,0.05660556121210499,-0.003340384249784382,0.997665518803896
1767222366.3602908,0.4308218649545468,0.26557535500216856,0.46275437727681534,0.037600903613585146,0.055930458517150734,-0.003283028683565709,0.9977209918504233
1767222366.3705761,0.43649405379470924,0.2731037796100233,0.4631909370323643,0.0371608396105947,0.05527587367745939,-0.0032274172160375093,0.997774139555432
1767222366.3797863,0.44211789346101626,0.2805680326748494,0.46362377559595114,0.03672450362716023,0.054626834179052106,-0.003172277773880594,0.9978262155673656
1767222366.390484,0.44848103276728857,0.28901352274692815,0.4641135143226312,0.03623078039016612,0.053892432492607646,-0.0031098874419980414,0.9978843945424307
1767222366.4002686,0.4543590642695762,0.2968151524624685,0.46456591674928843,0.03577467176742955,0.053213981658940306,-0.0030522513879695013,0.997937437305705
1767222366.4102542,0.46010786000179504,0.30444525372946485,0.4650083725507928,0.03532856791407394,0.052550412684086396,-0.002995880542132336,0.9979886628186415
1767222366.421488,0.4664635705125438,0.3128808839170083,0.46549753952056394,0.034835341242321134,0.05181674962674287,-0.0029335562366770104,0.9980445469543723
1767222366.4293597,0.4717518165623203,0.3198997196461071,0.46590454913675067,0.034424932812884564,0.051206276754239936,-0.0028816977575109423,0.9980904453198327
1767222366.440611,0.47860363249595783,0.3289938068030873,0.46643189883778235,0.03389315145909282,0.050415264515435716,-0.0028145040034898046,0.9981491040691999
1767222366.4492261,0.48398905252728963,0.336141616904267,0.4668463874450304,0.033475157816530134,0.049793508817061,-0.002761688951546482,0.9981945668865911
1767222366.4603899,0.49066206936608914,0.3449983925853122,0.4673599758818774,0.03295720006306537,0.049023058858158136,-0.002696244215213893,0.9982501154171057
1767222366.4701636,0.49702990042090367,0.35345010979054436,0.46785007570877013,0.032462904028347304,0.0482878051485903,-0.0026337903622120776,0.9983023143733842
1767222366.4801404,0.5032647588322666,0.3617253387741497,0.46832994130222044,0.03197890495258093,0.047567867922940495,-0.002572638646332056,0.9983526576859758
1767222366.4895597,0.5089095658907636,0.3692174208545066,0.4687643936201915,0.031540689394020494,0.04691603260080266,-0.002517272490281568,0.9983975831980579
1767222366.5002265,0.5158373255959593,0.3784123045425477,0.46929758833013974,0.031002849348242392,0.046116008200368146,-0.002449320569040078,0.9984518706215508
1767222366.5112062,0.5220377385027493,0.38664181565751987,0.4697748028269006,0.030521452583773055,0.04539994185148086,-0.002388500984966841,0.9984996651346858
1767222366.5193818,0.5278820733553002,0.39439872142358867,0.4702246117924467,0.030067680553674526,0.0447249666443292,-0.0023311725133842026,0.9985440288632641
1767222366.5292819,0.5341281392085672,0.40268882550811147,0.4707053399661523,0.029582694745608644,0.04400356167762422,-0.0022699016495111657,0.9985907060837079
1767222366.5390542,0.5405581111976946,0.41122301939954364,0.47120022246722215,0.02908340572019535,0.04326088101199635,-0.0022068249507107124,0.9986379632321245
1767222366.549133,0.546975406897186,0.41974038865880603,0.4716941293382379,0.028585077608607855,0.0425196296830521,-0.002143870827851273,0.9986843236211288
1767222366.560317,0.554034273599519,0.4291092843854666,0.472237414692245,0.028036902474273307,0.04170423208181055,-0.002074620859690296,0.9987343916544568
1767222366.5699017,0.5602822039320879,0.43740186310407747,0.4727182863655151,0.027551679999849126,0.04098247507947177,-0.0020133247772333397,0.9987778973264698
1767222366.5792954,0.5661727407726034,0.44522009055617007,0.4731716512649591,0.027094193938936025,0.040301975338959406,-0.001955533541325447,0.9988182173579652
1767222366.5897417,0.5731771897123374,0.454516760192586,0.4737107483583481,0.026550172504097188,0.03949275626788631,-0.0018868121483259551,0.9988652814475447
1767222366.5997782,0.5789718876253713,0.4622077852259344,0.4741567370191067,0.026100090751472422,0.03882327026156037,-0.0018299583824991795,0.9989034939373664
1767222366.6098716,0.5857626453475839,0.47122083274295257,0.47467938737767906,0.025572621982640292,0.03803867289130995,-0.0017633304089730549,0.9989474415776167
1767222366.6200461,0.5922722231137442,0.4798606835699396,0.47518039673374984,0.025066972112450816,0.03728653061889347,-0.00169945976051272,0.9989887253513108
1767222366.6310825,0.5992572572541963,0.48913158487303854,0.47571799956799704,0.024524366772524717,0.03647941795565002,-0.0016309224690478625,0.9990321053854653
1767222366.6409624,0.6055662131193582,0.4975051598585629,0.47620356806860165,0.02403425986617031,0.03575039547585726,-0.0015690175339238958,0.9990704688654208
1767222366.6493933,0.6110994209868919,0.504849121677211,0.47662943115992684,0.023604401026639684,0.03511099057645182,-0.0015147234126079983,0.9991034762250015
1767222366.6598759,0.617854791750922,0.5138152017793062,0.4771493579628756,0.023079576803591,0.03433032690576772,-0.0014484357000266155,0.9991429646562665
1767222366.669009,0.62369497030616,0.5215665910909956,0.4775988470391885,0.022625837203639695,0.033655399937696236,-0.0013911273551965072,0.9991763859847396
1767222366.6798842,0.6304744621469132,0.5305646859430728,0.4781206303197078,0.022099100887221865,0.03287189207316077,-0.0013246005834865458,0.9992143483176021
1767222366.6900747,0.6368151872207394,0.538980426677838,0.4786086439360093,0.021606436840792657,0.03213906590773465,-0.0012623783286386712,0.9992490423961091
1767222366.7006805,0.6434440488940301,0.5477785973222831,0.4791188339725555,0.021091366923831657,0.03137291153761438,-0.0011973274981217415,0.9992844745460396
1767222366.711418,0.6497772207844777,0.5561843130784697,0.4796062662584425,0.02059925552621315,0.030640907424277733,-0.0011351773921049533,0.9993175255319091
1767222366.7191133,0.655078999744026,0.5632211103906208,0.480014317434413,0.020187274839937736,0.030028095856758138,-0.001083148097546307,0.9993445923118275
1767222366.729439,0.6613186364398231,0.5715026813623248,0.48049455078830694,0.01970240269307838,0.029306859958420823,-0.0010219143261974415,0.9993757446413924
1767222366.7393336,0.6674143669253256,0.5795932525127369,0.48096370840728475,0.01922869880413969,0.028602236580696307,-0.0009620920533943397,0.9994054450435436
1767222366.7493951,0.6735803065531791,0.5877770088954932,0.48143826966970354,0.01874952472083541,0.027889476417691583,-0.0009015800524039412,0.9994347500363441
1767222366.76131,0.680794788908961,0.597352445826582,0.48199353197538547,0.018188847525466914,0.027055482295121076,-0.0008307768970649683,0.9994680967955498
1767222366.770244,0.6862220440200116,0.6045557816256011,0.4824112404176372,0.017767053400471428,0.026428073468639724,-0.0007775130855162699,0.9994925133378891
1767222366.7794302,0.6916563652200168,0.6117684959060964,0.48282949270110326,0.01734469987920216,0.025799832553376492,-0.00072417947850153,0.9995163858533175
1767222366.7912767,0.6983725050058363,0.620682506609574,0.4833464000936022,0.016822710082507037,0.02502338502513453,-0.0006582652523868338,0.9995450931864374
1767222366.7992954,0.7035006337525246,0.6274888263102613,0.4837410862888547,0.016424133204761618,0.024430511307105544,-0.0006079358533360815,0.9995664201935733
1767222366.8101892,0.7098015092562387,0.6358516766190023,0.4842260328848088,0.01593439464724353,0.023702036737531153,-0.0005460962485439305,0.999591921885848
1767222366.8192408,0.7150164359234248,0.6427731990428356,0.4846273994780563,0.015529052625205608,0.02309910002670543,-0.0004949143082050471,0.9996124424801704
1767222366.83026,0.7213452855014924,0.6511731780007946,0.485114499097368,0.015037117361508695,0.022367357908428705,-0.00043279941205012534,0.9996366335249677
1767222366.840375,0.7270979347682821,0.6588083938796823,0.48555725148598494,0.014589959371679478,0.02170222093039822,-0.00037633937557806133,0.999657944028701
1767222366.8491695,0.7320669898031785,0.6654035826607079,0.4859396945802599,0.014203703185602969,0.021127673951039466,-0.0003275698175998149,0.9996758319105394
1767222366.8600538,0.7380963343894331,0.6734060429862521,0.4864037428115279,0.013735019055257975,0.0204305173459935,-0.0002683936743148657,0.999696889650121
1767222366.870301,0.7435298975536768,0.6806177511621833,0.4868219367528061,0.01331263894575097,0.019802236881352863,-0.00021506477618052897,0.9997152588635854
1767222366.8803744,0.7491146422812651,0.6880301153870948,0.48725176637621637,0.012878498686426203,0.019156463470843228,-0.00016025194454358086,0.9997335387476607
1767222366.8893523,0.7539296133378458,0.6944207958827449,0.4876223504041233,0.01250419187536268,0.018599690905374573,-0.000112994163746425,0.9997488104092974
1767222366.900141,0.759627271994744,0.7019830253586098,0.4880608704429564,0.012061259290434742,0.01794083911761446,-5.7072952457196905e-05,0.9997662972202365
1767222366.9105246,0.7648126733381765,0.7088653602341853,0.48845996462100694,0.011658142632716384,0.01734121258380044,-6.179396703961384e-06,0.9997816611725664
1767222366.9195457,0.7695916855402736,0.7152083142643397,0.48882778107731745,0.011286613522160455,0.016788571782414097,4.0725543905563736e-05,0.9997953563368881
1767222366.93092,0.774993049383663,0.7223772858237184,0.48924349679933377,0.010866695612891481,0.016163953782635725,9.373870434358032e-05,0.9998102983747833
1767222366.9398942,0.7797278916275552,0.7286616151836356,0.48960791371682433,0.010498589954436687,0.0156164052856178,0.0001402100636417017,0.999822928240143
1767222366.951483,0.7850889938719455,0.7357771494507807,0.4900205307067087,0.01008179078985722,0.014996426345109773,0.0001928279419071003,0.999836700420295
1767222366.9594665,0.7892214271817248,0.7412619302816618,0.49033858324804264,0.009760510680972027,0.014518529750201967,0.00023338666944657535,0.9998469334125095
1767222366.9702344,0.794355760233646,0.7480764846595618,0.4907337469573646,0.0093613323665708,0.013924761409313013,0.0002837786650507255,0.9998591830574264
1767222366.980413,0.7991563627911972,0.7544480945345537,0.49110322511439863,0.008988096191084628,0.013369581389049161,0.00033089506067385786,0.9998701710359001
1767222366.990216,0.8036669559193036,0.7604347887823223,0.49145038270891384,0.008637403916413962,0.012847934890275492,0.00037516497022637276,0.9998800853464517
1767222367.0005076,0.8076866916132691,0.7657699914647941,0.4917597614833833,0.00832487222217258,0.012383051356100346,0.00041461715902199787,0.9998885861098399
1767222367.0104263,0.8124380156061813,0.7720761962608789,0.49212544691793597,0.007955456660799078,0.01183355440934278,0.0004612494412505664,0.9998982272945679
1767222367.020015,0.8164880443100773,0.7774516054047068,0.492437157192534,0.007640564051844609,0.011365159070138164,0.0005009986402434138,0.9999060975607323
1767222367.0303748,0.8209006751322869,0.7833082789752486,0.4927767751226409,0.007297476089202272,0.01085482380640349,0.0005443064319061759,0.9999143080143617
1767222367.0399868,0.825005957408365,0.7887570235393543,0.49309273798590353,0.006978282394714822,0.010380030703771343,0.000584597563988788,0.9999216053179124
1767222367.0497766,0.8288757520021792,0.7938932165802367,0.49339057655043406,0.006677396222415959,0.009932469609200582,0.0006225773355760045,0.9999281828326723
1767222367.0603802,0.8331317619581008,0.7995420147754881,0.49371814016270577,0.006346478592792462,0.00944023742918553,0.0006643473745777937,0.9999350792765181
1767222367.0693521,0.8365198478941221,0.8040388589837884,0.4939789040423452,0.006083043067371909,0.009048383289777171,0.0006975991224531507,0.9999403165693191
1767222367.079811,0.8404540250458904,0.8092605039105788,0.49428169780751413,0.005777145334553564,0.008593367616970164,0.0007362101857404274,0.9999461168571692
1767222367.0900552,0.8442185944605861,0.8142570366104247,0.49457143772092993,0.0054844336342826415,0.008157965857008936,0.0007731564653824476,0.9999513842223708
1767222367.1000457,0.8477880929718372,0.8189946610420248,0.4948461640111532,0.005206888145374807,0.007745123479242954,0.0008081880805710915,0.9999561231416664
1767222367.1107159,0.8512997749190503,0.823655548316998,0.49511644045216063,0.004933836905221111,0.007338966190646434,0.000842652078872389,0.9999605426037843
1767222367.1191034,0.8542932020358871,0.8276285807747058,0.49534682943376973,0.0047010816896870975,0.006992748289585881,0.0008720297125368319,0.9999641197887087
1767222367.1295493,0.8576709830674137,0.8321117477767696,0.49560680019690445,0.004438439884510339,0.0066020747903458,0.0009051792300555726,0.9999679462406386
1767222367.1398363,0.8607478029363507,0.836195463440682,0.495843607497878,0.00419919867018269,0.006246209118843405,0.0009353749417320863,0.9999712379234615
1767222367.1504178,0.8641576889049379,0.8407212417882088,0.49610604921603024,0.003934058662583041,0.0058518196023390374,0.0009688391404487417,0.9999746700485839
1767222367.1608953,0.8672765956486648,0.8448608173455001,0.4963460957314037,0.0036915433302231585,0.005491083757378471,0.000999447512713718,0.999977610554325
1767222367.1702762,0.8699589501482892,0.8484209780155711,0.49655254302320756,0.0034829722184540847,0.005180839141063945,0.0010257714906493243,0.9999799876004585
1767222367.1802437,0.8727265793224023,0.8520943196773084,0.4967655534764467,0.0032677699144938407,0.00486073078254846,0.0010529321825480374,0.9999822929972783
1767222367.1900625,0.8753426665288613,0.855566526942685,0.49696690050905246,0.0030643505965426737,0.004558149338198697,0.0010786055418440747,0.999984334696466
1767222367.1999955,0.8779121420945725,0.8589768688095165,0.4971646600788526,0.0028645552652781744,0.004260958488690174,0.0011038213306478668,0.999986209971199
1767222367.209018,0.880148654096894,0.8619452840842022,0.49733679312317275,0.002690649960687546,0.004002278444075384,0.0011257694346895907,0.9999877373305217
1767222367.2199247,0.8827512236879209,0.8653995500659711,0.49753709977312294,0.002488280648975747,0.003701258859276052,0.0011513097216530226,0.999989391756918
1767222367.2301695,0.8850561022167018,0.8684587049571706,0.4977144946440359,0.0023090587752485577,0.003434670543290929,0.0011739284937789883,0.9999907465451309
1767222367.2413607,0.8874773644381567,0.8716723303500705,0.4979008469805508,0.002120786924760644,0.0031546206000268805,0.0011976892583726395,0.999992058053604
1767222367.2499197,0.8892660782157583,0.8740464044860295,0.49803851525491566,0.001981700447361962,0.0029477327407778546,0.0012152424972753963,0.9999929534345937
1767222367.2599244,0.8912760106926159,0.8767140916074031,0.49819320961638575,0.0018254123397258646,0.002715257861697913,0.001234966537702053,0.999993885031462
1767222367.2704906,0.8932037653718544,0.879272708073471,0.49834157916740773,0.0016755140688019573,0.0024922877142285545,0.001253884052493117,0.999994704449708
1767222367.279137,0.8948340565534013,0.8814365154845047,0.498467054453888,0.001548745857286284,0.0023037229853503614,0.001269882416354805,0.9999953408108647
1767222367.289889,0.8966591616475336,0.8838588900721239,0.49860752358427096,0.0014068292069725423,0.0020926253105487927,0.0012877924487561577,0.9999959916617684
1767222367.2998283,0.8982769085078732,0.8860060480063635,0.4987320333976413,0.0012810362560204316,0.0019055112587887432,0.001303667573468862,0.9999965142048771
1767222367.3103616,0.8998381521819279,0.8880782119673705,0.4988521944458546,0.0011596368243565762,0.0017249324634901178,0.0013189881631663508,0.9999969700547809
1767222367.3191366,0.9011415453914909,0.8898081433552516,0.4989525100448209,0.0010582873272447265,0.0015741774736047053,0.0013317784007909079,0.9999973141751848
1767222367.3301518,0.9026271226609545,0.8917798789210898,0.49906684743165364,0.000942771484743705,0.0014023503786105627,0.0013463563623140864,0.9999976659562552
1767222367.340115,0.9038748337520407,0.8934359060997189,0.49916287745890936,0.0008457516610215121,0.0012580356759161612,0.0013586000995559897,0.9999979281249526
1767222367.3503196,0.9050591103498976,0.8950077397133468,0.49925402525328494,0.000753664368293682,0.0011210579969007622,0.0013702213185578667,0.9999981488535773
1767222367.3602352,0.9061444296432372,0.8964482320357293,0.4993375568032288,0.0006692718056258717,0.0009955260476168988,0.0013808714438860907,0.9999983270962224
1767222367.370328,0.9071041050784481,0.8977219632822702,0.49941141817935847,0.0005946490805115016,0.0008845265015863594,0.0013902886126614864,0.999998465549301
1767222367.379441,0.9080483058952402,0.8989751558088594,0.4994840885521869,0.0005212296248928493,0.0007753167905902866,0.0013995539066498025,0.9999985842242245
1767222367.389182,0.9088971600736655,0.9001017993084707,0.49954942057533924,0.0004552241545341574,0.0006771352080479981,0.0014078835582976455,0.9999986760595231
1767222367.4010055,0.9098193263785052,0.9013257464825727,0.4996203950629596,0.0003835180495506614,0.0005704740657674475,0.0014169325860606042,0.9999987598858916
1767222367.4100914,0.9104729178099269,0.9021932270891699,0.49967069869768876,0.0003326958722800849,0.0004948772740840619,0.0014233461297467693,0.9999988092461709
1767222367.4208405,0.9111610503422272,0.9031065524447986,0.4997236607866727,0.0002791878337484118,0.0004152853270344549,0.0014300986045522408,0.9999988522034675
1767222367.4296343,0.9116661218038667,0.9037769096080881,0.499762533588697,0.0002399143172216004,0.00035686689620366397,0.0014350547378164675,0.9999988778508985
1767222367.4401078,0.9122275640282637,0.9045220849852035,0.49980574496390756,0.00019625750257800425,0.0002919284126632739,0.0014405640141447445,0.9999989005164608
1767222367.4514246,0.9127399527258367,0.9052021539653268,0.49984518093666197,0.00015641500762666812,0.00023266363982706013,0.0014455919341278501,0.9999989158313862
1767222367.4591386,0.9130523710169283,0.9056168118014594,0.49986922619619606,0.00013212187927951873,0.0001965281835828343,0.0014486575995381202,0.9999989226542452
1767222367.4701347,0.9134338030984871,0.9061230683366263,0.49989858309896784,0.0001024623526690952,0.00015241033631590653,0.0014524004724839879,0.9999989284011412
1767222367.4800856,0.9137315558971867,0.9065182613670337,0.4999214996295484,7.93095882266296e-05,0.00011797114452108961,0.0014553222241021862,0.9999989309134425
1767222367.4902484,0.9139819565324259,0.9068506061385634,0.4999407717030265,5.9838849474944595e-05,8.900887921914774e-05,0.0014577793223526237,0.999998931686521
1767222367.4992368,0.9141708082849757,0.90710126002566,0.4999553066695538,4.515404987114419e-05,6.716558567722643e-05,0.0014596324606836486,0.9999989314599186
1767222367.510375,0.9143541773979703,0.9073446370678373,0.49996941966497754,3.0895571211589186e-05,4.595643449880126e-05,0.0014614317987559444,0.999998930573713
1767222367.5192413,0.9144730700420609,0.9075024375806,0.49997857023191095,2.165067602202584e-05,3.220487064786066e-05,0.0014625984508902757,0.9999989296483608
1767222367.5314484,0.9145939331625756,0.9076628534123548,0.4999878724564725,1.225255984154798e-05,1.8225394181724177e-05,0.0014637844382102347,0.9999989284248404
1767222367.5399842,0.9146541468994569,0.9077427722216966,0.4999925068039871,7.570439334983235e-06,1.1260850205443089e-05,0.0014643752942902315,0.9999989277088649
1767222367.5501277,0.9147021979826415,0.9078065481232533,0.49999620505341424,3.834066646320685e-06,5.703083833244717e-06,0.0014648468024816097,0.9999989270867344
1767222367.5605743,0.9147317190679302,0.9078457300459996,0.499998477142398,1.5385559209387316e-06,2.288565695035315e-06,0.0014651364823605267,0.9999989266821656
1767222367.570304,0.9147457639425177,0.9078643711354342,0.49999955810553043,4.4644972166929285e-07,6.640834458243234e-07,0.0014652742996958948,0.999998926483717
1767222367.5798159,0.9147507472590978,0.907870985252881,0.4999999416462639,5.8955273357840026e-08,8.769458055568137e-08,0.001465323199199341,0.9999989264123791
1767222367.5908377,0.9147515054449052,0.907871991556594,0.5,0.0,0.0,0.0014653306390054624,0.9999989264014828
1767222367.5994868,0.9147515054449052,0.907871991556594,0.5,0.0,0.0,0.0014653306390054624,0.9999989264014828
1767222367.611277,0.9147515054449052,0.907871991556594,0.5,0.0,0.0,0.0014653306390054624,0.9999989264014828
1767222367.6208029,0.9147515054449052,0.907871991556594,0.5,0.0,0.0,0.0014653306390054624,0.9999989264014828
1767222367.6297338,0.9147515054449052,0.907871991556594,0.5,0.0,0.0,0.0014653306390054624,0.9999989264014828
1767222367.6399245,0.9147515054449052,0.907871991556594,0.5,0.0,0.0,0.0014653306390054624,0.9999989264014828
1767222367.650029,0.9147515054449052,0.907871991556594,0.5,0.0,0.0,0.0014653306390054624,0.9999989264014828
1767222367.6608963,0.9147515054449052,0.907871991556594,0.5,0.0,0.0,0.0014653306390054624,0.9999989264014828
1767222367.6693559,0.9147515054449052,0.907871991556594,0.5,0.0,0.0,0.0014653306390054624,0.9999989264014828
1767222367.680156,0.9147515054449052,0.907871991556594,0.5,0.0,0.0,0.0014653306390054624,0.9999989264014828
1767222367.6898024,0.9147515054449052,0.907871991556594,0.5,0.0,0.0,0.0014653306390054624,0.9999989264014828
1767222367.7000382,0.9147515054449052,0.907871991556594,0.5,0.0,0.0,0.0014653306390054624,0.9999989264014828
1767222367.7101145,0.9147515054449052,0.907871991556594,0.5,0.0,0.0,0.0014653306390054624,0.9999989264014828
1767222367.7193465,0.9147515054449052,0.907871991556594,0.5,0.0,0.0,0.0014653306390054624,0.9999989264014828
1767222367.7303152,0.9147515054449052,0.907871991556594,0.5,0.0,0.0,0.0014653306390054624,0.9999989264014828
1767222367.7396107,0.9147515054449052,0.907871991556594,0.5,0.0,0.0,0.0014653306390054624,0.9999989264014828
1767222367.750453,0.9147515054449052,0.907871991556594,0.5,0.0,0.0,0.0014653306390054624,0.9999989264014828
1767222367.759008,0.9147515054449052,0.907871991556594,0.5,0.0,0.0,0.0014653306390054624,0.9999989264014828
1767222367.7697427,0.9147515054449052,0.907871991556594,0.5,0.0,0.0,0.0014653306390054624,0.9999989264014828
1767222367.7801745,0.9147515054449052,0.907871991556594,0.5,0.0,0.0,0.0014653306390054624,0.9999989264014828
1767222367.7903516,0.9147515054449052,0.907871991556594,0.5,0.0,0.0,0.0014653306390054624,0.9999989264014828
1767222367.800278,0.9147515054449052,0.907871991556594,0.5,0.0,0.0,0.0014653306390054624,0.9999989264014828
1767222367.8093715,0.9147515054449052,0.907871991556594,0.5,0.0,0.0,0.0014653306390054624,0.9999989264014828
1767222367.8191612,0.9147515054449052,0.907871991556594,0.5,0.0,0.0,0.0014653306390054624,0.9999989264014828
1767222367.8303757,0.9147515054449052,0.907871991556594,0.5,0.0,0.0,0.0014653306390054624,0.9999989264014828
1767222367.8401458,0.9147515054449052,0.907871991556594,0.5,0.0,0.0,0.0014653306390054624,0.9999989264014828
1767222367.8501682,0.9147515054449052,0.907871991556594,0.5,0.0,0.0,0.0014653306390054624,0.9999989264014828
1767222367.8591042,0.9147515054449052,0.907871991556594,0.5,0.0,0.0,0.0014653306390054624,0.9999989264014828
1767222367.8690138,0.9147515054449052,0.907871991556594,0.5,0.0,0.0,0.0014653306390054624,0.9999989264014828
1767222367.8802204,0.9147515054449052,0.907871991556594,0.5,0.0,0.0,0.0014653306390054624,0.9999989264014828
1767222367.8900895,0.9147515054449052,0.907871991556594,0.5,0.0,0.0,0.0014653306390054624,0.9999989264014828
1767222367.90035,0.9147515054449052,0.907871991556594,0.5,0.0,0.0,0.0014653306390054624,0.9999989264014828
1767222367.9102938,0.9147515054449052,0.907871991556594,0.5,0.0,0.0,0.0014653306390054624,0.9999989264014828
1767222367.9191105,0.9147515054449052,0.907871991556594,0.5,0.0,0.0,0.0014653306390054624,0.9999989264014828
1767222367.9313912,0.9147515054449052,0.907871991556594,0.5,0.0,0.0,0.0014653306390054624,0.9999989264014828
1767222367.9393916,0.9147515054449052,0.907871991556594,0.5,0.0,0.0,0.0014653306390054624,0.9999989264014828
1767222367.9492846,0.9147515054449052,0.907871991556594,0.5,0.0,0.0,0.0014653306390054624,0.9999989264014828
1767222367.9600754,0.9147515054449052,0.907871991556594,0.5,0.0,0.0,0.0014653306390054624,0.9999989264014828
1767222367.9697552,0.9147515054449052,0.907871991556594,0.5,0.0,0.0,0.0014653306390054624,0.9999989264014828
1767222367.9801311,0.9147515054449052,0.907871991556594,0.5,0.0,0.0,0.0014653306390054624,0.9999989264014828
1767222367.9900138,0.9147515054449052,0.907871991556594,0.5,0.0,0.0,0.0014653306390054624,0.9999989264014828
1767222368.0004325,0.9147515054449052,0.907871991556594,0.5,0.0,0.0,0.0014653306390054624,0.9999989264014828
1767222368.0098789,0.9147515054449052,0.907871991556594,0.5,0.0,0.0,0.0014653306390054624,0.9999989264014828
1767222368.0201895,0.9147515054449052,0.907871991556594,0.5,0.0,0.0,0.0014653306390054624,0.9999989264014828
1767222368.0292537,0.9147515054449052,0.907871991556594,0.5,0.0,0.0,0.0014653306390054624,0.9999989264014828
1767222368.039819,0.9147515054449052,0.907871991556594,0.5,0.0,0.0,0.0014653306390054624,0.9999989264014828
1767222368.0497284,0.9147515054449052,0.907871991556594,0.5,0.0,0.0,0.0014653306390054624,0.9999989264014828
1767222368.0601094,0.9147515054449052,0.907871991556594,0.5,0.0,0.0,0.0014653306390054624,0.9999989264014828
1767222368.0707028,0.9147515054449052,0.907871991556594,0.5,0.0,0.0,0.0014653306390054624,0.9999989264014828
1767222368.0798614,0.9147515054449052,0.907871991556594,0.5,0.0,0.0,0.0014653306390054624,0.9999989264014828
1767222368.0891361,0.9147515054449052,0.907871991556594,0.5,0.0,0.0,0.0014653306390054624,0.9999989264014828
1767222368.0998278,0.9147515054449052,0.907871991556594,0.5,0.0,0.0,0.0014653306390054624,0.9999989264014828
1767222368.1102185,0.9147515054449052,0.907871991556594,0.5,0.0,0.0,0.0014653306390054624,0.9999989264014828
1767222368.1206179,0.9147515054449052,0.907871991556594,0.5,0.0,0.0,0.0014653306390054624,0.9999989264014828
1767222368.1290298,0.9147515054449052,0.907871991556594,0.5,0.0,0.0,0.0014653306390054624,0.9999989264014828
1767222368.1398828,0.9147515054449052,0.907871991556594,0.5,0.0,0.0,0.0014653306390054624,0.9999989264014828
1767222368.149738,0.9147515054449052,0.907871991556594,0.5,0.0,0.0,0.0014653306390054624,0.9999989264014828
1767222368.1597073,0.9147515054449052,0.907871991556594,0.5,0.0,0.0,0.0014653306390054624,0.9999989264014828
1767222368.1692069,0.9147515054449052,0.907871991556594,0.5,0.0,0.0,0.0014653306390054624,0.9999989264014828
1767222368.1798236,0.9147515054449052,0.907871991556594,0.5,0.0,0.0,0.0014653306390054624,0.9999989264014828
1767222368.1901371,0.9147515054449052,0.907871991556594,0.5,0.0,0.0,0.0014653306390054624,0.9999989264014828
1767222368.200272,0.9147515054449052,0.907871991556594,0.5,0.0,0.0,0.0014653306390054624,0.9999989264014828
1767222368.209941,0.9147515054449052,0.907871991556594,0.5,0.0,0.0,0.0014653306390054624,0.9999989264014828
1767222368.2199118,0.9147515054449052,0.907871991556594,0.5,0.0,0.0,0.0014653306390054624,0.9999989264014828
1767222368.229895,0.9147515054449052,0.907871991556594,0.5,0.0,0.0,0.0014653306390054624,0.9999989264014828
1767222368.2390256,0.9147515054449052,0.907871991556594,0.5,0.0,0.0,0.0014653306390054624,0.9999989264014828
1767222368.2497127,0.9147515054449052,0.907871991556594,0.5,0.0,0.0,0.0014653306390054624,0.9999989264014828
1767222368.260035,0.9147515054449052,0.907871991556594,0.5,0.0,0.0,0.0014653306390054624,0.9999989264014828
1767222368.2690778,0.9147515054449052,0.907871991556594,0.5,0.0,0.0,0.0014653306390054624,0.9999989264014828
1767222368.279779,0.9147515054449052,0.907871991556594,0.5,0.0,0.0,0.0014653306390054624,0.9999989264014828
1767222368.2898505,0.9147515054449052,0.907871991556594,0.5,0.0,0.0,0.0014653306390054624,0.9999989264014828
1767222368.298982,0.9147515054449052,0.907871991556594,0.5,0.0,0.0,0.0014653306390054624,0.9999989264014828
1767222368.31004,0.9147515054449052,0.907871991556594,0.5,0.0,0.0,0.0014653306390054624,0.9999989264014828
1767222368.319775,0.9147515054449052,0.907871991556594,0.5,0.0,0.0,0.0014653306390054624,0.9999989264014828
1767222368.329248,0.9147515054449052,0.907871991556594,0.5,0.0,0.0,0.0014653306390054624,0.9999989264014828
1767222368.339325,0.9147515054449052,0.907871991556594,0.5,0.0,0.0,0.0014653306390054624,0.9999989264014828
1767222368.3506308,0.9147515054449052,0.907871991556594,0.5,0.0,0.0,0.0014653306390054624,0.9999989264014828
1767222368.3595731,0.9147515054449052,0.907871991556594,0.5,0.0,0.0,0.0014653306390054624,0.9999989264014828
1767222368.3706422,0.9147515054449052,0.907871991556594,0.5,0.0,0.0,0.0014653306390054624,0.9999989264014828
1767222368.3802729,0.9147515054449052,0.907871991556594,0.5,0.0,0.0,0.0014653306390054624,0.9999989264014828
1767222368.3905082,0.9147515054449052,0.907871991556594,0.5,0.0,0.0,0.0014653306390054624,0.9999989264014828
1767222368.3993125,0.9147515054449052,0.907871991556594,0.5,0.0,0.0,0.0014653306390054624,0.9999989264014828
1767222368.410365,0.9147515054449052,0.907871991556594,0.5,0.0,0.0,0.0014653306390054624,0.9999989264014828
1767222368.4204128,0.9147515054449052,0.907871991556594,0.5,0.0,0.0,0.0014653306390054624,0.9999989264014828
1767222368.4295104,0.9147515054449052,0.907871991556594,0.5,0.0,0.0,0.0014653306390054624,0.9999989264014828
1767222368.439544,0.9147515054449052,0.907871991556594,0.5,0.0,0.0,0.0014653306390054624,0.9999989264014828
1767222368.4493833,0.9147515054449052,0.907871991556594,0.5,0.0,0.0,0.0014653306390054624,0.9999989264014828
1767222368.459933,0.9147515054449052,0.907871991556594,0.5,0.0,0.0,0.0014653306390054624,0.9999989264014828
1767222368.4711068,0.9147515054449052,0.907871991556594,0.5,0.0,0.0,0.0014653306390054624,0.9999989264014828
1767222368.4802275,0.9147515054449052,0.907871991556594,0.5,0.0,0.0,0.0014653306390054624,0.9999989264014828
1767222368.490277,0.9147515054449052,0.907871991556594,0.5,0.0,0.0,0.0014653306390054624,0.9999989264014828
1767222368.500219,0.9147515054449052,0.907871991556594,0.5,0.0,0.0,0.0014653306390054624,0.9999989264014828
1767222368.5102403,0.9147515054449052,0.907871991556594,0.5,0.0,0.0,0.0014653306390054624,0.9999989264014828
1767222368.5211275,0.9147515054449052,0.907871991556594,0.5,0.0,0.0,0.0014653306390054624,0.9999989264014828
1767222368.5296745,0.9147515054449052,0.907871991556594,0.5,0.0,0.0,0.0014653306390054624,0.9999989264014828
1767222368.5406506,0.9147515054449052,0.907871991556594,0.5,0.0,0.0,0.0014653306390054624,0.9999989264014828
1767222368.5493913,0.9147515054449052,0.907871991556594,0.5,0.0,0.0,0.0014653306390054624,0.9999989264014828
1767222368.5592246,0.9147515054449052,0.907871991556594,0.5,0.0,0.0,0.0014653306390054624,0.9999989264014828
1767222368.5695174,0.9147515054449052,0.907871991556594,0.5,0.0,0.0,0.0014653306390054624,0.9999989264014828
1767222368.5793924,0.9147515054449052,0.907871991556594,0.5,0.0,0.0,0.0014653306390054624,0.9999989264014828
1767222368.5901473,0.9147515054449052,0.907871991556594,0.5,0.0,0.0,0.0014653306390054624,0.9999989264014828
1767222368.6003792,0.9147515054449052,0.907871991556594,0.5,0.0,0.0,0.0014653306390054624,0.9999989264014828
1767222368.610352,0.9147515054449052,0.907871991556594,0.5,0.0,0.0,0.0014653306390054624,0.9999989264014828
1767222368.6202388,0.9147515054449052,0.907871991556594,0.5,0.0,0.0,0.0014653306390054624,0.9999989264014828
1767222368.6292732,0.9147515054449052,0.907871991556594,0.5,0.0,0.0,0.0014653306390054624,0.9999989264014828
1767222368.640083,0.9147515054449052,0.907871991556594,0.5,0.0,0.0,0.0014653306390054624,0.9999989264014828
1767222368.6499224,0.9147515054449052,0.907871991556594,0.5,0.0,0.0,0.0014653306390054624,0.9999989264014828
1767222368.660464,0.9147515054449052,0.907871991556594,0.5,0.0,0.0,0.0014653306390054624,0.9999989264014828
1767222368.6693287,0.9147515054449052,0.907871991556594,0.5,0.0,0.0,0.0014653306390054624,0.9999989264014828
1767222368.6813333,0.9147515054449052,0.907871991556594,0.5,0.0,0.0,0.0014653306390054624,0.9999989264014828
1767222368.6903164,0.9147515054449052,0.907871991556594,0.5,0.0,0.0,0.0014653306390054624,0.9999989264014828
1767222368.6993911,0.9147515054449052,0.907871991556594,0.5,0.0,0.0,0.0014653306390054624,0.9999989264014828
1767222368.7103336,0.9147515054449052,0.907871991556594,0.5,0.0,0.0,0.0014653306390054624,0.9999989264014828
1767222368.7201974,0.9147515054449052,0.907871991556594,0.5,0.0,0.0,0.0014653306390054624,0.9999989264014828
1767222368.730208,0.9147515054449052,0.907871991556594,0.5,0.0,0.0,0.0014653306390054624,0.9999989264014828
1767222368.740165,0.9147515054449052,0.907871991556594,0.5,0.0,0.0,0.0014653306390054624,0.9999989264014828
1767222368.7493243,0.9147515054449052,0.907871991556594,0.5,0.0,0.0,0.0014653306390054624,0.9999989264014828
1767222368.7594316,0.9147515054449052,0.907871991556594,0.5,0.0,0.0,0.0014653306390054624,0.9999989264014828
1767222368.7693813,0.9147515054449052,0.907871991556594,0.5,0.0,0.0,0.0014653306390054624,0.9999989264014828
1767222368.77933,0.9147515054449052,0.907871991556594,0.5,0.0,0.0,0.0014653306390054624,0.9999989264014828
1767222368.7906258,0.9147515054449052,0.907871991556594,0.5,0.0,0.0,0.0014653306390054624,0.9999989264014828
1767222368.8001146,0.9147515054449052,0.907871991556594,0.5,0.0,0.0,0.0014653306390054624,0.9999989264014828
1767222368.8092544,0.9147515054449052,0.907871991556594,0.5,0.0,0.0,0.0014653306390054624,0.9999989264014828
1767222368.8194418,0.9147515054449052,0.907871991556594,0.5,0.0,0.0,0.0014653306390054624,0.9999989264014828
1767222368.8293762,0.9147515054449052,0.907871991556594,0.5,0.0,0.0,0.0014653306390054624,0.9999989264014828
1767222368.8403492,0.9147515054449052,0.907871991556594,0.5,0.0,0.0,0.0014653306390054624,0.9999989264014828
1767222368.850111,0.9147515054449052,0.907871991556594,0.5,0.0,0.0,0.0014653306390054624,0.9999989264014828
1767222368.859819,0.9147515054449052,0.907871991556594,0.5,0.0,0.0,0.0014653306390054624,0.9999989264014828
1767222368.8702374,0.9147515054449052,0.907871991556594,0.5,0.0,0.0,0.0014653306390054624,0.9999989264014828
1767222368.879332,0.9147515054449052,0.907871991556594,0.5,0.0,0.0,0.0014653306390054624,0.9999989264014828
1767222368.8896246,0.9147515054449052,0.907871991556594,0.5,0.0,0.0,0.0014653306390054624,0.9999989264014828
1767222368.9002423,0.9147515054449052,0.907871991556594,0.5,0.0,0.0,0.0014653306390054624,0.9999989264014828
1767222368.9094887,0.9147515054449052,0.907871991556594,0.5,0.0,0.0,0.0014653306390054624,0.9999989264014828
1767222368.9201126,0.9147515054449052,0.907871991556594,0.5,0.0,0.0,0.0014653306390054624,0.9999989264014828
1767222368.9300532,0.9147515054449052,0.907871991556594,0.5,0.0,0.0,0.0014653306390054624,0.9999989264014828
1767222368.940385,0.9147515054449052,0.907871991556594,0.5,0.0,0.0,0.0014653306390054624,0.9999989264014828
1767222368.9497108,0.9147515054449052,0.907871991556594,0.5,0.0,0.0,0.0014653306390054624,0.9999989264014828
1767222368.959441,0.9147515054449052,0.907871991556594,0.5,0.0,0.0,0.0014653306390054624,0.9999989264014828
1767222368.969529,0.9147515054449052,0.907871991556594,0.5,0.0,0.0,0.0014653306390054624,0.9999989264014828
1767222368.979335,0.9147515054449052,0.907871991556594,0.5,0.0,0.0,0.0014653306390054624,0.9999989264014828
1767222368.9893696,0.9147515054449052,0.907871991556594,0.5,0.0,0.0,0.0014653306390054624,0.9999989264014828
1767222369.00029,0.9147515054449052,0.907871991556594,0.5,0.0,0.0,0.0014653306390054624,0.9999989264014828
1767222369.0094442,0.9147515054449052,0.907871991556594,0.5,0.0,0.0,0.0014653306390054624,0.9999989264014828
1767222369.0204976,0.9147515054449052,0.907871991556594,0.5,0.0,0.0,0.0014653306390054624,0.9999989264014828
1767222369.0296,0.9147515054449052,0.907871991556594,0.5,0.0,0.0,0.0014653306390054624,0.9999989264014828
1767222369.039271,0.9147515054449052,0.907871991556594,0.5,0.0,0.0,0.0014653306390054624,0.9999989264014828
1767222369.0519917,0.9147515054449052,0.907871991556594,0.5,0.0,0.0,0.0014653306390054624,0.9999989264014828
1767222369.0594041,0.9147515054449052,0.907871991556594,0.5,0.0,0.0,0.0014653306390054624,0.9999989264014828
1767222369.069516,0.9147515054449052,0.907871991556594,0.5,0.0,0.0,0.0014653306390054624,0.9999989264014828
1767222369.0801947,0.9147515054449052,0.907871991556594,0.5,0.0,0.0,0.0014653306390054624,0.9999989264014828
1767222369.0907924,0.9147515054449052,0.907871991556594,0.5,0.0,0.0,0.0014653306390054624,0.9999989264014828
1767222369.0999007,0.9147515054449052,0.907871991556594,0.5,0.0,0.0,0.0014653306390054624,0.9999989264014828
1767222369.1100545,0.9147515054449052,0.907871991556594,0.5,0.0,0.0,0.0014653306390054624,0.9999989264014828
1767222369.119369,0.9147515054449052,0.907871991556594,0.5,0.0,0.0,0.0014653306390054624,0.9999989264014828
1767222369.1295984,0.9147515054449052,0.907871991556594,0.5,0.0,0.0,0.0014653306390054624,0.9999989264014828
1767222369.140772,0.9147515054449052,0.907871991556594,0.5,0.0,0.0,0.0014653306390054624,0.9999989264014828
1767222369.1493614,0.9147515054449052,0.907871991556594,0.5,0.0,0.0,0.0014653306390054624,0.9999989264014828
1767222369.160829,0.9147515054449052,0.907871991556594,0.5,0.0,0.0,0.0014653306390054624,0.9999989264014828
1767222369.169233,0.9147515054449052,0.907871991556594,0.5,0.0,0.0,0.0014653306390054624,0.9999989264014828
1767222369.1794608,0.9147515054449052,0.907871991556594,0.5,0.0,0.0,0.0014653306390054624,0.9999989264014828
1767222369.189759,0.9147515054449052,0.907871991556594,0.5,0.0,0.0,0.0014653306390054624,0.9999989264014828
1767222369.1995022,0.9147515054449052,0.907871991556594,0.5,0.0,0.0,0.0014653306390054624,0.9999989264014828
1767222369.209459,0.9147515054449052,0.907871991556594,0.5,0.0,0.0,0.0014653306390054624,0.9999989264014828
1767222369.2205324,0.9147515054449052,0.907871991556594,0.5,0.0,0.0,0.0014653306390054624,0.9999989264014828
1767222369.2292528,0.9147515054449052,0.907871991556594,0.5,0.0,0.0,0.0014653306390054624,0.9999989264014828
1767222369.2396197,0.9147515054449052,0.907871991556594,0.5,0.0,0.0,0.0014653306390054624,0.9999989264014828
1767222369.2511864,0.9147515054449052,0.907871991556594,0.5,0.0,0.0,0.0014653306390054624,0.9999989264014828
1767222369.2605357,0.9147515054449052,0.907871991556594,0.5,0.0,0.0,0.0014653306390054624,0.9999989264014828
1767222369.269348,0.9147515054449052,0.907871991556594,0.5,0.0,0.0,0.0014653306390054624,0.9999989264014828
1767222369.2804692,0.9147515054449052,0.907871991556594,0.5,0.0,0.0,0.0014653306390054624,0.9999989264014828
1767222369.2893112,0.9147515054449052,0.907871991556594,0.5,0.0,0.0,0.0014653306390054624,0.9999989264014828
1767222369.2992964,0.9147515054449052,0.907871991556594,0.5,0.0,0.0,0.0014653306390054624,0.9999989264014828
1767222369.3112051,0.9147515054449052,0.907871991556594,0.5,0.0,0.0,0.0014653306390054624,0.9999989264014828
1767222369.319994,0.9147515054449052,0.907871991556594,0.5,0.0,0.0,0.0014653306390054624,0.9999989264014828
1767222369.3292847,0.9147515054449052,0.907871991556594,0.5,0.0,0.0,0.0014653306390054624,0.9999989264014828
1767222369.3393495,0.9147515054449052,0.907871991556594,0.5,0.0,0.0,0.0014653306390054624,0.9999989264014828
1767222369.3495078,0.9147515054449052,0.907871991556594,0.5,0.0,0.0,0.0014653306390054624,0.9999989264014828
1767222369.3608248,0.9147515054449052,0.907871991556594,0.5,0.0,0.0,0.0014653306390054624,0.9999989264014828
1767222369.370471,0.9147515054449052,0.907871991556594,0.5,0.0,0.0,0.0014653306390054624,0.9999989264014828
1767222369.380273,0.9147515054449052,0.907871991556594,0.5,0.0,0.0,0.0014653306390054624,0.9999989264014828
1767222369.3902285,0.9147515054449052,0.907871991556594,0.5,0.0,0.0,0.0014653306390054624,0.9999989264014828
1767222369.4004827,0.9147515054449052,0.907871991556594,0.5,0.0,0.0,0.0014653306390054624,0.9999989264014828
1767222369.4097633,0.9147515054449052,0.907871991556594,0.5,0.0,0.0,0.0014653306390054624,0.9999989264014828
1767222369.4191618,0.9147515054449052,0.907871991556594,0.5,0.0,0.0,0.0014653306390054624,0.9999989264014828
1767222369.43003,0.9147515054449052,0.907871991556594,0.5,0.0,0.0,0.0014653306390054624,0.9999989264014828
1767222369.4392133,0.9147515054449052,0.907871991556594,0.5,0.0,0.0,0.0014653306390054624,0.9999989264014828
1767222369.4518692,0.9147515054449052,0.907871991556594,0.5,0.0,0.0,0.0014653306390054624,0.9999989264014828
1767222369.4602468,0.9147515054449052,0.907871991556594,0.5,0.0,0.0,0.0014653306390054624,0.9999989264014828
1767222369.4690595,0.9147515054449052,0.907871991556594,0.5,0.0,0.0,0.0014653306390054624,0.9999989264014828
1767222369.4791677,0.9147515054449052,0.907871991556594,0.5,0.0,0.0,0.0014653306390054624,0.9999989264014828
1767222369.48963,0.9147515054449052,0.907871991556594,0.5,0.0,0.0,0.0014653306390054624,0.9999989264014828
1767222369.5003362,0.9147515054449052,0.907871991556594,0.5,0.0,0.0,0.0014653306390054624,0.9999989264014828
1767222369.5119143,0.9147515054449052,0.907871991556594,0.5,0.0,0.0,0.0014653306390054624,0.9999989264014828
1767222369.5196984,0.9147515054449052,0.907871991556594,0.5,0.0,0.0,0.0014653306390054624,0.9999989264014828
1767222369.5295722,0.9147515054449052,0.907871991556594,0.5,0.0,0.0,0.0014653306390054624,0.9999989264014828
1767222369.5393937,0.9147515054449052,0.907871991556594,0.5,0.0,0.0,0.0014653306390054624,0.9999989264014828
1767222369.5511808,0.9147515054449052,0.907871991556594,0.5,0.0,0.0,0.0014653306390054624,0.9999989264014828
1767222369.5597653,0.9147515054449052,0.907871991556594,0.5,0.0,0.0,0.0014653306390054624,0.9999989264014828
1767222369.5707288,0.9147515054449052,0.907871991556594,0.5,0.0,0.0,0.0014653306390054624,0.9999989264014828
1767222369.5803337,0.9147515054449052,0.907871991556594,0.5,0.0,0.0,0.0014653306390054624,0.9999989264014828
1767222369.5901642,0.9147515054449052,0.907871991556594,0.5,0.0,0.0,0.0014653306390054624,0.9999989264014828
1767222369.5993352,0.9147515054449052,0.907871991556594,0.5,0.0,0.0,0.0014653306390054624,0.9999989264014828
1767222369.6098695,0.9147515054449052,0.907871991556594,0.5,0.0,0.0,0.0014653306390054624,0.9999989264014828
1767222369.6204524,0.9147515054449052,0.907871991556594,0.5,0.0,0.0,0.0014653306390054624,0.9999989264014828
1767222369.629196,0.9147515054449052,0.907871991556594,0.5,0.0,0.0,0.0014653306390054624,0.9999989264014828
1767222369.63959,0.9147515054449052,0.907871991556594,0.5,0.0,0.0,0.0014653306390054624,0.9999989264014828
1767222369.6504197,0.9147515054449052,0.907871991556594,0.5,0.0,0.0,0.0014653306390054624,0.9999989264014828
1767222369.6602938,0.9147515054449052,0.907871991556594,0.5,0.0,0.0,0.0014653306390054624,0.9999989264014828
1767222369.6698627,0.9147515054449052,0.907871991556594,0.5,0.0,0.0,0.0014653306390054624,0.9999989264014828
1767222369.6792464,0.9147515054449052,0.907871991556594,0.5,0.0,0.0,0.0014653306390054624,0.9999989264014828
1767222369.6908078,0.9147515054449052,0.907871991556594,0.5,0.0,0.0,0.0014653306390054624,0.9999989264014828
1767222369.699561,0.9147515054449052,0.907871991556594,0.5,0.0,0.0,0.0014653306390054624,0.9999989264014828
1767222369.7103102,0.9147515054449052,0.907871991556594,0.5,0.0,0.0,0.0014653306390054624,0.9999989264014828
1767222369.7203555,0.9147515054449052,0.907871991556594,0.5,0.0,0.0,0.0014653306390054624,0.9999989264014828
1767222369.7298155,0.9147515054449052,0.907871991556594,0.5,0.0,0.0,0.0014653306390054624,0.9999989264014828
1767222369.740405,0.9147515054449052,0.907871991556594,0.5,0.0,0.0,0.0014653306390054624,0.9999989264014828
1767222369.749803,0.9147515054449052,0.907871991556594,0.5,0.0,0.0,0.0014653306390054624,0.9999989264014828
1767222369.7599797,0.9147515054449052,0.907871991556594,0.5,0.0,0.0,0.0014653306390054624,0.9999989264014828
1767222369.7721148,0.9147515054449052,0.907871991556594,0.5,0.0,0.0,0.0014653306390054624,0.9999989264014828
1767222369.7799675,0.9147515054449052,0.907871991556594,0.5,0.0,0.0,0.0014653306390054624,0.9999989264014828
1767222369.7899985,0.9147515054449052,0.907871991556594,0.5,0.0,0.0,0.0014653306390054624,0.9999989264014828
1767222369.7999947,0.9147515054449052,0.907871991556594,0.5,0.0,0.0,0.0014653306390054624,0.9999989264014828
1767222369.810477,0.9147515054449052,0.907871991556594,0.5,0.0,0.0,0.0014653306390054624,0.9999989264014828
1767222369.8189876,0.9147515054449052,0.907871991556594,0.5,0.0,0.0,0.0014653306390054624,0.9999989264014828
1767222369.8299153,0.9147515054449052,0.907871991556594,0.5,0.0,0.0,0.0014653306390054624,0.9999989264014828
1767222369.8392966,0.9147515054449052,0.907871991556594,0.5,0.0,0.0,0.0014653306390054624,0.9999989264014828
1767222369.8521268,0.9147515054449052,0.907871991556594,0.5,0.0,0.0,0.0014653306390054624,0.9999989264014828
1767222369.8600397,0.9147515054449052,0.907871991556594,0.5,0.0,0.0,0.0014653306390054624,0.9999989264014828
1767222369.8694575,0.9147515054449052,0.907871991556594,0.5,0.0,0.0,0.0014653306390054624,0.9999989264014828
1767222369.8802738,0.9147515054449052,0.907871991556594,0.5,0.0,0.0,0.0014653306390054624,0.9999989264014828
1767222369.8894782,0.9147515054449052,0.907871991556594,0.5,0.0,0.0,0.0014653306390054624,0.9999989264014828
1767222369.8995264,0.9147515054449052,0.907871991556594,0.5,0.0,0.0,0.0014653306390054624,0.9999989264014828
1767222369.9114983,0.9147515054449052,0.907871991556594,0.5,0.0,0.0,0.0014653306390054624,0.9999989264014828
1767222369.91977,0.9147515054449052,0.907871991556594,0.5,0.0,0.0,0.0014653306390054624,0.9999989264014828
1767222369.929555,0.9147515054449052,0.907871991556594,0.5,0.0,0.0,0.0014653306390054624,0.9999989264014828
1767222369.9391987,0.9147515054449052,0.907871991556594,0.5,0.0,0.0,0.0014653306390054624,0.9999989264014828
1767222369.9507241,0.9147515054449052,0.907871991556594,0.5,0.0,0.0,0.0014653306390054624,0.9999989264014828
1767222369.959445,0.9147515054449052,0.907871991556594,0.5,0.0,0.0,0.0014653306390054624,0.9999989264014828
1767222369.9695692,0.9147515054449052,0.907871991556594,0.5,0.0,0.0,0.0014653306390054624,0.9999989264014828
1767222369.9800065,0.9147515054449052,0.907871991556594,0.5,0.0,0.0,0.0014653306390054624,0.9999989264014828
1767222369.9908552,0.9147515054449052,0.907871991556594,0.5,0.0,0.0,0.0014653306390054624,0.9999989264014828
1767222369.9992728,0.9147515054449052,0.907871991556594,0.5,0.0,0.0,0.0014653306390054624,0.9999989264014828
1767222370.009121,0.9147515054449052,0.907871991556594,0.5,0.0,0.0,0.0014653306390054624,0.9999989264014828
1767222370.020172,0.9147515054449052,0.907871991556594,0.5,0.0,0.0,0.0014653306390054624,0.9999989264014828
1767222370.0297115,0.9147515054449052,0.907871991556594,0.5,0.0,0.0,0.0014653306390054624,0.9999989264014828
1767222370.042421,0.9147515054449052,0.907871991556594,0.5,0.0,0.0,0.0014653306390054624,0.9999989264014828
1767222370.0496483,0.9147515054449052,0.907871991556594,0.5,0.0,0.0,0.0014653306390054624,0.9999989264014828
1767222370.0597162,0.9147515054449052,0.907871991556594,0.5,0.0,0.0,0.0014653306390054624,0.9999989264014828
1767222370.0695457,0.9147515054449052,0.907871991556594,0.5,0.0,0.0,0.0014653306390054624,0.9999989264014828
1767222370.0801063,0.9147515054449052,0.907871991556594,0.5,0.0,0.0,0.0014653306390054624,0.9999989264014828
1767222370.0895011,0.9147515054449052,0.907871991556594,0.5,0.0,0.0,0.0014653306390054624,0.9999989264014828
1767222370.100696,0.9147515054449052,0.907871991556594,0.5,0.0,0.0,0.0014653306390054624,0.9999989264014828
1767222370.109783,0.9147515054449052,0.907871991556594,0.5,0.0,0.0,0.0014653306390054624,0.9999989264014828
1767222370.1198604,0.9147515054449052,0.907871991556594,0.5,0.0,0.0,0.0014653306390054624,0.9999989264014828
1767222370.1299243,0.9147515054449052,0.907871991556594,0.5,0.0,0.0,0.0014653306390054624,0.9999989264014828
1767222370.139926,0.9147515054449052,0.907871991556594,0.5,0.0,0.0,0.0014653306390054624,0.9999989264014828
1767222370.150087,0.9147515054449052,0.907871991556594,0.5,0.0,0.0,0.0014653306390054624,0.9999989264014828
1767222370.159851,0.9147515054449052,0.907871991556594,0.5,0.0,0.0,0.0014653306390054624,0.9999989264014828
1767222370.1717324,0.9147515054449052,0.907871991556594,0.5,0.0,0.0,0.0014653306390054624,0.9999989264014828
1767222370.1798604,0.9147515054449052,0.907871991556594,0.5,0.0,0.0,0.0014653306390054624,0.9999989264014828
1767222370.1894083,0.9147515054449052,0.907871991556594,0.5,0.0,0.0,0.0014653306390054624,0.9999989264014828
1767222370.2003894,0.9147515054449052,0.907871991556594,0.5,0.0,0.0,0.0014653306390054624,0.9999989264014828
1767222370.2091854,0.9147515054449052,0.907871991556594,0.5,0.0,0.0,0.0014653306390054624,0.9999989264014828
1767222370.220014,0.9147515054449052,0.907871991556594,0.5,0.0,0.0,0.0014653306390054624,0.9999989264014828
1767222370.2305548,0.9147515054449052,0.907871991556594,0.5,0.0,0.0,0.0014653306390054624,0.9999989264014828
1767222370.2404408,0.9147515054449052,0.907871991556594,0.5,0.0,0.0,0.0014653306390054624,0.9999989264014828
1767222370.2495482,0.9147515054449052,0.907871991556594,0.5,0.0,0.0,0.0014653306390054624,0.9999989264014828
1767222370.2591293,0.9147515054449052,0.907871991556594,0.5,0.0,0.0,0.0014653306390054624,0.9999989264014828
1767222370.2701714,0.9147515054449052,0.907871991556594,0.5,0.0,0.0,0.0014653306390054624,0.9999989264014828
1767222370.2800186,0.9147515054449052,0.907871991556594,0.5,0.0,0.0,0.0014653306390054624,0.9999989264014828
1767222370.2903821,0.9147515054449052,0.907871991556594,0.5,0.0,0.0,0.0014653306390054624,0.9999989264014828
1767222370.2999275,0.9147515054449052,0.907871991556594,0.5,0.0,0.0,0.0014653306390054624,0.9999989264014828
1767222370.3103406,0.9147515054449052,0.907871991556594,0.5,0.0,0.0,0.0014653306390054624,0.9999989264014828
1767222370.3189406,0.9147515054449052,0.907871991556594,0.5,0.0,0.0,0.0014653306390054624,0.9999989264014828
1767222370.330103,0.9147515054449052,0.907871991556594,0.5,0.0,0.0,0.0014653306390054624,0.9999989264014828
1767222370.3401008,0.9147515054449052,0.907871991556594,0.5,0.0,0.0,0.0014653306390054624,0.9999989264014828
1767222370.3501034,0.9147515054449052,0.907871991556594,0.5,0.0,0.0,0.0014653306390054624,0.9999989264014828
1767222370.3609042,0.9147515054449052,0.907871991556594,0.5,0.0,0.0,0.0014653306390054624,0.9999989264014828
1767222370.3702564,0.9147515054449052,0.907871991556594,0.5,0.0,0.0,0.0014653306390054624,0.9999989264014828
1767222370.3798745,0.9147515054449052,0.907871991556594,0.5,0.0,0.0,0.0014653306390054624,0.9999989264014828
1767222370.389463,0.9147515054449052,0.907871991556594,0.5,0.0,0.0,0.0014653306390054624,0.9999989264014828
1767222370.3995442,0.9147515054449052,0.907871991556594,0.5,0.0,0.0,0.0014653306390054624,0.9999989264014828
1767222370.4095402,0.9147515054449052,0.907871991556594,0.5,0.0,0.0,0.0014653306390054624,0.9999989264014828
1767222370.419304,0.9147515054449052,0.907871991556594,0.5,0.0,0.0,0.0014653306390054624,0.9999989264014828
1767222370.4303381,0.9147515054449052,0.907871991556594,0.5,0.0,0.0,0.0014653306390054624,0.9999989264014828
1767222370.4399476,0.9147515054449052,0.907871991556594,0.5,0.0,0.0,0.0014653306390054624,0.9999989264014828
1767222370.4504862,0.9147515054449052,0.907871991556594,0.5,0.0,0.0,0.0014653306390054624,0.9999989264014828
1767222370.460215,0.9147515054449052,0.907871991556594,0.5,0.0,0.0,0.0014653306390054624,0.9999989264014828
1767222370.4707432,0.9147515054449052,0.907871991556594,0.5,0.0,0.0,0.0014653306390054624,0.9999989264014828
1767222370.4805539,0.9147515054449052,0.907871991556594,0.5,0.0,0.0,0.0014653306390054624,0.9999989264014828
1767222370.4896452,0.9147515054449052,0.907871991556594,0.5,0.0,0.0,0.0014653306390054624,0.9999989264014828
1767222370.5004995,0.9147515054449052,0.907871991556594,0.5,0.0,0.0,0.0014653306390054624,0.9999989264014828
1767222370.5104804,0.9147515054449052,0.907871991556594,0.5,0.0,0.0,0.0014653306390054624,0.9999989264014828
1767222370.520607,0.9147515054449052,0.907871991556594,0.5,0.0,0.0,0.0014653306390054624,0.9999989264014828
1767222370.5292547,0.9147515054449052,0.907871991556594,0.5,0.0,0.0,0.0014653306390054624,0.9999989264014828
1767222370.5403104,0.9147515054449052,0.907871991556594,0.5,0.0,0.0,0.0014653306390054624,0.9999989264014828
1767222370.5501337,0.9147515054449052,0.907871991556594,0.5,0.0,0.0,0.0014653306390054624,0.9999989264014828
1767222370.5602996,0.9147515054449052,0.907871991556594,0.5,0.0,0.0,0.0014653306390054624,0.9999989264014828
1767222370.571703,0.9147515054449052,0.907871991556594,0.5,0.0,0.0,0.0014653306390054624,0.9999989264014828
1767222370.580413,0.9147515054449052,0.907871991556594,0.5,0.0,0.0,0.0014653306390054624,0.9999989264014828
1767222370.5903754,0.9147515054449052,0.907871991556594,0.5,0.0,0.0,0.0014653306390054624,0.9999989264014828
1767222370.5996406,0.9147515054449052,0.907871991556594,0.5,0.0,0.0,0.0014653306390054624,0.9999989264014828
1767222370.6100702,0.9147515054449052,0.907871991556594,0.5,0.0,0.0,0.0014653306390054624,0.9999989264014828
1767222370.6200833,0.9147515054449052,0.907871991556594,0.5,0.0,0.0,0.0014653306390054624,0.9999989264014828
1767222370.6301482,0.9147515054449052,0.907871991556594,0.5,0.0,0.0,0.0014653306390054624,0.9999989264014828
1767222370.6403203,0.9147515054449052,0.907871991556594,0.5,0.0,0.0,0.0014653306390054624,0.9999989264014828
1767222370.651643,0.9147515054449052,0.907871991556594,0.5,0.0,0.0,0.0014653306390054624,0.9999989264014828
1767222370.6603692,0.9147515054449052,0.907871991556594,0.5,0.0,0.0,0.0014653306390054624,0.9999989264014828
1767222370.671499,0.9147515054449052,0.907871991556594,0.5,0.0,0.0,0.0014653306390054624,0.9999989264014828
1767222370.6810756,0.9147515054449052,0.907871991556594,0.5,0.0,0.0,0.0014653306390054624,0.9999989264014828
1767222370.6904554,0.9147515054449052,0.907871991556594,0.5,0.0,0.0,0.0014653306390054624,0.9999989264014828
1767222370.7004411,0.9147515054449052,0.907871991556594,0.5,0.0,0.0,0.0014653306390054624,0.9999989264014828
1767222370.71108,0.9147515054449052,0.907871991556594,0.5,0.0,0.0,0.0014653306390054624,0.9999989264014828
1767222370.719927,0.9147515054449052,0.907871991556594,0.5,0.0,0.0,0.0014653306390054624,0.9999989264014828
1767222370.7306185,0.9147515054449052,0.907871991556594,0.5,0.0,0.0,0.0014653306390054624,0.9999989264014828
1767222370.7415752,0.9147515054449052,0.907871991556594,0.5,0.0,0.0,0.0014653306390054624,0.9999989264014828
1767222370.7509797,0.9147515054449052,0.907871991556594,0.5,0.0,0.0,0.0014653306390054624,0.9999989264014828
1767222370.7603579,0.9147515054449052,0.907871991556594,0.5,0.0,0.0,0.0014653306390054624,0.9999989264014828
1767222370.769469,0.9147515054449052,0.907871991556594,0.5,0.0,0.0,0.0014653306390054624,0.9999989264014828
1767222370.7799878,0.9147515054449052,0.907871991556594,0.5,0.0,0.0,0.0014653306390054624,0.9999989264014828
1767222370.7892215,0.9147515054449052,0.907871991556594,0.5,0.0,0.0,0.0014653306390054624,0.9999989264014828
1767222370.8005912,0.9147515054449052,0.907871991556594,0.5,0.0,0.0,0.0014653306390054624,0.9999989264014828
1767222370.8094265,0.9147515054449052,0.907871991556594,0.5,0.0,0.0,0.0014653306390054624,0.9999989264014828
1767222370.8205152,0.9147515054449052,0.907871991556594,0.5,0.0,0.0,0.0014653306390054624,0.9999989264014828
1767222370.829549,0.9147515054449052,0.907871991556594,0.5,0.0,0.0,0.0014653306390054624,0.9999989264014828
1767222370.841156,0.9147515054449052,0.907871991556594,0.5,0.0,0.0,0.0014653306390054624,0.9999989264014828
1767222370.850317,0.9147515054449052,0.907871991556594,0.5,0.0,0.0,0.0014653306390054624,0.9999989264014828
1767222370.8605387,0.9147515054449052,0.907871991556594,0.5,0.0,0.0,0.0014653306390054624,0.9999989264014828
1767222370.8706007,0.9147515054449052,0.907871991556594,0.5,0.0,0.0,0.0014653306390054624,0.9999989264014828
1767222370.8806744,0.9147515054449052,0.907871991556594,0.5,0.0,0.0,0.0014653306390054624,0.9999989264014828
1767222370.8901713,0.9147515054449052,0.907871991556594,0.5,0.0,0.0,0.0014653306390054624,0.9999989264014828
1767222370.8993173,0.9147515054449052,0.907871991556594,0.5,0.0,0.0,0.0014653306390054624,0.9999989264014828
1767222370.9107058,0.9147515054449052,0.907871991556594,0.5,0.0,0.0,0.0014653306390054624,0.9999989264014828
1767222370.9192874,0.9147515054449052,0.907871991556594,0.5,0.0,0.0,0.0014653306390054624,0.9999989264014828
1767222370.930501,0.9147515054449052,0.907871991556594,0.5,0.0,0.0,0.0014653306390054624,0.9999989264014828
1767222370.9402373,0.9147515054449052,0.907871991556594,0.5,0.0,0.0,0.0014653306390054624,0.9999989264014828
1767222370.950524,0.9147515054449052,0.907871991556594,0.5,0.0,0.0,0.0014653306390054624,0.9999989264014828
1767222370.960257,0.9147515054449052,0.907871991556594,0.5,0.0,0.0,0.0014653306390054624,0.9999989264014828
1767222370.9713721,0.9147515054449052,0.907871991556594,0.5,0.0,0.0,0.0014653306390054624,0.9999989264014828
1767222370.9792295,0.9147515054449052,0.907871991556594,0.5,0.0,0.0,0.0014653306390054624,0.9999989264014828
1767222370.990042,0.9147515054449052,0.907871991556594,0.5,0.0,0.0,0.0014653306390054624,0.9999989264014828
1767222370.9994729,0.9147515054449052,0.907871991556594,0.5,0.0,0.0,0.0014653306390054624,0.9999989264014828
1767222371.0106556,0.9147515054449052,0.907871991556594,0.5,0.0,0.0,0.0014653306390054624,0.9999989264014828
1767222371.0201244,0.9147515054449052,0.907871991556594,0.5,0.0,0.0,0.0014653306390054624,0.9999989264014828
1767222371.030313,0.9147515054449052,0.907871991556594,0.5,0.0,0.0,0.0014653306390054624,0.9999989264014828
1767222371.040203,0.9147515054449052,0.907871991556594,0.5,0.0,0.0,0.0014653306390054624,0.9999989264014828
1767222371.0510092,0.9147515054449052,0.907871991556594,0.5,0.0,0.0,0.0014653306390054624,0.9999989264014828
1767222371.0599189,0.9147515054449052,0.907871991556594,0.5,0.0,0.0,0.0014653306390054624,0.9999989264014828
1767222371.0702105,0.9147515054449052,0.907871991556594,0.5,0.0,0.0,0.0014653306390054624,0.9999989264014828
1767222371.080421,0.9147515054449052,0.907871991556594,0.5,0.0,0.0,0.0014653306390054624,0.9999989264014828
1767222371.090215,0.9147515054449052,0.907871991556594,0.5,0.0,0.0,0.0014653306390054624,0.9999989264014828
1767222371.0994477,0.9147515054449052,0.907871991556594,0.5,0.0,0.0,0.0014653306390054624,0.9999989264014828
1767222371.1102383,0.9147515054449052,0.907871991556594,0.5,0.0,0.0,0.0014653306390054624,0.9999989264014828
1767222371.1192508,0.9147515054449052,0.907871991556594,0.5,0.0,0.0,0.0014653306390054624,0.9999989264014828
1767222371.129598,0.9147515054449052,0.907871991556594,0.5,0.0,0.0,0.0014653306390054624,0.9999989264014828
1767222371.138979,0.9147515054449052,0.907871991556594,0.5,0.0,0.0,0.0014653306390054624,0.9999989264014828
1767222371.1502714,0.9147515054449052,0.907871991556594,0.5,0.0,0.0,0.0014653306390054624,0.9999989264014828
1767222371.1602845,0.9147515054449052,0.907871991556594,0.5,0.0,0.0,0.0014653306390054624,0.9999989264014828
1767222371.1699226,0.9147515054449052,0.907871991556594,0.5,0.0,0.0,0.0014653306390054624,0.9999989264014828
1767222371.179991,0.9147515054449052,0.907871991556594,0.5,0.0,0.0,0.0014653306390054624,0.9999989264014828
1767222371.1908684,0.9147515054449052,0.907871991556594,0.5,0.0,0.0,0.0014653306390054624,0.9999989264014828
1767222371.1997437,0.9147515054449052,0.907871991556594,0.5,0.0,0.0,0.0014653306390054624,0.9999989264014828
1767222371.2103171,0.9147515054449052,0.907871991556594,0.5,0.0,0.0,0.0014653306390054624,0.9999989264014828
1767222371.2201889,0.9147515054449052,0.907871991556594,0.5,0.0,0.0,0.0014653306390054624,0.9999989264014828
1767222371.2310965,0.9147515054449052,0.907871991556594,0.5,0.0,0.0,0.0014653306390054624,0.9999989264014828
1767222371.2402923,0.9147515054449052,0.907871991556594,0.5,0.0,0.0,0.0014653306390054624,0.9999989264014828
1767222371.2506618,0.9147515054449052,0.907871991556594,0.5,0.0,0.0,0.0014653306390054624,0.9999989264014828
1767222371.2601948,0.9147515054449052,0.907871991556594,0.5,0.0,0.0,0.0014653306390054624,0.9999989264014828
1767222371.2700858,0.9147515054449052,0.907871991556594,0.5,0.0,0.0,0.0014653306390054624,0.9999989264014828
1767222371.2805722,0.9147515054449052,0.907871991556594,0.5,0.0,0.0,0.0014653306390054624,0.9999989264014828
1767222371.2895997,0.9147515054449052,0.907871991556594,0.5,0.0,0.0,0.0014653306390054624,0.9999989264014828
1767222371.300295,0.9147515054449052,0.907871991556594,0.5,0.0,0.0,0.0014653306390054624,0.9999989264014828
1767222371.311262,0.9147515054449052,0.907871991556594,0.5,0.0,0.0,0.0014653306390054624,0.9999989264014828
1767222371.3202467,0.9147515054449052,0.907871991556594,0.5,0.0,0.0,0.0014653306390054624,0.9999989264014828
1767222371.329811,0.9147515054449052,0.907871991556594,0.5,0.0,0.0,0.0014653306390054624,0.9999989264014828
1767222371.3399436,0.9147515054449052,0.907871991556594,0.5,0.0,0.0,0.0014653306390054624,0.9999989264014828
1767222371.3491564,0.9147515054449052,0.907871991556594,0.5,0.0,0.0,0.0014653306390054624,0.9999989264014828
1767222371.3599608,0.9147515054449052,0.907871991556594,0.5,0.0,0.0,0.0014653306390054624,0.9999989264014828
1767222371.3696377,0.9147515054449052,0.907871991556594,0.5,0.0,0.0,0.0014653306390054624,0.9999989264014828
1767222371.3789763,0.9147515054449052,0.907871991556594,0.5,0.0,0.0,0.0014653306390054624,0.9999989264014828
1767222371.3892689,0.9147515054449052,0.907871991556594,0.5,0.0,0.0,0.0014653306390054624,0.9999989264014828
1767222371.399137,0.9147515054449052,0.907871991556594,0.5,0.0,0.0,0.0014653306390054624,0.9999989264014828
1767222371.4102921,0.9147515054449052,0.907871991556594,0.5,0.0,0.0,0.0014653306390054624,0.9999989264014828
1767222371.4201262,0.9147515054449052,0.907871991556594,0.5,0.0,0.0,0.0014653306390054624,0.9999989264014828
1767222371.4305441,0.9147515054449052,0.907871991556594,0.5,0.0,0.0,0.0014653306390054624,0.9999989264014828
1767222371.4393432,0.9147515054449052,0.907871991556594,0.5,0.0,0.0,0.0014653306390054624,0.9999989264014828
1767222371.4506106,0.9147515054449052,0.907871991556594,0.5,0.0,0.0,0.0014653306390054624,0.9999989264014828
1767222371.4597685,0.9147515054449052,0.907871991556594,0.5,0.0,0.0,0.0014653306390054624,0.9999989264014828
1767222371.4699345,0.9147515054449052,0.907871991556594,0.5,0.0,0.0,0.0014653306390054624,0.9999989264014828
1767222371.4798725,0.9147515054449052,0.907871991556594,0.5,0.0,0.0,0.0014653306390054624,0.9999989264014828
1767222371.4901316,0.9147515054449052,0.907871991556594,0.5,0.0,0.0,0.0014653306390054624,0.9999989264014828
1767222371.500634,0.9147515054449052,0.907871991556594,0.5,0.0,0.0,0.0014653306390054624,0.9999989264014828
1767222371.511011,0.9147515054449052,0.907871991556594,0.5,0.0,0.0,0.0014653306390054624,0.9999989264014828
1767222371.519034,0.9147515054449052,0.907871991556594,0.5,0.0,0.0,0.0014653306390054624,0.9999989264014828
1767222371.5297961,0.9147515054449052,0.907871991556594,0.5,0.0,0.0,0.0014653306390054624,0.9999989264014828
1767222371.5392466,0.9147515054449052,0.907871991556594,0.5,0.0,0.0,0.0014653306390054624,0.9999989264014828
1767222371.5487287,0.9147515054449052,0.907871991556594,0.5,0.0,0.0,0.0014653306390054624,0.9999989264014828
1767222371.5591288,0.9147515054449052,0.907871991556594,0.5,0.0,0.0,0.0014653306390054624,0.9999989264014828
1767222371.5695505,0.9147515054449052,0.907871991556594,0.5,0.0,0.0,0.0014653306390054624,0.9999989264014828
1767222371.5795307,0.9147515054449052,0.907871991556594,0.5,0.0,0.0,0.0014653306390054624,0.9999989264014828
1767222371.5891309,0.9147515054449052,0.907871991556594,0.5,0.0,0.0,0.0014653306390054624,0.9999989264014828
1767222371.598827,0.9147515054449052,0.907871991556594,0.5,0.0,0.0,0.0014653306390054624,0.9999989264014828
1767222371.6098228,0.9147515054449052,0.907871991556594,0.5,0.0,0.0,0.0014653306390054624,0.9999989264014828
1767222371.6197562,0.9147515054449052,0.907871991556594,0.5,0.0,0.0,0.0014653306390054624,0.9999989264014828
1767222371.630332,0.9147515054449052,0.907871991556594,0.5,0.0,0.0,0.0014653306390054624,0.9999989264014828
1767222371.6399736,0.9147515054449052,0.907871991556594,0.5,0.0,0.0,0.0014653306390054624,0.9999989264014828
1767222371.6502235,0.9147515054449052,0.907871991556594,0.5,0.0,0.0,0.0014653306390054624,0.9999989264014828
1767222371.659697,0.9147515054449052,0.907871991556594,0.5,0.0,0.0,0.0014653306390054624,0.9999989264014828
1767222371.66935,0.9147515054449052,0.907871991556594,0.5,0.0,0.0,0.0014653306390054624,0.9999989264014828
1767222371.6802704,0.9147515054449052,0.907871991556594,0.5,0.0,0.0,0.0014653306390054624,0.9999989264014828
1767222371.690186,0.9147515054449052,0.907871991556594,0.5,0.0,0.0,0.0014653306390054624,0.9999989264014828
1767222371.7001123,0.9147515054449052,0.907871991556594,0.5,0.0,0.0,0.0014653306390054624,0.9999989264014828
1767222371.7105658,0.9147515054449052,0.907871991556594,0.5,0.0,0.0,0.0014653306390054624,0.9999989264014828
1767222371.719399,0.9147515054449052,0.907871991556594,0.5,0.0,0.0,0.0014653306390054624,0.9999989264014828
1767222371.7302716,0.9147515054449052,0.907871991556594,0.5,0.0,0.0,0.0014653306390054624,0.9999989264014828
1767222371.7401412,0.9147515054449052,0.907871991556594,0.5,0.0,0.0,0.0014653306390054624,0.9999989264014828
1767222371.750406,0.9147515054449052,0.907871991556594,0.5,0.0,0.0,0.0014653306390054624,0.9999989264014828
1767222371.7603617,0.9147515054449052,0.907871991556594,0.5,0.0,0.0,0.0014653306390054624,0.9999989264014828
1767222371.7695532,0.9147515054449052,0.907871991556594,0.5,0.0,0.0,0.0014653306390054624,0.9999989264014828
1767222371.7798562,0.9147515054449052,0.907871991556594,0.5,0.0,0.0,0.0014653306390054624,0.9999989264014828
1767222371.7894645,0.9147515054449052,0.907871991556594,0.5,0.0,0.0,0.0014653306390054624,0.9999989264014828
1767222371.801322,0.9147515054449052,0.907871991556594,0.5,0.0,0.0,0.0014653306390054624,0.9999989264014828
1767222371.8101313,0.9147515054449052,0.907871991556594,0.5,0.0,0.0,0.0014653306390054624,0.9999989264014828
1767222371.8200164,0.9147515054449052,0.907871991556594,0.5,0.0,0.0,0.0014653306390054624,0.9999989264014828
1767222371.8301861,0.9147515054449052,0.907871991556594,0.5,0.0,0.0,0.0014653306390054624,0.9999989264014828
1767222371.8399303,0.9147515054449052,0.907871991556594,0.5,0.0,0.0,0.0014653306390054624,0.9999989264014828
1767222371.850393,0.9147515054449052,0.907871991556594,0.5,0.0,0.0,0.0014653306390054624,0.9999989264014828
1767222371.8600445,0.9147515054449052,0.907871991556594,0.5,0.0,0.0,0.0014653306390054624,0.9999989264014828
1767222371.8702307,0.9147515054449052,0.907871991556594,0.5,0.0,0.0,0.0014653306390054624,0.9999989264014828
1767222371.8800492,0.9147515054449052,0.907871991556594,0.5,0.0,0.0,0.0014653306390054624,0.9999989264014828
1767222371.8903072,0.9147515054449052,0.907871991556594,0.5,0.0,0.0,0.0014653306390054624,0.9999989264014828
1767222371.8993242,0.9147515054449052,0.907871991556594,0.5,0.0,0.0,0.0014653306390054624,0.9999989264014828
1767222371.91107,0.9147515054449052,0.907871991556594,0.5,0.0,0.0,0.0014653306390054624,0.9999989264014828
1767222371.9202414,0.9147515054449052,0.907871991556594,0.5,0.0,0.0,0.0014653306390054624,0.9999989264014828
1767222371.9299479,0.9147515054449052,0.907871991556594,0.5,0.0,0.0,0.0014653306390054624,0.9999989264014828
1767222371.9407487,0.9147515054449052,0.907871991556594,0.5,0.0,0.0,0.0014653306390054624,0.9999989264014828
1767222371.950098,0.9147515054449052,0.907871991556594,0.5,0.0,0.0,0.0014653306390054624,0.9999989264014828
1767222371.9624734,0.9147515054449052,0.907871991556594,0.5,0.0,0.0,0.0014653306390054624,0.9999989264014828
1767222371.9707775,0.9147515054449052,0.907871991556594,0.5,0.0,0.0,0.0014653306390054624,0.9999989264014828
1767222371.980349,0.9147515054449052,0.907871991556594,0.5,0.0,0.0,0.0014653306390054624,0.9999989264014828
1767222371.9901817,0.9147515054449052,0.907871991556594,0.5,0.0,0.0,0.0014653306390054624,0.9999989264014828
1767222371.9993818,0.9147515054449052,0.907871991556594,0.5,0.0,0.0,0.0014653306390054624,0.9999989264014828
1767222372.0101871,0.9147515054449052,0.907871991556594,0.5,0.0,0.0,0.0014653306390054624,0.9999989264014828
1767222372.0199082,0.9147515054449052,0.907871991556594,0.5,0.0,0.0,0.0014653306390054624,0.9999989264014828
1767222372.0302968,0.9147515054449052,0.907871991556594,0.5,0.0,0.0,0.0014653306390054624,0.9999989264014828
1767222372.039284,0.9147515054449052,0.907871991556594,0.5,0.0,0.0,0.0014653306390054624,0.9999989264014828
1767222372.0501337,0.9147515054449052,0.907871991556594,0.5,0.0,0.0,0.0014653306390054624,0.9999989264014828
1767222372.0592582,0.9147515054449052,0.907871991556594,0.5,0.0,0.0,0.0014653306390054624,0.9999989264014828
1767222372.0694542,0.9147515054449052,0.907871991556594,0.5,0.0,0.0,0.0014653306390054624,0.9999989264014828
1767222372.0803618,0.9147515054449052,0.907871991556594,0.5,0.0,0.0,0.0014653306390054624,0.9999989264014828
1767222372.0905752,0.9147515054449052,0.907871991556594,0.5,0.0,0.0,0.0014653306390054624,0.9999989264014828
1767222372.0994103,0.9147515054449052,0.907871991556594,0.5,0.0,0.0,0.0014653306390054624,0.9999989264014828
1767222372.1093082,0.9147515054449052,0.907871991556594,0.5,0.0,0.0,0.0014653306390054624,0.9999989264014828
1767222372.119342,0.9147515054449052,0.907871991556594,0.5,0.0,0.0,0.0014653306390054624,0.9999989264014828
1767222372.1294847,0.9147515054449052,0.907871991556594,0.5,0.0,0.0,0.0014653306390054624,0.9999989264014828
1767222372.1392856,0.9147515054449052,0.907871991556594,0.5,0.0,0.0,0.0014653306390054624,0.9999989264014828
1767222372.150384,0.9147515054449052,0.907871991556594,0.5,0.0,0.0,0.0014653306390054624,0.9999989264014828
1767222372.1592941,0.9147515054449052,0.907871991556594,0.5,0.0,0.0,0.0014653306390054624,0.9999989264014828
1767222372.1716697,0.9147515054449052,0.907871991556594,0.5,0.0,0.0,0.0014653306390054624,0.9999989264014828
1767222372.1793964,0.9147515054449052,0.907871991556594,0.5,0.0,0.0,0.0014653306390054624,0.9999989264014828
1767222372.1898549,0.9147515054449052,0.907871991556594,0.5,0.0,0.0,0.0014653306390054624,0.9999989264014828
1767222372.199888,0.9147515054449052,0.907871991556594,0.5,0.0,0.0,0.0014653306390054624,0.9999989264014828
1767222372.2102034,0.9147515054449052,0.907871991556594,0.5,0.0,0.0,0.0014653306390054624,0.9999989264014828
1767222372.2204845,0.9147515054449052,0.907871991556594,0.5,0.0,0.0,0.0014653306390054624,0.9999989264014828
1767222372.2304928,0.9147515054449052,0.907871991556594,0.5,0.0,0.0,0.0014653306390054624,0.9999989264014828
1767222372.2405758,0.9147515054449052,0.907871991556594,0.5,0.0,0.0,0.0014653306390054624,0.9999989264014828
1767222372.2495468,0.9147515054449052,0.907871991556594,0.5,0.0,0.0,0.0014653306390054624,0.9999989264014828
1767222372.2603872,0.9147515054449052,0.907871991556594,0.5,0.0,0.0,0.0014653306390054624,0.9999989264014828
1767222372.2705498,0.9147515054449052,0.907871991556594,0.5,0.0,0.0,0.0014653306390054624,0.9999989264014828
1767222372.2790256,0.9147515054449052,0.907871991556594,0.5,0.0,0.0,0.0014653306390054624,0.9999989264014828
1767222372.2907798,0.9147515054449052,0.907871991556594,0.5,0.0,0.0,0.0014653306390054624,0.9999989264014828
1767222372.300147,0.9147515054449052,0.907871991556594,0.5,0.0,0.0,0.0014653306390054624,0.9999989264014828
1767222372.3098412,0.9147515054449052,0.907871991556594,0.5,0.0,0.0,0.0014653306390054624,0.9999989264014828
1767222372.3193212,0.9147515054449052,0.907871991556594,0.5,0.0,0.0,0.0014653306390054624,0.9999989264014828
1767222372.3295681,0.9147515054449052,0.907871991556594,0.5,0.0,0.0,0.0014653306390054624,0.9999989264014828
1767222372.3403726,0.9147515054449052,0.907871991556594,0.5,0.0,0.0,0.0014653306390054624,0.9999989264014828
1767222372.349502,0.9147515054449052,0.907871991556594,0.5,0.0,0.0,0.0014653306390054624,0.9999989264014828
1767222372.3597362,0.9147515054449052,0.907871991556594,0.5,0.0,0.0,0.0014653306390054624,0.9999989264014828
1767222372.3694043,0.9147515054449052,0.907871991556594,0.5,0.0,0.0,0.0014653306390054624,0.9999989264014828
1767222372.3812068,0.9147515054449052,0.907871991556594,0.5,0.0,0.0,0.0014653306390054624,0.9999989264014828
1767222372.391095,0.9147515054449052,0.907871991556594,0.5,0.0,0.0,0.0014653306390054624,0.9999989264014828
1767222372.4002182,0.9147515054449052,0.907871991556594,0.5,0.0,0.0,0.0014653306390054624,0.9999989264014828
1767222372.4105146,0.9147515054449052,0.907871991556594,0.5,0.0,0.0,0.0014653306390054624,0.9999989264014828
1767222372.4201844,0.9147515054449052,0.907871991556594,0.5,0.0,0.0,0.0014653306390054624,0.9999989264014828
1767222372.4291482,0.9147515054449052,0.907871991556594,0.5,0.0,0.0,0.0014653306390054624,0.9999989264014828
1767222372.4395163,0.9147515054449052,0.907871991556594,0.5,0.0,0.0,0.0014653306390054624,0.9999989264014828
1767222372.44926,0.9147515054449052,0.907871991556594,0.5,0.0,0.0,0.0014653306390054624,0.9999989264014828
1767222372.4602435,0.9147515054449052,0.907871991556594,0.5,0.0,0.0,0.0014653306390054624,0.9999989264014828
1767222372.4699905,0.9147515054449052,0.907871991556594,0.5,0.0,0.0,0.0014653306390054624,0.9999989264014828
1767222372.4802003,0.9147515054449052,0.907871991556594,0.5,0.0,0.0,0.0014653306390054624,0.9999989264014828
1767222372.4919555,0.9147515054449052,0.907871991556594,0.5,0.0,0.0,0.0014653306390054624,0.9999989264014828
1767222372.500126,0.9147515054449052,0.907871991556594,0.5,0.0,0.0,0.0014653306390054624,0.9999989264014828
1767222372.5096035,0.9147515054449052,0.907871991556594,0.5,0.0,0.0,0.0014653306390054624,0.9999989264014828
1767222372.5193045,0.9147515054449052,0.907871991556594,0.5,0.0,0.0,0.0014653306390054624,0.9999989264014828
1767222372.5307875,0.9147515054449052,0.907871991556594,0.5,0.0,0.0,0.0014653306390054624,0.9999989264014828
1767222372.5392761,0.9147515054449052,0.907871991556594,0.5,0.0,0.0,0.0014653306390054624,0.9999989264014828
1767222372.5499926,0.9147515054449052,0.907871991556594,0.5,0.0,0.0,0.0014653306390054624,0.9999989264014828
1767222372.5593047,0.9147515054449052,0.907871991556594,0.5,0.0,0.0,0.0014653306390054624,0.9999989264014828
1767222372.5718026,0.9147515054449052,0.907871991556594,0.5,0.0,0.0,0.0014653306390054624,0.9999989264014828
1767222372.5793307,0.9147515054449052,0.907871991556594,0.5,0.0,0.0,0.0014653306390054624,0.9999989264014828
1767222372.5903797,0.9147515054449052,0.907871991556594,0.5,0.0,0.0,0.0014653306390054624,0.9999989264014828
1767222372.6009033,0.9147515054449052,0.907871991556594,0.5,0.0,0.0,0.0014653306390054624,0.9999989264014828
1767222372.6093447,0.9147515054449052,0.907871991556594,0.5,0.0,0.0,0.0014653306390054624,0.9999989264014828
1767222372.6193616,0.9147515054449052,0.907871991556594,0.5,0.0,0.0,0.0014653306390054624,0.9999989264014828
1767222372.6314282,0.9147515054449052,0.907871991556594,0.5,0.0,0.0,0.0014653306390054624,0.9999989264014828
1767222372.640399,0.9147515054449052,0.907871991556594,0.5,0.0,0.0,0.0014653306390054624,0.9999989264014828
1767222372.6493213,0.9147515054449052,0.907871991556594,0.5,0.0,0.0,0.0014653306390054624,0.9999989264014828
1767222372.6603022,0.9147515054449052,0.907871991556594,0.5,0.0,0.0,0.0014653306390054624,0.9999989264014828
1767222372.6708896,0.9147515054449052,0.907871991556594,0.5,0.0,0.0,0.0014653306390054624,0.9999989264014828
1767222372.6794796,0.9147515054449052,0.907871991556594,0.5,0.0,0.0,0.0014653306390054624,0.9999989264014828
1767222372.6897955,0.9147515054449052,0.907871991556594,0.5,0.0,0.0,0.0014653306390054624,0.9999989264014828
1767222372.700465,0.9147515054449052,0.907871991556594,0.5,0.0,0.0,0.0014653306390054624,0.9999989264014828
1767222372.7098184,0.9147515054449052,0.907871991556594,0.5,0.0,0.0,0.0014653306390054624,0.9999989264014828
1767222372.7193067,0.9147515054449052,0.907871991556594,0.5,0.0,0.0,0.0014653306390054624,0.9999989264014828
1767222372.7294195,0.9147515054449052,0.907871991556594,0.5,0.0,0.0,0.0014653306390054624,0.9999989264014828
1767222372.7393887,0.9147515054449052,0.907871991556594,0.5,0.0,0.0,0.0014653306390054624,0.9999989264014828
1767222372.750862,0.9147515054449052,0.907871991556594,0.5,0.0,0.0,0.0014653306390054624,0.9999989264014828
1767222372.7595975,0.9147515054449052,0.907871991556594,0.5,0.0,0.0,0.0014653306390054624,0.9999989264014828
1767222372.770376,0.9147515054449052,0.907871991556594,0.5,0.0,0.0,0.0014653306390054624,0.9999989264014828
1767222372.7792182,0.9147515054449052,0.907871991556594,0.5,0.0,0.0,0.0014653306390054624,0.9999989264014828
1767222372.7894328,0.9147515054449052,0.907871991556594,0.5,0.0,0.0,0.0014653306390054624,0.9999989264014828
1767222372.799967,0.9147515054449052,0.907871991556594,0.5,0.0,0.0,0.0014653306390054624,0.9999989264014828
1767222372.8098238,0.9147515054449052,0.907871991556594,0.5,0.0,0.0,0.0014653306390054624,0.9999989264014828
1767222372.8208938,0.9147515054449052,0.907871991556594,0.5,0.0,0.0,0.0014653306390054624,0.9999989264014828
1767222372.8290317,0.9147515054449052,0.907871991556594,0.5,0.0,0.0,0.0014653306390054624,0.9999989264014828
1767222372.8404837,0.9147515054449052,0.907871991556594,0.5,0.0,0.0,0.0014653306390054624,0.9999989264014828
1767222372.8504794,0.9147515054449052,0.907871991556594,0.5,0.0,0.0,0.0014653306390054624,0.9999989264014828
1767222372.8587065,0.9147515054449052,0.907871991556594,0.5,0.0,0.0,0.0014653306390054624,0.9999989264014828
1767222372.8694642,0.9147515054449052,0.907871991556594,0.5,0.0,0.0,0.0014653306390054624,0.9999989264014828
1767222372.880731,0.9147515054449052,0.907871991556594,0.5,0.0,0.0,0.0014653306390054624,0.9999989264014828
1767222372.891744,0.9147515054449052,0.907871991556594,0.5,0.0,0.0,0.0014653306390054624,0.9999989264014828
1767222372.900862,0.9147515054449052,0.907871991556594,0.5,0.0,0.0,0.0014653306390054624,0.9999989264014828
1767222372.9109447,0.9147515054449052,0.907871991556594,0.5,0.0,0.0,0.0014653306390054624,0.9999989264014828
1767222372.9224637,0.9147515054449052,0.907871991556594,0.5,0.0,0.0,0.0014653306390054624,0.9999989264014828
1767222372.9309807,0.9147515054449052,0.907871991556594,0.5,0.0,0.0,0.0014653306390054624,0.9999989264014828
1767222372.9393616,0.9147515054449052,0.907871991556594,0.5,0.0,0.0,0.0014653306390054624,0.9999989264014828
1767222372.950772,0.9147515054449052,0.907871991556594,0.5,0.0,0.0,0.0014653306390054624,0.9999989264014828
1767222372.9599972,0.9147515054449052,0.907871991556594,0.5,0.0,0.0,0.0014653306390054624,0.9999989264014828
1767222372.9697592,0.9147515054449052,0.907871991556594,0.5,0.0,0.0,0.0014653306390054624,0.9999989264014828
1767222372.979339,0.9147515054449052,0.907871991556594,0.5,0.0,0.0,0.0014653306390054624,0.9999989264014828
1767222372.9894648,0.9147515054449052,0.907871991556594,0.5,0.0,0.0,0.0014653306390054624,0.9999989264014828
1767222372.999645,0.9147515054449052,0.907871991556594,0.5,0.0,0.0,0.0014653306390054624,0.9999989264014828
1767222373.0095253,0.9147515054449052,0.907871991556594,0.5,0.0,0.0,0.0014653306390054624,0.9999989264014828
1767222373.0201864,0.9147515054449052,0.907871991556594,0.5,0.0,0.0,0.0014653306390054624,0.9999989264014828
1767222373.030793,0.9147515054449052,0.907871991556594,0.5,0.0,0.0,0.0014653306390054624,0.9999989264014828
1767222373.0394661,0.9147515054449052,0.907871991556594,0.5,0.0,0.0,0.0014653306390054624,0.9999989264014828
1767222373.0499296,0.9147515054449052,0.907871991556594,0.5,0.0,0.0,0.0014653306390054624,0.9999989264014828
1767222373.05934,0.9147515054449052,0.907871991556594,0.5,0.0,0.0,0.0014653306390054624,0.9999989264014828
1767222373.0704408,0.9147515054449052,0.907871991556594,0.5,0.0,0.0,0.0014653306390054624,0.9999989264014828
1767222373.0800102,0.9147515054449052,0.907871991556594,0.5,0.0,0.0,0.0014653306390054624,0.9999989264014828
1767222373.0906248,0.9147515054449052,0.907871991556594,0.5,0.0,0.0,0.0014653306390054624,0.9999989264014828
1767222373.0999315,0.9147515054449052,0.907871991556594,0.5,0.0,0.0,0.0014653306390054624,0.9999989264014828
1767222373.1104095,0.9147515054449052,0.907871991556594,0.5,0.0,0.0,0.0014653306390054624,0.9999989264014828
1767222373.120306,0.9147515054449052,0.907871991556594,0.5,0.0,0.0,0.0014653306390054624,0.9999989264014828
1767222373.1296592,0.9147515054449052,0.907871991556594,0.5,0.0,0.0,0.0014653306390054624,0.9999989264014828
1767222373.1403224,0.9147515054449052,0.907871991556594,0.5,0.0,0.0,0.0014653306390054624,0.9999989264014828
1767222373.1492496,0.9147515054449052,0.907871991556594,0.5,0.0,0.0,0.0014653306390054624,0.9999989264014828
1767222373.1603885,0.9147515054449052,0.907871991556594,0.5,0.0,0.0,0.0014653306390054624,0.9999989264014828
1767222373.1700485,0.9147515054449052,0.907871991556594,0.5,0.0,0.0,0.0014653306390054624,0.9999989264014828
1767222373.1791868,0.9147515054449052,0.907871991556594,0.5,0.0,0.0,0.0014653306390054624,0.9999989264014828
1767222373.1904225,0.9147515054449052,0.907871991556594,0.5,0.0,0.0,0.0014653306390054624,0.9999989264014828
1767222373.199127,0.9147515054449052,0.907871991556594,0.5,0.0,0.0,0.0014653306390054624,0.9999989264014828
1767222373.2103727,0.9147515054449052,0.907871991556594,0.5,0.0,0.0,0.0014653306390054624,0.9999989264014828
1767222373.219752,0.9147515054449052,0.907871991556594,0.5,0.0,0.0,0.0014653306390054624,0.9999989264014828
1767222373.230656,0.9147515054449052,0.907871991556594,0.5,0.0,0.0,0.0014653306390054624,0.9999989264014828
1767222373.240678,0.9147515054449052,0.907871991556594,0.5,0.0,0.0,0.0014653306390054624,0.9999989264014828
1767222373.2501683,0.9147515054449052,0.907871991556594,0.5,0.0,0.0,0.0014653306390054624,0.9999989264014828
1767222373.2595942,0.9147515054449052,0.907871991556594,0.5,0.0,0.0,0.0014653306390054624,0.9999989264014828
1767222373.2702005,0.9147515054449052,0.907871991556594,0.5,0.0,0.0,0.0014653306390054624,0.9999989264014828
1767222373.2800522,0.9147515054449052,0.907871991556594,0.5,0.0,0.0,0.0014653306390054624,0.9999989264014828
1767222373.291062,0.9147515054449052,0.907871991556594,0.5,0.0,0.0,0.0014653306390054624,0.9999989264014828
1767222373.3000112,0.9147515054449052,0.907871991556594,0.5,0.0,0.0,0.0014653306390054624,0.9999989264014828
1767222373.3100736,0.9147515054449052,0.907871991556594,0.5,0.0,0.0,0.0014653306390054624,0.9999989264014828
1767222373.32016,0.9147515054449052,0.907871991556594,0.5,0.0,0.0,0.0014653306390054624,0.9999989264014828
1767222373.330063,0.9147515054449052,0.907871991556594,0.5,0.0,0.0,0.0014653306390054624,0.9999989264014828
1767222373.340664,0.9147515054449052,0.907871991556594,0.5,0.0,0.0,0.0014653306390054624,0.9999989264014828
1767222373.3506002,0.9147515054449052,0.907871991556594,0.5,0.0,0.0,0.0014653306390054624,0.9999989264014828
1767222373.3591347,0.9147515054449052,0.907871991556594,0.5,0.0,0.0,0.0014653306390054624,0.9999989264014828
1767222373.3699846,0.9147515054449052,0.907871991556594,0.5,0.0,0.0,0.0014653306390054624,0.9999989264014828
1767222373.3799877,0.9147515054449052,0.907871991556594,0.5,0.0,0.0,0.0014653306390054624,0.9999989264014828
1767222373.3892128,0.9147515054449052,0.907871991556594,0.5,0.0,0.0,0.0014653306390054624,0.9999989264014828
1767222373.4000287,0.9147515054449052,0.907871991556594,0.5,0.0,0.0,0.0014653306390054624,0.9999989264014828
1767222373.410061,0.9147515054449052,0.907871991556594,0.5,0.0,0.0,0.0014653306390054624,0.9999989264014828
1767222373.4190173,0.9147515054449052,0.907871991556594,0.5,0.0,0.0,0.0014653306390054624,0.9999989264014828
1767222373.4301424,0.9147515054449052,0.907871991556594,0.5,0.0,0.0,0.0014653306390054624,0.9999989264014828
1767222373.439984,0.9147515054449052,0.907871991556594,0.5,0.0,0.0,0.0014653306390054624,0.9999989264014828
1767222373.4497693,0.9147515054449052,0.907871991556594,0.5,0.0,0.0,0.0014653306390054624,0.9999989264014828
1767222373.4604242,0.9147515054449052,0.907871991556594,0.5,0.0,0.0,0.0014653306390054624,0.9999989264014828
1767222373.470385,0.9147515054449052,0.907871991556594,0.5,0.0,0.0,0.0014653306390054624,0.9999989264014828
1767222373.480345,0.9147515054449052,0.907871991556594,0.5,0.0,0.0,0.0014653306390054624,0.9999989264014828
1767222373.4901025,0.9147515054449052,0.907871991556594,0.5,0.0,0.0,0.0014653306390054624,0.9999989264014828
1767222373.500575,0.9147515054449052,0.907871991556594,0.5,0.0,0.0,0.0014653306390054624,0.9999989264014828
1767222373.5113702,0.9147515054449052,0.907871991556594,0.5,0.0,0.0,0.0014653306390054624,0.9999989264014828
1767222373.520424,0.9147515054449052,0.907871991556594,0.5,0.0,0.0,0.0014653306390054624,0.9999989264014828
1767222373.530114,0.9147515054449052,0.907871991556594,0.5,0.0,0.0,0.0014653306390054624,0.9999989264014828
1767222373.540052,0.9147515054449052,0.907871991556594,0.5,0.0,0.0,0.0014653306390054624,0.9999989264014828
1767222373.550104,0.9147515054449052,0.907871991556594,0.5,0.0,0.0,0.0014653306390054624,0.9999989264014828
1767222373.5600147,0.9147515054449052,0.907871991556594,0.5,0.0,0.0,0.0014653306390054624,0.9999989264014828
1767222373.5707915,0.9147515054449052,0.907871991556594,0.5,0.0,0.0,0.0014653306390054624,0.9999989264014828
1767222373.579095,0.9147515054449052,0.907871991556594,0.5,0.0,0.0,0.0014653306390054624,0.9999989264014828
1767222373.590612,0.9147515054449052,0.907871991556594,0.5,0.0,0.0,0.0014653306390054624,0.9999989264014828
1767222373.6003623,0.9147515054449052,0.907871991556594,0.5,0.0,0.0,0.0014653306390054624,0.9999989264014828
1767222373.6099892,0.9147515054449052,0.907871991556594,0.5,0.0,0.0,0.0014653306390054624,0.9999989264014828
1767222373.6193652,0.9147515054449052,0.907871991556594,0.5,0.0,0.0,0.0014653306390054624,0.9999989264014828
1767222373.6296237,0.9147515054449052,0.907871991556594,0.5,0.0,0.0,0.0014653306390054624,0.9999989264014828
1767222373.6400528,0.9147515054449052,0.907871991556594,0.5,0.0,0.0,0.0014653306390054624,0.9999989264014828
1767222373.6500022,0.9147515054449052,0.907871991556594,0.5,0.0,0.0,0.0014653306390054624,0.9999989264014828
1767222373.6599224,0.9147515054449052,0.907871991556594,0.5,0.0,0.0,0.0014653306390054624,0.9999989264014828
1767222373.6690743,0.9147515054449052,0.907871991556594,0.5,0.0,0.0,0.0014653306390054624,0.9999989264014828
1767222373.6793883,0.9147515054449052,0.907871991556594,0.5,0.0,0.0,0.0014653306390054624,0.9999989264014828
1767222373.6921113,0.9147515054449052,0.907871991556594,0.5,0.0,0.0,0.0014653306390054624,0.9999989264014828
1767222373.6999729,0.9147515054449052,0.907871991556594,0.5,0.0,0.0,0.0014653306390054624,0.9999989264014828
1767222373.7101984,0.9147515054449052,0.907871991556594,0.5,0.0,0.0,0.0014653306390054624,0.9999989264014828
1767222373.7199094,0.9147515054449052,0.907871991556594,0.5,0.0,0.0,0.0014653306390054624,0.9999989264014828
1767222373.7298815,0.9147515054449052,0.907871991556594,0.5,0.0,0.0,0.0014653306390054624,0.9999989264014828
1767222373.739905,0.9147515054449052,0.907871991556594,0.5,0.0,0.0,0.0014653306390054624,0.9999989264014828
1767222373.7504349,0.9147515054449052,0.907871991556594,0.5,0.0,0.0,0.0014653306390054624,0.9999989264014828
1767222373.759949,0.9147515054449052,0.907871991556594,0.5,0.0,0.0,0.0014653306390054624,0.9999989264014828
1767222373.7706025,0.9147515054449052,0.907871991556594,0.5,0.0,0.0,0.0014653306390054624,0.9999989264014828
1767222373.780034,0.9147515054449052,0.907871991556594,0.5,0.0,0.0,0.0014653306390054624,0.9999989264014828
1767222373.7902136,0.9147515054449052,0.907871991556594,0.5,0.0,0.0,0.0014653306390054624,0.9999989264014828
1767222373.7991748,0.9147515054449052,0.907871991556594,0.5,0.0,0.0,0.0014653306390054624,0.9999989264014828
1767222373.8102043,0.9147515054449052,0.907871991556594,0.5,0.0,0.0,0.0014653306390054624,0.9999989264014828
1767222373.8195546,0.9147515054449052,0.907871991556594,0.5,0.0,0.0,0.0014653306390054624,0.9999989264014828
1767222373.8302586,0.9147515054449052,0.907871991556594,0.5,0.0,0.0,0.0014653306390054624,0.9999989264014828
1767222373.8402565,0.9147515054449052,0.907871991556594,0.5,0.0,0.0,0.0014653306390054624,0.9999989264014828
1767222373.8499818,0.9147515054449052,0.907871991556594,0.5,0.0,0.0,0.0014653306390054624,0.9999989264014828
1767222373.8597074,0.9147515054449052,0.907871991556594,0.5,0.0,0.0,0.0014653306390054624,0.9999989264014828
1767222373.870221,0.9147515054449052,0.907871991556594,0.5,0.0,0.0,0.0014653306390054624,0.9999989264014828
1767222373.879149,0.9147515054449052,0.907871991556594,0.5,0.0,0.0,0.0014653306390054624,0.9999989264014828
1767222373.88989,0.9147515054449052,0.907871991556594,0.5,0.0,0.0,0.0014653306390054624,0.9999989264014828
1767222373.8998885,0.9147515054449052,0.907871991556594,0.5,0.0,0.0,0.0014653306390054624,0.9999989264014828
1767222373.90901,0.9147515054449052,0.907871991556594,0.5,0.0,0.0,0.0014653306390054624,0.9999989264014828
1767222373.9199839,0.9147515054449052,0.907871991556594,0.5,0.0,0.0,0.0014653306390054624,0.9999989264014828
1767222373.9303586,0.9147515054449052,0.907871991556594,0.5,0.0,0.0,0.0014653306390054624,0.9999989264014828
1767222373.9391384,0.9147515054449052,0.907871991556594,0.5,0.0,0.0,0.0014653306390054624,0.9999989264014828
1767222373.9490778,0.9147515054449052,0.907871991556594,0.5,0.0,0.0,0.0014653306390054624,0.9999989264014828
1767222373.9598458,0.9147515054449052,0.907871991556594,0.5,0.0,0.0,0.0014653306390054624,0.9999989264014828
1767222373.9696121,0.9147515054449052,0.907871991556594,0.5,0.0,0.0,0.0014653306390054624,0.9999989264014828
1767222373.9791727,0.9147515054449052,0.907871991556594,0.5,0.0,0.0,0.0014653306390054624,0.9999989264014828
1767222373.9897952,0.9147515054449052,0.907871991556594,0.5,0.0,0.0,0.0014653306390054624,0.9999989264014828
1767222373.999165,0.9147515054449052,0.907871991556594,0.5,0.0,0.0,0.0014653306390054624,0.9999989264014828
1767222374.0113008,0.9147515054449052,0.907871991556594,0.5,0.0,0.0,0.0014653306390054624,0.9999989264014828
1767222374.0200849,0.9147515054449052,0.907871991556594,0.5,0.0,0.0,0.0014653306390054624,0.9999989264014828
1767222374.0291765,0.9147515054449052,0.907871991556594,0.5,0.0,0.0,0.0014653306390054624,0.9999989264014828
1767222374.0401523,0.9147515054449052,0.907871991556594,0.5,0.0,0.0,0.0014653306390054624,0.9999989264014828
1767222374.050082,0.9147515054449052,0.907871991556594,0.5,0.0,0.0,0.0014653306390054624,0.9999989264014828
1767222374.0601127,0.9147515054449052,0.907871991556594,0.5,0.0,0.0,0.0014653306390054624,0.9999989264014828
1767222374.0705826,0.9147515054449052,0.907871991556594,0.5,0.0,0.0,0.0014653306390054624,0.9999989264014828
1767222374.0796545,0.9147515054449052,0.907871991556594,0.5,0.0,0.0,0.0014653306390054624,0.9999989264014828
1767222374.089809,0.9147515054449052,0.907871991556594,0.5,0.0,0.0,0.0014653306390054624,0.9999989264014828
1767222374.099768,0.9147515054449052,0.907871991556594,0.5,0.0,0.0,0.0014653306390054624,0.9999989264014828
1767222374.1108468,0.9147515054449052,0.907871991556594,0.5,0.0,0.0,0.0014653306390054624,0.9999989264014828
1767222374.1191993,0.9147515054449052,0.907871991556594,0.5,0.0,0.0,0.0014653306390054624,0.9999989264014828
1767222374.130081,0.9147515054449052,0.907871991556594,0.5,0.0,0.0,0.0014653306390054624,0.9999989264014828
1767222374.1399758,0.9147515054449052,0.907871991556594,0.5,0.0,0.0,0.0014653306390054624,0.9999989264014828
1767222374.1504033,0.9147515054449052,0.907871991556594,0.5,0.0,0.0,0.0014653306390054624,0.9999989264014828
1767222374.1605504,0.9147515054449052,0.907871991556594,0.5,0.0,0.0,0.0014653306390054624,0.9999989264014828
1767222374.1697598,0.9147515054449052,0.907871991556594,0.5,0.0,0.0,0.0014653306390054624,0.9999989264014828
1767222374.180103,0.9147515054449052,0.907871991556594,0.5,0.0,0.0,0.0014653306390054624,0.9999989264014828
1767222374.1894894,0.9147515054449052,0.907871991556594,0.5,0.0,0.0,0.0014653306390054624,0.9999989264014828
1767222374.2003715,0.9147515054449052,0.907871991556594,0.5,0.0,0.0,0.0014653306390054624,0.9999989264014828
1767222374.2093575,0.9147515054449052,0.907871991556594,0.5,0.0,0.0,0.0014653306390054624,0.9999989264014828
1767222374.2193084,0.9147515054449052,0.907871991556594,0.5,0.0,0.0,0.0014653306390054624,0.9999989264014828
1767222374.229178,0.9147515054449052,0.907871991556594,0.5,0.0,0.0,0.0014653306390054624,0.9999989264014828
1767222374.239075,0.9147515054449052,0.907871991556594,0.5,0.0,0.0,0.0014653306390054624,0.9999989264014828
1767222374.2503507,0.9147515054449052,0.907871991556594,0.5,0.0,0.0,0.0014653306390054624,0.9999989264014828
1767222374.26036,0.9147515054449052,0.907871991556594,0.5,0.0,0.0,0.0014653306390054624,0.9999989264014828
1767222374.2700644,0.9147515054449052,0.907871991556594,0.5,0.0,0.0,0.0014653306390054624,0.9999989264014828
1767222374.2808106,0.9147515054449052,0.907871991556594,0.5,0.0,0.0,0.0014653306390054624,0.9999989264014828
1767222374.290288,0.9147515054449052,0.907871991556594,0.5,0.0,0.0,0.0014653306390054624,0.9999989264014828
1767222374.3000066,0.9147515054449052,0.907871991556594,0.5,0.0,0.0,0.0014653306390054624,0.9999989264014828
1767222374.3103354,0.9147515054449052,0.907871991556594,0.5,0.0,0.0,0.0014653306390054624,0.9999989264014828
1767222374.319891,0.9147515054449052,0.907871991556594,0.5,0.0,0.0,0.0014653306390054624,0.9999989264014828
1767222374.3303435,0.9147515054449052,0.907871991556594,0.5,0.0,0.0,0.0014653306390054624,0.9999989264014828
1767222374.3391316,0.9147515054449052,0.907871991556594,0.5,0.0,0.0,0.0014653306390054624,0.9999989264014828
1767222374.349126,0.9147515054449052,0.907871991556594,0.5,0.0,0.0,0.0014653306390054624,0.9999989264014828
1767222374.3594532,0.9147515054449052,0.907871991556594,0.5,0.0,0.0,0.0014653306390054624,0.9999989264014828
1767222374.37012,0.9147515054449052,0.907871991556594,0.5,0.0,0.0,0.0014653306390054624,0.9999989264014828
1767222374.3799145,0.9147515054449052,0.907871991556594,0.5,0.0,0.0,0.0014653306390054624,0.9999989264014828
1767222374.3901067,0.9147515054449052,0.907871991556594,0.5,0.0,0.0,0.0014653306390054624,0.9999989264014828
1767222374.400242,0.9147515054449052,0.907871991556594,0.5,0.0,0.0,0.0014653306390054624,0.9999989264014828
1767222374.4110126,0.9147515054449052,0.907871991556594,0.5,0.0,0.0,0.0014653306390054624,0.9999989264014828
1767222374.4199045,0.9147515054449052,0.907871991556594,0.5,0.0,0.0,0.0014653306390054624,0.9999989264014828
1767222374.4302502,0.9147515054449052,0.907871991556594,0.5,0.0,0.0,0.0014653306390054624,0.9999989264014828
1767222374.4393716,0.9147515054449052,0.907871991556594,0.5,0.0,0.0,0.0014653306390054624,0.9999989264014828
1767222374.4506447,0.9147515054449052,0.907871991556594,0.5,0.0,0.0,0.0014653306390054624,0.9999989264014828
1767222374.4600987,0.9147515054449052,0.907871991556594,0.5,0.0,0.0,0.0014653306390054624,0.9999989264014828
1767222374.470347,0.9147515054449052,0.907871991556594,0.5,0.0,0.0,0.0014653306390054624,0.9999989264014828
1767222374.4792094,0.9147515054449052,0.907871991556594,0.5,0.0,0.0,0.0014653306390054624,0.9999989264014828
1767222374.4901767,0.9147515054449052,0.907871991556594,0.5,0.0,0.0,0.0014653306390054624,0.9999989264014828
1767222374.4991128,0.9147515054449052,0.907871991556594,0.5,0.0,0.0,0.0014653306390054624,0.9999989264014828
1767222374.5102084,0.9147515054449052,0.907871991556594,0.5,0.0,0.0,0.0014653306390054624,0.9999989264014828
1767222374.519776,0.9147515054449052,0.907871991556594,0.5,0.0,0.0,0.0014653306390054624,0.9999989264014828
1767222374.530059,0.9147515054449052,0.907871991556594,0.5,0.0,0.0,0.0014653306390054624,0.9999989264014828
1767222374.5399427,0.9147515054449052,0.907871991556594,0.5,0.0,0.0,0.0014653306390054624,0.9999989264014828
1767222374.5494728,0.9147515054449052,0.907871991556594,0.5,0.0,0.0,0.0014653306390054624,0.9999989264014828
1767222374.5601542,0.9147515054449052,0.907871991556594,0.5,0.0,0.0,0.0014653306390054624,0.9999989264014828
1767222374.5700855,0.9147515054449052,0.907871991556594,0.5,0.0,0.0,0.0014653306390054624,0.9999989264014828
1767222374.579939,0.9147515054449052,0.907871991556594,0.5,0.0,0.0,0.0014653306390054624,0.9999989264014828
1767222374.589849,0.9147515054449052,0.907871991556594,0.5,0.0,0.0,0.0014653306390054624,0.9999989264014828
1767222374.6003735,0.9147515054449052,0.907871991556594,0.5,0.0,0.0,0.0014653306390054624,0.9999989264014828
1767222374.6101096,0.9147515054449052,0.907871991556594,0.5,0.0,0.0,0.0014653306390054624,0.9999989264014828
1767222374.6198575,0.9147515054449052,0.907871991556594,0.5,0.0,0.0,0.0014653306390054624,0.9999989264014828
1767222374.6293213,0.9147515054449052,0.907871991556594,0.5,0.0,0.0,0.0014653306390054624,0.9999989264014828
1767222374.639869,0.9147515054449052,0.907871991556594,0.5,0.0,0.0,0.0014653306390054624,0.9999989264014828
1767222374.6503139,0.9147515054449052,0.907871991556594,0.5,0.0,0.0,0.0014653306390054624,0.9999989264014828
1767222374.659801,0.9147515054449052,0.907871991556594,0.5,0.0,0.0,0.0014653306390054624,0.9999989264014828
1767222374.6700394,0.9147515054449052,0.907871991556594,0.5,0.0,0.0,0.0014653306390054624,0.9999989264014828
1767222374.680024,0.9147515054449052,0.907871991556594,0.5,0.0,0.0,0.0014653306390054624,0.9999989264014828
1767222374.6904051,0.9147515054449052,0.907871991556594,0.5,0.0,0.0,0.0014653306390054624,0.9999989264014828
1767222374.7005274,0.9147515054449052,0.907871991556594,0.5,0.0,0.0,0.0014653306390054624,0.9999989264014828
1767222374.709974,0.9147515054449052,0.907871991556594,0.5,0.0,0.0,0.0014653306390054624,0.9999989264014828
1767222374.7200463,0.9147515054449052,0.907871991556594,0.5,0.0,0.0,0.0014653306390054624,0.9999989264014828
1767222374.7298472,0.9147515054449052,0.907871991556594,0.5,0.0,0.0,0.0014653306390054624,0.9999989264014828
1767222374.7403061,0.9147515054449052,0.907871991556594,0.5,0.0,0.0,0.0014653306390054624,0.9999989264014828
1767222374.7491546,0.9147515054449052,0.907871991556594,0.5,0.0,0.0,0.0014653306390054624,0.9999989264014828
1767222374.759012,0.9147515054449052,0.907871991556594,0.5,0.0,0.0,0.0014653306390054624,0.9999989264014828
1767222374.7690027,0.9147515054449052,0.907871991556594,0.5,0.0,0.0,0.0014653306390054624,0.9999989264014828
1767222374.7799041,0.9147515054449052,0.907871991556594,0.5,0.0,0.0,0.0014653306390054624,0.9999989264014828
1767222374.7899628,0.9147515054449052,0.907871991556594,0.5,0.0,0.0,0.0014653306390054624,0.9999989264014828
1767222374.799909,0.9147515054449052,0.907871991556594,0.5,0.0,0.0,0.0014653306390054624,0.9999989264014828
1767222374.8112106,0.9147515054449052,0.907871991556594,0.5,0.0,0.0,0.0014653306390054624,0.9999989264014828
1767222374.8201137,0.9147515054449052,0.907871991556594,0.5,0.0,0.0,0.0014653306390054624,0.9999989264014828
1767222374.829138,0.9147515054449052,0.907871991556594,0.5,0.0,0.0,0.0014653306390054624,0.9999989264014828
1767222374.8403528,0.9147515054449052,0.907871991556594,0.5,0.0,0.0,0.0014653306390054624,0.9999989264014828
1767222374.8502524,0.9147515054449052,0.907871991556594,0.5,0.0,0.0,0.0014653306390054624,0.9999989264014828
1767222374.859074,0.9147515054449052,0.907871991556594,0.5,0.0,0.0,0.0014653306390054624,0.9999989264014828
1767222374.8700893,0.9147515054449052,0.907871991556594,0.5,0.0,0.0,0.0014653306390054624,0.9999989264014828
1767222374.879849,0.9147515054449052,0.907871991556594,0.5,0.0,0.0,0.0014653306390054624,0.9999989264014828
1767222374.8899913,0.9147515054449052,0.907871991556594,0.5,0.0,0.0,0.0014653306390054624,0.9999989264014828
1767222374.9004626,0.9147515054449052,0.907871991556594,0.5,0.0,0.0,0.0014653306390054624,0.9999989264014828
1767222374.9099422,0.9147515054449052,0.907871991556594,0.5,0.0,0.0,0.0014653306390054624,0.9999989264014828
1767222374.9201348,0.9147515054449052,0.907871991556594,0.5,0.0,0.0,0.0014653306390054624,0.9999989264014828
1767222374.9302273,0.9147515054449052,0.907871991556594,0.5,0.0,0.0,0.0014653306390054624,0.9999989264014828
1767222374.940005,0.9147515054449052,0.907871991556594,0.5,0.0,0.0,0.0014653306390054624,0.9999989264014828
1767222374.950276,0.9147515054449052,0.907871991556594,0.5,0.0,0.0,0.0014653306390054624,0.9999989264014828
1767222374.959747,0.9147515054449052,0.907871991556594,0.5,0.0,0.0,0.0014653306390054624,0.9999989264014828
1767222374.9690974,0.9147515054449052,0.907871991556594,0.5,0.0,0.0,0.0014653306390054624,0.9999989264014828
1767222374.9793396,0.9147515054449052,0.907871991556594,0.5,0.0,0.0,0.0014653306390054624,0.9999989264014828
1767222374.991019,0.9147515054449052,0.907871991556594,0.5,0.0,0.0,0.0014653306390054624,0.9999989264014828
1767222374.9991858,0.9147515054449052,0.907871991556594,0.5,0.0,0.0,0.0014653306390054624,0.9999989264014828
1767222375.0099766,0.9147515054449052,0.907871991556594,0.5,0.0,0.0,0.0014653306390054624,0.9999989264014828
1767222375.020117,0.9147515054449052,0.907871991556594,0.5,0.0,0.0,0.0014653306390054624,0.9999989264014828
1767222375.0308056,0.9147515054449052,0.907871991556594,0.5,0.0,0.0,0.0014653306390054624,0.9999989264014828
1767222375.039977,0.9147515054449052,0.907871991556594,0.5,0.0,0.0,0.0014653306390054624,0.9999989264014828
1767222375.0502412,0.9147515054449052,0.907871991556594,0.5,0.0,0.0,0.0014653306390054624,0.9999989264014828
1767222375.0599165,0.9147515054449052,0.907871991556594,0.5,0.0,0.0,0.0014653306390054624,0.9999989264014828
1767222375.0703576,0.9147515054449052,0.907871991556594,0.5,0.0,0.0,0.0014653306390054624,0.9999989264014828
1767222375.0791843,0.9147515054449052,0.907871991556594,0.5,0.0,0.0,0.0014653306390054624,0.9999989264014828
1767222375.0899274,0.9147515054449052,0.907871991556594,0.5,0.0,0.0,0.0014653306390054624,0.9999989264014828
1767222375.1018531,0.9147515054449052,0.907871991556594,0.5,0.0,0.0,0.0014653306390054624,0.9999989264014828
1767222375.1118193,0.9147515054449052,0.907871991556594,0.5,0.0,0.0,0.0014653306390054624,0.9999989264014828
1767222375.120059,0.9147515054449052,0.907871991556594,0.5,0.0,0.0,0.0014653306390054624,0.9999989264014828
1767222375.1306434,0.9147515054449052,0.907871991556594,0.5,0.0,0.0,0.0014653306390054624,0.9999989264014828
1767222375.1397111,0.9147515054449052,0.907871991556594,0.5,0.0,0.0,0.0014653306390054624,0.9999989264014828
1767222375.1502826,0.9147515054449052,0.907871991556594,0.5,0.0,0.0,0.0014653306390054624,0.9999989264014828
1767222375.1602633,0.9147515054449052,0.907871991556594,0.5,0.0,0.0,0.0014653306390054624,0.9999989264014828
1767222375.1701255,0.9147515054449052,0.907871991556594,0.5,0.0,0.0,0.0014653306390054624,0.9999989264014828
1767222375.180914,0.9147515054449052,0.907871991556594,0.5,0.0,0.0,0.0014653306390054624,0.9999989264014828
1767222375.1904633,0.9147515054449052,0.907871991556594,0.5,0.0,0.0,0.0014653306390054624,0.9999989264014828
1767222375.1986527,0.9147515054449052,0.907871991556594,0.5,0.0,0.0,0.0014653306390054624,0.9999989264014828
1767222375.2109349,0.9147515054449052,0.907871991556594,0.5,0.0,0.0,0.0014653306390054624,0.9999989264014828
1767222375.219832,0.9147515054449052,0.907871991556594,0.5,0.0,0.0,0.0014653306390054624,0.9999989264014828
1767222375.2300284,0.9147515054449052,0.907871991556594,0.5,0.0,0.0,0.0014653306390054624,0.9999989264014828
1767222375.240242,0.9147515054449052,0.907871991556594,0.5,0.0,0.0,0.0014653306390054624,0.9999989264014828
1767222375.2499995,0.9147515054449052,0.907871991556594,0.5,0.0,0.0,0.0014653306390054624,0.9999989264014828
1767222375.2600098,0.9147515054449052,0.907871991556594,0.5,0.0,0.0,0.0014653306390054624,0.9999989264014828
1767222375.2701883,0.9147515054449052,0.907871991556594,0.5,0.0,0.0,0.0014653306390054624,0.9999989264014828
1767222375.279891,0.9147515054449052,0.907871991556594,0.5,0.0,0.0,0.0014653306390054624,0.9999989264014828
1767222375.2904136,0.9147515054449052,0.907871991556594,0.5,0.0,0.0,0.0014653306390054624,0.9999989264014828
1767222375.299715,0.9147515054449052,0.907871991556594,0.5,0.0,0.0,0.0014653306390054624,0.9999989264014828
1767222375.3098853,0.9147515054449052,0.907871991556594,0.5,0.0,0.0,0.0014653306390054624,0.9999989264014828
1767222375.3191433,0.9147515054449052,0.907871991556594,0.5,0.0,0.0,0.0014653306390054624,0.9999989264014828
1767222375.330062,0.9147515054449052,0.907871991556594,0.5,0.0,0.0,0.0014653306390054624,0.9999989264014828
1767222375.3400555,0.9147515054449052,0.907871991556594,0.5,0.0,0.0,0.0014653306390054624,0.9999989264014828
1767222375.349666,0.9147515054449052,0.907871991556594,0.5,0.0,0.0,0.0014653306390054624,0.9999989264014828
1767222375.3596087,0.9147515054449052,0.907871991556594,0.5,0.0,0.0,0.0014653306390054624,0.9999989264014828
1767222375.3699932,0.9147515054449052,0.907871991556594,0.5,0.0,0.0,0.0014653306390054624,0.9999989264014828
1767222375.3801887,0.9147515054449052,0.907871991556594,0.5,0.0,0.0,0.0014653306390054624,0.9999989264014828
1767222375.3901942,0.9147515054449052,0.907871991556594,0.5,0.0,0.0,0.0014653306390054624,0.9999989264014828
1767222375.399131,0.9147515054449052,0.907871991556594,0.5,0.0,0.0,0.0014653306390054624,0.9999989264014828
1767222375.4101682,0.9147515054449052,0.907871991556594,0.5,0.0,0.0,0.0014653306390054624,0.9999989264014828
1767222375.4205608,0.9147515054449052,0.907871991556594,0.5,0.0,0.0,0.0014653306390054624,0.9999989264014828
1767222375.430505,0.9147515054449052,0.907871991556594,0.5,0.0,0.0,0.0014653306390054624,0.9999989264014828
1767222375.4401016,0.9147515054449052,0.907871991556594,0.5,0.0,0.0,0.0014653306390054624,0.9999989264014828
1767222375.45007,0.9147515054449052,0.907871991556594,0.5,0.0,0.0,0.0014653306390054624,0.9999989264014828
1767222375.4597983,0.9147515054449052,0.907871991556594,0.5,0.0,0.0,0.0014653306390054624,0.9999989264014828
1767222375.4699755,0.9147515054449052,0.907871991556594,0.5,0.0,0.0,0.0014653306390054624,0.9999989264014828
1767222375.4798393,0.9147515054449052,0.907871991556594,0.5,0.0,0.0,0.0014653306390054624,0.9999989264014828
1767222375.4897923,0.9147515054449052,0.907871991556594,0.5,0.0,0.0,0.0014653306390054624,0.9999989264014828
1767222375.499973,0.9147515054449052,0.907871991556594,0.5,0.0,0.0,0.0014653306390054624,0.9999989264014828
1767222375.5111194,0.9147515054449052,0.907871991556594,0.5,0.0,0.0,0.0014653306390054624,0.9999989264014828
1767222375.5194058,0.9147515054449052,0.907871991556594,0.5,0.0,0.0,0.0014653306390054624,0.9999989264014828
1767222375.5317822,0.9147515054449052,0.907871991556594,0.5,0.0,0.0,0.0014653306390054624,0.9999989264014828
1767222375.5390198,0.9147515054449052,0.907871991556594,0.5,0.0,0.0,0.0014653306390054624,0.9999989264014828
1767222375.549689,0.9147515054449052,0.907871991556594,0.5,0.0,0.0,0.0014653306390054624,0.9999989264014828
1767222375.5596998,0.9147515054449052,0.907871991556594,0.5,0.0,0.0,0.0014653306390054624,0.9999989264014828
1767222375.5697613,0.9147515054449052,0.907871991556594,0.5,0.0,0.0,0.0014653306390054624,0.9999989264014828
1767222375.5796387,0.9147515054449052,0.907871991556594,0.5,0.0,0.0,0.0014653306390054624,0.9999989264014828
1767222375.5897934,0.9147515054449052,0.907871991556594,0.5,0.0,0.0,0.0014653306390054624,0.9999989264014828
1767222375.5990994,0.9147515054449052,0.907871991556594,0.5,0.0,0.0,0.0014653306390054624,0.9999989264014828
1767222375.6095963,0.9147515054449052,0.907871991556594,0.5,0.0,0.0,0.0014653306390054624,0.9999989264014828
1767222375.6200426,0.9147515054449052,0.907871991556594,0.5,0.0,0.0,0.0014653306390054624,0.9999989264014828
1767222375.6297188,0.9147515054449052,0.907871991556594,0.5,0.0,0.0,0.0014653306390054624,0.9999989264014828
1767222375.6400962,0.9147515054449052,0.907871991556594,0.5,0.0,0.0,0.0014653306390054624,0.9999989264014828
1767222375.6497066,0.9147515054449052,0.907871991556594,0.5,0.0,0.0,0.0014653306390054624,0.9999989264014828
1767222375.6597853,0.9147515054449052,0.907871991556594,0.5,0.0,0.0,0.0014653306390054624,0.9999989264014828
1767222375.6697557,0.9147515054449052,0.907871991556594,0.5,0.0,0.0,0.0014653306390054624,0.9999989264014828
1767222375.6796484,0.9147515054449052,0.907871991556594,0.5,0.0,0.0,0.0014653306390054624,0.9999989264014828
1767222375.6901803,0.9147515054449052,0.907871991556594,0.5,0.0,0.0,0.0014653306390054624,0.9999989264014828
1767222375.699982,0.9147515054449052,0.907871991556594,0.5,0.0,0.0,0.0014653306390054624,0.9999989264014828
1767222375.7106159,0.9147515054449052,0.907871991556594,0.5,0.0,0.0,0.0014653306390054624,0.9999989264014828
1767222375.718929,0.9147515054449052,0.907871991556594,0.5,0.0,0.0,0.0014653306390054624,0.9999989264014828
1767222375.7301402,0.9147515054449052,0.907871991556594,0.5,0.0,0.0,0.0014653306390054624,0.9999989264014828
1767222375.7399375,0.9147515054449052,0.907871991556594,0.5,0.0,0.0,0.0014653306390054624,0.9999989264014828
1767222375.7499177,0.9147515054449052,0.907871991556594,0.5,0.0,0.0,0.0014653306390054624,0.9999989264014828
1767222375.7601917,0.9147515054449052,0.907871991556594,0.5,0.0,0.0,0.0014653306390054624,0.9999989264014828
1767222375.7692893,0.9147515054449052,0.907871991556594,0.5,0.0,0.0,0.0014653306390054624,0.9999989264014828
1767222375.779504,0.9147515054449052,0.907871991556594,0.5,0.0,0.0,0.0014653306390054624,0.9999989264014828
1767222375.7899642,0.9147515054449052,0.907871991556594,0.5,0.0,0.0,0.0014653306390054624,0.9999989264014828
1767222375.8003483,0.9147515054449052,0.907871991556594,0.5,0.0,0.0,0.0014653306390054624,0.9999989264014828
1767222375.8098931,0.9147515054449052,0.907871991556594,0.5,0.0,0.0,0.0014653306390054624,0.9999989264014828
1767222375.8199897,0.9147515054449052,0.907871991556594,0.5,0.0,0.0,0.0014653306390054624,0.9999989264014828
1767222375.8296912,0.9147515054449052,0.907871991556594,0.5,0.0,0.0,0.0014653306390054624,0.9999989264014828
1767222375.8398328,0.9147515054449052,0.907871991556594,0.5,0.0,0.0,0.0014653306390054624,0.9999989264014828
1767222375.8502061,0.9147515054449052,0.907871991556594,0.5,0.0,0.0,0.0014653306390054624,0.9999989264014828
1767222375.8595414,0.9147515054449052,0.907871991556594,0.5,0.0,0.0,0.0014653306390054624,0.9999989264014828
1767222375.8698053,0.9147515054449052,0.907871991556594,0.5,0.0,0.0,0.0014653306390054624,0.9999989264014828
1767222375.8797731,0.9147515054449052,0.907871991556594,0.5,0.0,0.0,0.0014653306390054624,0.9999989264014828
1767222375.890472,0.9147515054449052,0.907871991556594,0.5,0.0,0.0,0.0014653306390054624,0.9999989264014828
1767222375.900052,0.9147515054449052,0.907871991556594,0.5,0.0,0.0,0.0014653306390054624,0.9999989264014828
1767222375.9109237,0.9147515054449052,0.907871991556594,0.5,0.0,0.0,0.0014653306390054624,0.9999989264014828
1767222375.9191134,0.9147515054449052,0.907871991556594,0.5,0.0,0.0,0.0014653306390054624,0.9999989264014828
1767222375.9309845,0.9147515054449052,0.907871991556594,0.5,0.0,0.0,0.0014653306390054624,0.9999989264014828
1767222375.9394295,0.9147515054449052,0.907871991556594,0.5,0.0,0.0,0.0014653306390054624,0.9999989264014828
1767222375.9491355,0.9147515054449052,0.907871991556594,0.5,0.0,0.0,0.0014653306390054624,0.9999989264014828
1767222375.9591892,0.9147515054449052,0.907871991556594,0.5,0.0,0.0,0.0014653306390054624,0.9999989264014828
1767222375.9700575,0.9147515054449052,0.907871991556594,0.5,0.0,0.0,0.0014653306390054624,0.9999989264014828
1767222375.9800844,0.9147515054449052,0.907871991556594,0.5,0.0,0.0,0.0014653306390054624,0.9999989264014828
1767222375.9895673,0.9147515054449052,0.907871991556594,0.5,0.0,0.0,0.0014653306390054624,0.9999989264014828
1767222375.999852,0.9147515054449052,0.907871991556594,0.5,0.0,0.0,0.0014653306390054624,0.9999989264014828
1767222376.0103703,0.9147515054449052,0.907871991556594,0.5,0.0,0.0,0.0014653306390054624,0.9999989264014828
1767222376.0200822,0.9147515054449052,0.907871991556594,0.5,0.0,0.0,0.0014653306390054624,0.9999989264014828
1767222376.0293674,0.9147515054449052,0.907871991556594,0.5,0.0,0.0,0.0014653306390054624,0.9999989264014828
1767222376.0396533,0.9147515054449052,0.907871991556594,0.5,0.0,0.0,0.0014653306390054624,0.9999989264014828
1767222376.0504258,0.9147515054449052,0.907871991556594,0.5,0.0,0.0,0.0014653306390054624,0.9999989264014828
1767222376.0599387,0.9147515054449052,0.907871991556594,0.5,0.0,0.0,0.0014653306390054624,0.9999989264014828
1767222376.0704668,0.9147515054449052,0.907871991556594,0.5,0.0,0.0,0.0014653306390054624,0.9999989264014828
1767222376.0802305,0.9147515054449052,0.907871991556594,0.5,0.0,0.0,0.0014653306390054624,0.9999989264014828
1767222376.089865,0.9147515054449052,0.907871991556594,0.5,0.0,0.0,0.0014653306390054624,0.9999989264014828
1767222376.1001575,0.9147515054449052,0.907871991556594,0.5,0.0,0.0,0.0014653306390054624,0.9999989264014828
1767222376.1102633,0.9147515054449052,0.907871991556594,0.5,0.0,0.0,0.0014653306390054624,0.9999989264014828
1767222376.12002,0.9147515054449052,0.907871991556594,0.5,0.0,0.0,0.0014653306390054624,0.9999989264014828
1767222376.129075,0.9147515054449052,0.907871991556594,0.5,0.0,0.0,0.0014653306390054624,0.9999989264014828
1767222376.1400754,0.9147515054449052,0.907871991556594,0.5,0.0,0.0,0.0014653306390054624,0.9999989264014828
1767222376.1501658,0.9147515054449052,0.907871991556594,0.5,0.0,0.0,0.0014653306390054624,0.9999989264014828
1767222376.159695,0.9147515054449052,0.907871991556594,0.5,0.0,0.0,0.0014653306390054624,0.9999989264014828
1767222376.1701877,0.9147515054449052,0.907871991556594,0.5,0.0,0.0,0.0014653306390054624,0.9999989264014828
1767222376.1798925,0.9147515054449052,0.907871991556594,0.5,0.0,0.0,0.0014653306390054624,0.9999989264014828
1767222376.1900191,0.9147515054449052,0.907871991556594,0.5,0.0,0.0,0.0014653306390054624,0.9999989264014828
1767222376.1991098,0.9147515054449052,0.907871991556594,0.5,0.0,0.0,0.0014653306390054624,0.9999989264014828
1767222376.2106304,0.9147515054449052,0.907871991556594,0.5,0.0,0.0,0.0014653306390054624,0.9999989264014828
1767222376.2199183,0.9147515054449052,0.907871991556594,0.5,0.0,0.0,0.0014653306390054624,0.9999989264014828
1767222376.2304018,0.9147515054449052,0.907871991556594,0.5,0.0,0.0,0.0014653306390054624,0.9999989264014828
1767222376.2388275,0.9147515054449052,0.907871991556594,0.5,0.0,0.0,0.0014653306390054624,0.9999989264014828
1767222376.2504377,0.9147515054449052,0.907871991556594,0.5,0.0,0.0,0.0014653306390054624,0.9999989264014828
1767222376.2602203,0.9147515054449052,0.907871991556594,0.5,0.0,0.0,0.0014653306390054624,0.9999989264014828
1767222376.2700324,0.9147515054449052,0.907871991556594,0.5,0.0,0.0,0.0014653306390054624,0.9999989264014828
1767222376.2800636,0.9147515054449052,0.907871991556594,0.5,0.0,0.0,0.0014653306390054624,0.9999989264014828
1767222376.289174,0.9147515054449052,0.907871991556594,0.5,0.0,0.0,0.0014653306390054624,0.9999989264014828
1767222376.3007035,0.9147515054449052,0.907871991556594,0.5,0.0,0.0,0.0014653306390054624,0.9999989264014828
1767222376.3118474,0.9147515054449052,0.907871991556594,0.5,0.0,0.0,0.0014653306390054624,0.9999989264014828
1767222376.3195,0.9147515054449052,0.907871991556594,0.5,0.0,0.0,0.0014653306390054624,0.9999989264014828
1767222376.3308208,0.9147515054449052,0.907871991556594,0.5,0.0,0.0,0.0014653306390054624,0.9999989264014828
1767222376.3390589,0.9147515054449052,0.907871991556594,0.5,0.0,0.0,0.0014653306390054624,0.9999989264014828
1767222376.350517,0.9147515054449052,0.907871991556594,0.5,0.0,0.0,0.0014653306390054624,0.9999989264014828
1767222376.3601081,0.9147515054449052,0.907871991556594,0.5,0.0,0.0,0.0014653306390054624,0.9999989264014828
1767222376.369913,0.9147515054449052,0.907871991556594,0.5,0.0,0.0,0.0014653306390054624,0.9999989264014828
1767222376.3799245,0.9147515054449052,0.907871991556594,0.5,0.0,0.0,0.0014653306390054624,0.9999989264014828
1767222376.3905683,0.9147515054449052,0.907871991556594,0.5,0.0,0.0,0.0014653306390054624,0.9999989264014828
1767222376.4002845,0.9147515054449052,0.907871991556594,0.5,0.0,0.0,0.0014653306390054624,0.9999989264014828
1767222376.410575,0.9147515054449052,0.907871991556594,0.5,0.0,0.0,0.0014653306390054624,0.9999989264014828
1767222376.4200058,0.9147515054449052,0.907871991556594,0.5,0.0,0.0,0.0014653306390054624,0.9999989264014828
1767222376.430049,0.9147515054449052,0.907871991556594,0.5,0.0,0.0,0.0014653306390054624,0.9999989264014828
1767222376.4390974,0.9147515054449052,0.907871991556594,0.5,0.0,0.0,0.0014653306390054624,0.9999989264014828
1767222376.4503095,0.9147515054449052,0.907871991556594,0.5,0.0,0.0,0.0014653306390054624,0.9999989264014828
1767222376.4592915,0.9147515054449052,0.907871991556594,0.5,0.0,0.0,0.0014653306390054624,0.9999989264014828
1767222376.4703872,0.9147515054449052,0.907871991556594,0.5,0.0,0.0,0.0014653306390054624,0.9999989264014828
1767222376.480252,0.9147515054449052,0.907871991556594,0.5,0.0,0.0,0.0014653306390054624,0.9999989264014828
1767222376.4906635,0.9147515054449052,0.907871991556594,0.5,0.0,0.0,0.0014653306390054624,0.9999989264014828
1767222376.4991488,0.9147515054449052,0.907871991556594,0.5,0.0,0.0,0.0014653306390054624,0.9999989264014828
1767222376.5116928,0.9147515054449052,0.907871991556594,0.5,0.0,0.0,0.0014653306390054624,0.9999989264014828
1767222376.5206695,0.9147515054449052,0.907871991556594,0.5,0.0,0.0,0.0014653306390054624,0.9999989264014828
1767222376.5298636,0.9147515054449052,0.907871991556594,0.5,0.0,0.0,0.0014653306390054624,0.9999989264014828
1767222376.5400457,0.9147515054449052,0.907871991556594,0.5,0.0,0.0,0.0014653306390054624,0.9999989264014828
1767222376.5501177,0.9147515054449052,0.907871991556594,0.5,0.0,0.0,0.0014653306390054624,0.9999989264014828
1767222376.5603435,0.9147515054449052,0.907871991556594,0.5,0.0,0.0,0.0014653306390054624,0.9999989264014828
1767222376.569805,0.9147515054449052,0.907871991556594,0.5,0.0,0.0,0.0014653306390054624,0.9999989264014828
1767222376.580291,0.9147515054449052,0.907871991556594,0.5,0.0,0.0,0.0014653306390054624,0.9999989264014828
1767222376.5896149,0.9147515054449052,0.907871991556594,0.5,0.0,0.0,0.0014653306390054624,0.9999989264014828
1767222376.599546,0.9147515054449052,0.907871991556594,0.5,0.0,0.0,0.0014653306390054624,0.9999989264014828
1767222376.60882,0.9147515054449052,0.907871991556594,0.5,0.0,0.0,0.0014653306390054624,0.9999989264014828
1767222376.6191068,0.9147515054449052,0.907871991556594,0.5,0.0,0.0,0.0014653306390054624,0.9999989264014828
1767222376.6295536,0.9147515054449052,0.907871991556594,0.5,0.0,0.0,0.0014653306390054624,0.9999989264014828
1767222376.6395454,0.9147515054449052,0.907871991556594,0.5,0.0,0.0,0.0014653306390054624,0.9999989264014828
1767222376.6499915,0.9147515054449052,0.907871991556594,0.5,0.0,0.0,0.0014653306390054624,0.9999989264014828
1767222376.6596663,0.9147515054449052,0.907871991556594,0.5,0.0,0.0,0.0014653306390054624,0.9999989264014828
1767222376.6700156,0.9147515054449052,0.907871991556594,0.5,0.0,0.0,0.0014653306390054624,0.9999989264014828
1767222376.6801326,0.9147515054449052,0.907871991556594,0.5,0.0,0.0,0.0014653306390054624,0.9999989264014828
1767222376.6897848,0.9147515054449052,0.907871991556594,0.5,0.0,0.0,0.0014653306390054624,0.9999989264014828
1767222376.6996157,0.9147515054449052,0.907871991556594,0.5,0.0,0.0,0.0014653306390054624,0.9999989264014828
1767222376.7132177,0.9147515054449052,0.907871991556594,0.5,0.0,0.0,0.0014653306390054624,0.9999989264014828
1767222376.7192974,0.9147515054449052,0.907871991556594,0.5,0.0,0.0,0.0014653306390054624,0.9999989264014828
1767222376.729946,0.9147515054449052,0.907871991556594,0.5,0.0,0.0,0.0014653306390054624,0.9999989264014828
1767222376.7392116,0.9147515054449052,0.907871991556594,0.5,0.0,0.0,0.0014653306390054624,0.9999989264014828
1767222376.7504041,0.9147515054449052,0.907871991556594,0.5,0.0,0.0,0.0014653306390054624,0.9999989264014828
1767222376.760133,0.9147515054449052,0.907871991556594,0.5,0.0,0.0,0.0014653306390054624,0.9999989264014828
1767222376.7701662,0.9147515054449052,0.907871991556594,0.5,0.0,0.0,0.0014653306390054624,0.9999989264014828
1767222376.7811873,0.9147515054449052,0.907871991556594,0.5,0.0,0.0,0.0014653306390054624,0.9999989264014828
1767222376.7919405,0.9147515054449052,0.907871991556594,0.5,0.0,0.0,0.0014653306390054624,0.9999989264014828
1767222376.7991965,0.9147515054449052,0.907871991556594,0.5,0.0,0.0,0.0014653306390054624,0.9999989264014828
1767222376.8106928,0.9147515054449052,0.907871991556594,0.5,0.0,0.0,0.0014653306390054624,0.9999989264014828
1767222376.8192215,0.9147515054449052,0.907871991556594,0.5,0.0,0.0,0.0014653306390054624,0.9999989264014828
1767222376.830545,0.9147515054449052,0.907871991556594,0.5,0.0,0.0,0.0014653306390054624,0.9999989264014828
1767222376.840173,0.9147515054449052,0.907871991556594,0.5,0.0,0.0,0.0014653306390054624,0.9999989264014828
1767222376.8504305,0.9147515054449052,0.907871991556594,0.5,0.0,0.0,0.0014653306390054624,0.9999989264014828
1767222376.8591673,0.9147515054449052,0.907871991556594,0.5,0.0,0.0,0.0014653306390054624,0.9999989264014828
1767222376.87047,0.9147515054449052,0.907871991556594,0.5,0.0,0.0,0.0014653306390054624,0.9999989264014828
1767222376.8806765,0.9147515054449052,0.907871991556594,0.5,0.0,0.0,0.0014653306390054624,0.9999989264014828
1767222376.8901868,0.9147515054449052,0.907871991556594,0.5,0.0,0.0,0.0014653306390054624,0.9999989264014828
1767222376.9006667,0.9147515054449052,0.907871991556594,0.5,0.0,0.0,0.0014653306390054624,0.9999989264014828
1767222376.9091644,0.9147515054449052,0.907871991556594,0.5,0.0,0.0,0.0014653306390054624,0.9999989264014828
1767222376.9191287,0.9147515054449052,0.907871991556594,0.5,0.0,0.0,0.0014653306390054624,0.9999989264014828
1767222376.929749,0.9147515054449052,0.907871991556594,0.5,0.0,0.0,0.0014653306390054624,0.9999989264014828
1767222376.9399831,0.9147515054449052,0.907871991556594,0.5,0.0,0.0,0.0014653306390054624,0.9999989264014828
1767222376.948979,0.9147515054449052,0.907871991556594,0.5,0.0,0.0,0.0014653306390054624,0.9999989264014828
1767222376.9602861,0.9147515054449052,0.907871991556594,0.5,0.0,0.0,0.0014653306390054624,0.9999989264014828
1767222376.9690003,0.9147515054449052,0.907871991556594,0.5,0.0,0.0,0.0014653306390054624,0.9999989264014828
1767222376.9796317,0.9147515054449052,0.907871991556594,0.5,0.0,0.0,0.0014653306390054624,0.9999989264014828
1767222376.9898915,0.9147515054449052,0.907871991556594,0.5,0.0,0.0,0.0014653306390054624,0.9999989264014828
1767222377.0002487,0.9147515054449052,0.907871991556594,0.5,0.0,0.0,0.0014653306390054624,0.9999989264014828
1767222377.0100152,0.9147515054449052,0.907871991556594,0.5,0.0,0.0,0.0014653306390054624,0.9999989264014828
1767222377.0200038,0.9147515054449052,0.907871991556594,0.5,0.0,0.0,0.0014653306390054624,0.9999989264014828
1767222377.0289848,0.9147515054449052,0.907871991556594,0.5,0.0,0.0,0.0014653306390054624,0.9999989264014828
1767222377.0402782,0.9147515054449052,0.907871991556594,0.5,0.0,0.0,0.0014653306390054624,0.9999989264014828
1767222377.0499449,0.9147515054449052,0.907871991556594,0.5,0.0,0.0,0.0014653306390054624,0.9999989264014828
1767222377.0588326,0.9147515054449052,0.907871991556594,0.5,0.0,0.0,0.0014653306390054624,0.9999989264014828
1767222377.070396,0.9147515054449052,0.907871991556594,0.5,0.0,0.0,0.0014653306390054624,0.9999989264014828
1767222377.080298,0.9147515054449052,0.907871991556594,0.5,0.0,0.0,0.0014653306390054624,0.9999989264014828
1767222377.0900238,0.9147515054449052,0.907871991556594,0.5,0.0,0.0,0.0014653306390054624,0.9999989264014828
1767222377.0992508,0.9147515054449052,0.907871991556594,0.5,0.0,0.0,0.0014653306390054624,0.9999989264014828
1767222377.110152,0.9147515054449052,0.907871991556594,0.5,0.0,0.0,0.0014653306390054624,0.9999989264014828
1767222377.1197286,0.9147515054449052,0.907871991556594,0.5,0.0,0.0,0.0014653306390054624,0.9999989264014828
1767222377.1308422,0.9147515054449052,0.907871991556594,0.5,0.0,0.0,0.0014653306390054624,0.9999989264014828
1767222377.1400254,0.9147515054449052,0.907871991556594,0.5,0.0,0.0,0.0014653306390054624,0.9999989264014828
1767222377.1502872,0.9147515054449052,0.907871991556594,0.5,0.0,0.0,0.0014653306390054624,0.9999989264014828
1767222377.1599402,0.9147515054449052,0.907871991556594,0.5,0.0,0.0,0.0014653306390054624,0.9999989264014828
1767222377.1702168,0.9147515054449052,0.907871991556594,0.5,0.0,0.0,0.0014653306390054624,0.9999989264014828
1767222377.179145,0.9147515054449052,0.907871991556594,0.5,0.0,0.0,0.0014653306390054624,0.9999989264014828
1767222377.1903226,0.9147515054449052,0.907871991556594,0.5,0.0,0.0,0.0014653306390054624,0.9999989264014828
1767222377.2002337,0.9147515054449052,0.907871991556594,0.5,0.0,0.0,0.0014653306390054624,0.9999989264014828
1767222377.2093077,0.9147515054449052,0.907871991556594,0.5,0.0,0.0,0.0014653306390054624,0.9999989264014828
1767222377.2192938,0.9147515054449052,0.907871991556594,0.5,0.0,0.0,0.0014653306390054624,0.9999989264014828
1767222377.2299721,0.9147515054449052,0.907871991556594,0.5,0.0,0.0,0.0014653306390054624,0.9999989264014828
1767222377.2400045,0.9147515054449052,0.907871991556594,0.5,0.0,0.0,0.0014653306390054624,0.9999989264014828
1767222377.249182,0.9147515054449052,0.907871991556594,0.5,0.0,0.0,0.0014653306390054624,0.9999989264014828
1767222377.259062,0.9147515054449052,0.907871991556594,0.5,0.0,0.0,0.0014653306390054624,0.9999989264014828
1767222377.2699797,0.9147515054449052,0.907871991556594,0.5,0.0,0.0,0.0014653306390054624,0.9999989264014828
1767222377.2805424,0.9147515054449052,0.907871991556594,0.5,0.0,0.0,0.0014653306390054624,0.9999989264014828
1767222377.2892845,0.9147515054449052,0.907871991556594,0.5,0.0,0.0,0.0014653306390054624,0.9999989264014828
1767222377.3003132,0.9147515054449052,0.907871991556594,0.5,0.0,0.0,0.0014653306390054624,0.9999989264014828
1767222377.311881,0.9147515054449052,0.907871991556594,0.5,0.0,0.0,0.0014653306390054624,0.9999989264014828
1767222377.3203042,0.9147515054449052,0.907871991556594,0.5,0.0,0.0,0.0014653306390054624,0.9999989264014828
1767222377.3303382,0.9147515054449052,0.907871991556594,0.5,0.0,0.0,0.0014653306390054624,0.9999989264014828
1767222377.3394628,0.9147515054449052,0.907871991556594,0.5,0.0,0.0,0.0014653306390054624,0.9999989264014828
1767222377.3501768,0.9147515054449052,0.907871991556594,0.5,0.0,0.0,0.0014653306390054624,0.9999989264014828
1767222377.360403,0.9147515054449052,0.907871991556594,0.5,0.0,0.0,0.0014653306390054624,0.9999989264014828
1767222377.3701534,0.9147515054449052,0.907871991556594,0.5,0.0,0.0,0.0014653306390054624,0.9999989264014828
1767222377.3800478,0.9147515054449052,0.907871991556594,0.5,0.0,0.0,0.0014653306390054624,0.9999989264014828
1767222377.389915,0.9147515054449052,0.907871991556594,0.5,0.0,0.0,0.0014653306390054624,0.9999989264014828
1767222377.399077,0.9147515054449052,0.907871991556594,0.5,0.0,0.0,0.0014653306390054624,0.9999989264014828
1767222377.4101396,0.9147515054449052,0.907871991556594,0.5,0.0,0.0,0.0014653306390054624,0.9999989264014828
1767222377.419995,0.9147515054449052,0.907871991556594,0.5,0.0,0.0,0.0014653306390054624,0.9999989264014828
1767222377.4305568,0.9147515054449052,0.907871991556594,0.5,0.0,0.0,0.0014653306390054624,0.9999989264014828
1767222377.4400105,0.9147515054449052,0.907871991556594,0.5,0.0,0.0,0.0014653306390054624,0.9999989264014828
1767222377.4498718,0.9147515054449052,0.907871991556594,0.5,0.0,0.0,0.0014653306390054624,0.9999989264014828
1767222377.4593902,0.9147515054449052,0.907871991556594,0.5,0.0,0.0,0.0014653306390054624,0.9999989264014828
1767222377.4705257,0.9147515054449052,0.907871991556594,0.5,0.0,0.0,0.0014653306390054624,0.9999989264014828
1767222377.4794116,0.9147515054449052,0.907871991556594,0.5,0.0,0.0,0.0014653306390054624,0.9999989264014828
1767222377.4903982,0.9147515054449052,0.907871991556594,0.5,0.0,0.0,0.0014653306390054624,0.9999989264014828
1767222377.5000129,0.9147515054449052,0.907871991556594,0.5,0.0,0.0,0.0014653306390054624,0.9999989264014828
1767222377.5095954,0.9147515054449052,0.907871991556594,0.5,0.0,0.0,0.0014653306390054624,0.9999989264014828
1767222377.5198379,0.9147515054449052,0.907871991556594,0.5,0.0,0.0,0.0014653306390054624,0.9999989264014828
1767222377.530431,0.9147515054449052,0.907871991556594,0.5,0.0,0.0,0.0014653306390054624,0.9999989264014828
1767222377.540079,0.9147515054449052,0.907871991556594,0.5,0.0,0.0,0.0014653306390054624,0.9999989264014828
1767222377.5497503,0.9147515054449052,0.907871991556594,0.5,0.0,0.0,0.0014653306390054624,0.9999989264014828
1767222377.559382,0.9147515054449052,0.907871991556594,0.5,0.0,0.0,0.0014653306390054624,0.9999989264014828
1767222377.5699494,0.9147515054449052,0.907871991556594,0.5,0.0,0.0,0.0014653306390054624,0.9999989264014828
1767222377.5798836,0.9147515054449052,0.907871991556594,0.5,0.0,0.0,0.0014653306390054624,0.9999989264014828
1767222377.5899587,0.9147515054449052,0.907871991556594,0.5,0.0,0.0,0.0014653306390054624,0.9999989264014828
1767222377.6003163,0.9147515054449052,0.907871991556594,0.5,0.0,0.0,0.0014653306390054624,0.9999989264014828
1767222377.6110547,0.9147515054449052,0.907871991556594,0.5,0.0,0.0,0.0014653306390054624,0.9999989264014828
1767222377.619092,0.9147515054449052,0.907871991556594,0.5,0.0,0.0,0.0014653306390054624,0.9999989264014828
1767222377.6306133,0.9147515054449052,0.907871991556594,0.5,0.0,0.0,0.0014653306390054624,0.9999989264014828
1767222377.6396139,0.9147515054449052,0.907871991556594,0.5,0.0,0.0,0.0014653306390054624,0.9999989264014828
1767222377.6500988,0.9147515054449052,0.907871991556594,0.5,0.0,0.0,0.0014653306390054624,0.9999989264014828
1767222377.6595623,0.9147515054449052,0.907871991556594,0.5,0.0,0.0,0.0014653306390054624,0.9999989264014828
1767222377.670636,0.9147515054449052,0.907871991556594,0.5,0.0,0.0,0.0014653306390054624,0.9999989264014828
1767222377.6806276,0.9147515054449052,0.907871991556594,0.5,0.0,0.0,0.0014653306390054624,0.9999989264014828
1767222377.6903763,0.9147515054449052,0.907871991556594,0.5,0.0,0.0,0.0014653306390054624,0.9999989264014828
1767222377.699999,0.9147515054449052,0.907871991556594,0.5,0.0,0.0,0.0014653306390054624,0.9999989264014828
1767222377.7103937,0.9147515054449052,0.907871991556594,0.5,0.0,0.0,0.0014653306390054624,0.9999989264014828
1767222377.7197988,0.9147515054449052,0.907871991556594,0.5,0.0,0.0,0.0014653306390054624,0.9999989264014828
1767222377.729528,0.9147515054449052,0.907871991556594,0.5,0.0,0.0,0.0014653306390054624,0.9999989264014828
1767222377.7400196,0.9147515054449052,0.907871991556594,0.5,0.0,0.0,0.0014653306390054624,0.9999989264014828
1767222377.7499158,0.9147515054449052,0.907871991556594,0.5,0.0,0.0,0.0014653306390054624,0.9999989264014828
1767222377.759863,0.9147515054449052,0.907871991556594,0.5,0.0,0.0,0.0014653306390054624,0.9999989264014828
1767222377.7699375,0.9147515054449052,0.907871991556594,0.5,0.0,0.0,0.0014653306390054624,0.9999989264014828
1767222377.7793276,0.9147515054449052,0.907871991556594,0.5,0.0,0.0,0.0014653306390054624,0.9999989264014828
1767222377.7900503,0.9147515054449052,0.907871991556594,0.5,0.0,0.0,0.0014653306390054624,0.9999989264014828
1767222377.8000367,0.9147515054449052,0.907871991556594,0.5,0.0,0.0,0.0014653306390054624,0.9999989264014828
1767222377.809975,0.9147515054449052,0.907871991556594,0.5,0.0,0.0,0.0014653306390054624,0.9999989264014828
1767222377.820192,0.9147515054449052,0.907871991556594,0.5,0.0,0.0,0.0014653306390054624,0.9999989264014828
1767222377.8309739,0.9147515054449052,0.907871991556594,0.5,0.0,0.0,0.0014653306390054624,0.9999989264014828
1767222377.8398764,0.9147515054449052,0.907871991556594,0.5,0.0,0.0,0.0014653306390054624,0.9999989264014828
1767222377.8495958,0.9147515054449052,0.907871991556594,0.5,0.0,0.0,0.0014653306390054624,0.9999989264014828
1767222377.8589044,0.9147515054449052,0.907871991556594,0.5,0.0,0.0,0.0014653306390054624,0.9999989264014828
1767222377.8705254,0.9147515054449052,0.907871991556594,0.5,0.0,0.0,0.0014653306390054624,0.9999989264014828
1767222377.8808322,0.9147515054449052,0.907871991556594,0.5,0.0,0.0,0.0014653306390054624,0.9999989264014828
1767222377.8896766,0.9147515054449052,0.907871991556594,0.5,0.0,0.0,0.0014653306390054624,0.9999989264014828
1767222377.9001746,0.9147515054449052,0.907871991556594,0.5,0.0,0.0,0.0014653306390054624,0.9999989264014828
1767222377.9103396,0.9147515054449052,0.907871991556594,0.5,0.0,0.0,0.0014653306390054624,0.9999989264014828
1767222377.9200041,0.9147515054449052,0.907871991556594,0.5,0.0,0.0,0.0014653306390054624,0.9999989264014828
1767222377.931706,0.9147515054449052,0.907871991556594,0.5,0.0,0.0,0.0014653306390054624,0.9999989264014828
1767222377.940645,0.9147515054449052,0.907871991556594,0.5,0.0,0.0,0.0014653306390054624,0.9999989264014828
1767222377.9504359,0.9147515054449052,0.907871991556594,0.5,0.0,0.0,0.0014653306390054624,0.9999989264014828
1767222377.9613135,0.9147515054449052,0.907871991556594,0.5,0.0,0.0,0.0014653306390054624,0.9999989264014828
1767222377.9692795,0.9147515054449052,0.907871991556594,0.5,0.0,0.0,0.0014653306390054624,0.9999989264014828
1767222377.9803004,0.9147515054449052,0.907871991556594,0.5,0.0,0.0,0.0014653306390054624,0.9999989264014828
1767222377.9900184,0.9147515054449052,0.907871991556594,0.5,0.0,0.0,0.0014653306390054624,0.9999989264014828
1767222378.0001016,0.9147515054449052,0.907871991556594,0.5,0.0,0.0,0.0014653306390054624,0.9999989264014828
1767222378.011481,0.9147515054449052,0.907871991556594,0.5,0.0,0.0,0.0014653306390054624,0.9999989264014828
1767222378.020085,0.9147515054449052,0.907871991556594,0.5,0.0,0.0,0.0014653306390054624,0.9999989264014828
1767222378.029846,0.9147515054449052,0.907871991556594,0.5,0.0,0.0,0.0014653306390054624,0.9999989264014828
1767222378.0391881,0.9147515054449052,0.907871991556594,0.5,0.0,0.0,0.0014653306390054624,0.9999989264014828
1767222378.0500584,0.9147515054449052,0.907871991556594,0.5,0.0,0.0,0.0014653306390054624,0.9999989264014828
1767222378.059451,0.9147515054449052,0.907871991556594,0.5,0.0,0.0,0.0014653306390054624,0.9999989264014828
1767222378.0706801,0.9147515054449052,0.907871991556594,0.5,0.0,0.0,0.0014653306390054624,0.9999989264014828
1767222378.080085,0.9147515054449052,0.907871991556594,0.5,0.0,0.0,0.0014653306390054624,0.9999989264014828
1767222378.0903916,0.9147515054449052,0.907871991556594,0.5,0.0,0.0,0.0014653306390054624,0.9999989264014828
1767222378.0993736,0.9147515054449052,0.907871991556594,0.5,0.0,0.0,0.0014653306390054624,0.9999989264014828
1767222378.1108131,0.9147515054449052,0.907871991556594,0.5,0.0,0.0,0.0014653306390054624,0.9999989264014828
1767222378.1204584,0.9147515054449052,0.907871991556594,0.5,0.0,0.0,0.0014653306390054624,0.9999989264014828
1767222378.1298842,0.9147515054449052,0.907871991556594,0.5,0.0,0.0,0.0014653306390054624,0.9999989264014828
1767222378.1391468,0.9147515054449052,0.907871991556594,0.5,0.0,0.0,0.0014653306390054624,0.9999989264014828
1767222378.1505134,0.9147515054449052,0.907871991556594,0.5,0.0,0.0,0.0014653306390054624,0.9999989264014828
1767222378.159791,0.9147515054449052,0.907871991556594,0.5,0.0,0.0,0.0014653306390054624,0.9999989264014828
1767222378.1702154,0.9147515054449052,0.907871991556594,0.5,0.0,0.0,0.0014653306390054624,0.9999989264014828
1767222378.1802921,0.9147515054449052,0.907871991556594,0.5,0.0,0.0,0.0014653306390054624,0.9999989264014828
1767222378.1907907,0.9147515054449052,0.907871991556594,0.5,0.0,0.0,0.0014653306390054624,0.9999989264014828
1767222378.2001297,0.9147515054449052,0.907871991556594,0.5,0.0,0.0,0.0014653306390054624,0.9999989264014828
1767222378.2108898,0.9147515054449052,0.907871991556594,0.5,0.0,0.0,0.0014653306390054624,0.9999989264014828
1767222378.2192166,0.9147515054449052,0.907871991556594,0.5,0.0,0.0,0.0014653306390054624,0.9999989264014828
1767222378.2301993,0.9147515054449052,0.907871991556594,0.5,0.0,0.0,0.0014653306390054624,0.9999989264014828
1767222378.2404642,0.9147515054449052,0.907871991556594,0.5,0.0,0.0,0.0014653306390054624,0.9999989264014828
1767222378.2493768,0.9147515054449052,0.907871991556594,0.5,0.0,0.0,0.0014653306390054624,0.9999989264014828
1767222378.2601218,0.9147515054449052,0.907871991556594,0.5,0.0,0.0,0.0014653306390054624,0.9999989264014828
1767222378.2699819,0.9147515054449052,0.907871991556594,0.5,0.0,0.0,0.0014653306390054624,0.9999989264014828
1767222378.28011,0.9147515054449052,0.907871991556594,0.5,0.0,0.0,0.0014653306390054624,0.9999989264014828
1767222378.2902696,0.9147515054449052,0.907871991556594,0.5,0.0,0.0,0.0014653306390054624,0.9999989264014828
1767222378.300368,0.9147515054449052,0.907871991556594,0.5,0.0,0.0,0.0014653306390054624,0.9999989264014828
1767222378.3120677,0.9147515054449052,0.907871991556594,0.5,0.0,0.0,0.0014653306390054624,0.9999989264014828
1767222378.3201,0.9147515054449052,0.907871991556594,0.5,0.0,0.0,0.0014653306390054624,0.9999989264014828
1767222378.3301132,0.9147515054449052,0.907871991556594,0.5,0.0,0.0,0.0014653306390054624,0.9999989264014828
1767222378.340736,0.9147515054449052,0.907871991556594,0.5,0.0,0.0,0.0014653306390054624,0.9999989264014828
1767222378.349298,0.9147515054449052,0.907871991556594,0.5,0.0,0.0,0.0014653306390054624,0.9999989264014828
1767222378.360896,0.9147515054449052,0.907871991556594,0.5,0.0,0.0,0.0014653306390054624,0.9999989264014828
1767222378.3706503,0.9147515054449052,0.907871991556594,0.5,0.0,0.0,0.0014653306390054624,0.9999989264014828
1767222378.3803294,0.9147515054449052,0.907871991556594,0.5,0.0,0.0,0.0014653306390054624,0.9999989264014828
1767222378.3905542,0.9147515054449052,0.907871991556594,0.5,0.0,0.0,0.0014653306390054624,0.9999989264014828
1767222378.4002986,0.9147515054449052,0.907871991556594,0.5,0.0,0.0,0.0014653306390054624,0.9999989264014828
1767222378.410087,0.9147515054449052,0.907871991556594,0.5,0.0,0.0,0.0014653306390054624,0.9999989264014828
1767222378.4203324,0.9147515054449052,0.907871991556594,0.5,0.0,0.0,0.0014653306390054624,0.9999989264014828
1767222378.4306376,0.9147515054449052,0.907871991556594,0.5,0.0,0.0,0.0014653306390054624,0.9999989264014828
1767222378.440894,0.9147515054449052,0.907871991556594,0.5,0.0,0.0,0.0014653306390054624,0.9999989264014828
1767222378.4501812,0.9147515054449052,0.907871991556594,0.5,0.0,0.0,0.0014653306390054624,0.9999989264014828
1767222378.4595923,0.9147515054449052,0.907871991556594,0.5,0.0,0.0,0.0014653306390054624,0.9999989264014828
1767222378.470761,0.9147515054449052,0.907871991556594,0.5,0.0,0.0,0.0014653306390054624,0.9999989264014828
1767222378.4800704,0.9147515054449052,0.907871991556594,0.5,0.0,0.0,0.0014653306390054624,0.9999989264014828
1767222378.490165,0.9147515054449052,0.907871991556594,0.5,0.0,0.0,0.0014653306390054624,0.9999989264014828
1767222378.5000136,0.9147515054449052,0.907871991556594,0.5,0.0,0.0,0.0014653306390054624,0.9999989264014828
1767222378.5102208,0.9147515054449052,0.907871991556594,0.5,0.0,0.0,0.0014653306390054624,0.9999989264014828
1767222378.5207207,0.9147515054449052,0.907871991556594,0.5,0.0,0.0,0.0014653306390054624,0.9999989264014828
1767222378.5306702,0.9147515054449052,0.907871991556594,0.5,0.0,0.0,0.0014653306390054624,0.9999989264014828
1767222378.5395293,0.9147515054449052,0.907871991556594,0.5,0.0,0.0,0.0014653306390054624,0.9999989264014828
1767222378.5507767,0.9147515054449052,0.907871991556594,0.5,0.0,0.0,0.0014653306390054624,0.9999989264014828
1767222378.5595293,0.9147515054449052,0.907871991556594,0.5,0.0,0.0,0.0014653306390054624,0.9999989264014828
1767222378.5711915,0.9147515054449052,0.907871991556594,0.5,0.0,0.0,0.0014653306390054624,0.9999989264014828
1767222378.5801568,0.9147515054449052,0.907871991556594,0.5,0.0,0.0,0.0014653306390054624,0.9999989264014828
1767222378.5905056,0.9147515054449052,0.907871991556594,0.5,0.0,0.0,0.0014653306390054624,0.9999989264014828
1767222378.599361,0.9147515054449052,0.907871991556594,0.5,0.0,0.0,0.0014653306390054624,0.9999989264014828
1767222378.6106424,0.9147515054449052,0.907871991556594,0.5,0.0,0.0,0.0014653306390054624,0.9999989264014828
1767222378.6205316,0.9147515054449052,0.907871991556594,0.5,0.0,0.0,0.0014653306390054624,0.9999989264014828
1767222378.6302645,0.9147515054449052,0.907871991556594,0.5,0.0,0.0,0.0014653306390054624,0.9999989264014828
1767222378.6402276,0.9147515054449052,0.907871991556594,0.5,0.0,0.0,0.0014653306390054624,0.9999989264014828
1767222378.65028,0.9147515054449052,0.907871991556594,0.5,0.0,0.0,0.0014653306390054624,0.9999989264014828
1767222378.6590297,0.9147515054449052,0.907871991556594,0.5,0.0,0.0,0.0014653306390054624,0.9999989264014828
1767222378.6701453,0.9147515054449052,0.907871991556594,0.5,0.0,0.0,0.0014653306390054624,0.9999989264014828
1767222378.68026,0.9147515054449052,0.907871991556594,0.5,0.0,0.0,0.0014653306390054624,0.9999989264014828
1767222378.6901648,0.9147515054449052,0.907871991556594,0.5,0.0,0.0,0.0014653306390054624,0.9999989264014828
1767222378.699234,0.9147515054449052,0.907871991556594,0.5,0.0,0.0,0.0014653306390054624,0.9999989264014828
1767222378.710395,0.9147515054449052,0.907871991556594,0.5,0.0,0.0,0.0014653306390054624,0.9999989264014828
1767222378.7197104,0.9147515054449052,0.907871991556594,0.5,0.0,0.0,0.0014653306390054624,0.9999989264014828
1767222378.7301338,0.9147515054449052,0.907871991556594,0.5,0.0,0.0,0.0014653306390054624,0.9999989264014828
1767222378.7392704,0.9147515054449052,0.907871991556594,0.5,0.0,0.0,0.0014653306390054624,0.9999989264014828
1767222378.750197,0.9147515054449052,0.907871991556594,0.5,0.0,0.0,0.0014653306390054624,0.9999989264014828
1767222378.7601657,0.9147515054449052,0.907871991556594,0.5,0.0,0.0,0.0014653306390054624,0.9999989264014828
1767222378.769151,0.9147515054449052,0.907871991556594,0.5,0.0,0.0,0.0014653306390054624,0.9999989264014828
1767222378.779642,0.9147515054449052,0.907871991556594,0.5,0.0,0.0,0.0014653306390054624,0.9999989264014828
1767222378.7901711,0.9147515054449052,0.907871991556594,0.5,0.0,0.0,0.0014653306390054624,0.9999989264014828
1767222378.8003263,0.9147515054449052,0.907871991556594,0.5,0.0,0.0,0.0014653306390054624,0.9999989264014828
1767222378.809165,0.9147515054449052,0.907871991556594,0.5,0.0,0.0,0.0014653306390054624,0.9999989264014828
1767222378.8208451,0.9147515054449052,0.907871991556594,0.5,0.0,0.0,0.0014653306390054624,0.9999989264014828
1767222378.830133,0.9147515054449052,0.907871991556594,0.5,0.0,0.0,0.0014653306390054624,0.9999989264014828
1767222378.8393102,0.9147515054449052,0.907871991556594,0.5,0.0,0.0,0.0014653306390054624,0.9999989264014828
1767222378.8494325,0.9147515054449052,0.907871991556594,0.5,0.0,0.0,0.0014653306390054624,0.9999989264014828
1767222378.8600743,0.9147515054449052,0.907871991556594,0.5,0.0,0.0,0.0014653306390054624,0.9999989264014828
1767222378.8694537,0.9147515054449052,0.907871991556594,0.5,0.0,0.0,0.0014653306390054624,0.9999989264014828
1767222378.8792212,0.9147515054449052,0.907871991556594,0.5,0.0,0.0,0.0014653306390054624,0.9999989264014828
1767222378.8905444,0.9147515054449052,0.907871991556594,0.5,0.0,0.0,0.0014653306390054624,0.9999989264014828
1767222378.8990512,0.9147515054449052,0.907871991556594,0.5,0.0,0.0,0.0014653306390054624,0.9999989264014828
1767222378.9103525,0.9147515054449052,0.907871991556594,0.5,0.0,0.0,0.0014653306390054624,0.9999989264014828
1767222378.920406,0.9147515054449052,0.907871991556594,0.5,0.0,0.0,0.0014653306390054624,0.9999989264014828
1767222378.9294972,0.9147515054449052,0.907871991556594,0.5,0.0,0.0,0.0014653306390054624,0.9999989264014828
1767222378.9400842,0.9147515054449052,0.907871991556594,0.5,0.0,0.0,0.0014653306390054624,0.9999989264014828
1767222378.9506419,0.9147515054449052,0.907871991556594,0.5,0.0,0.0,0.0014653306390054624,0.9999989264014828
1767222378.9600456,0.9147515054449052,0.907871991556594,0.5,0.0,0.0,0.0014653306390054624,0.9999989264014828
1767222378.9700243,0.9147515054449052,0.907871991556594,0.5,0.0,0.0,0.0014653306390054624,0.9999989264014828
1767222378.9803662,0.9147515054449052,0.907871991556594,0.5,0.0,0.0,0.0014653306390054624,0.9999989264014828
1767222378.9892304,0.9147515054449052,0.907871991556594,0.5,0.0,0.0,0.0014653306390054624,0.9999989264014828
1767222379.000001,0.9147515054449052,0.907871991556594,0.5,0.0,0.0,0.0014653306390054624,0.9999989264014828
1767222379.0094616,0.9147515054449052,0.907871991556594,0.5,0.0,0.0,0.0014653306390054624,0.9999989264014828
1767222379.0204458,0.9147515054449052,0.907871991556594,0.5,0.0,0.0,0.0014653306390054624,0.9999989264014828
1767222379.030233,0.9147515054449052,0.907871991556594,0.5,0.0,0.0,0.0014653306390054624,0.9999989264014828
1767222379.0401115,0.9147515054449052,0.907871991556594,0.5,0.0,0.0,0.0014653306390054624,0.9999989264014828
1767222379.04985,0.9147515054449052,0.907871991556594,0.5,0.0,0.0,0.0014653306390054624,0.9999989264014828
1767222379.0592375,0.9147515054449052,0.907871991556594,0.5,0.0,0.0,0.0014653306390054624,0.9999989264014828
1767222379.0694997,0.9147515054449052,0.907871991556594,0.5,0.0,0.0,0.0014653306390054624,0.9999989264014828
1767222379.0805988,0.9147515054449052,0.907871991556594,0.5,0.0,0.0,0.0014653306390054624,0.9999989264014828
1767222379.0894191,0.9147515054449052,0.907871991556594,0.5,0.0,0.0,0.0014653306390054624,0.9999989264014828
1767222379.0993211,0.9147515054449052,0.907871991556594,0.5,0.0,0.0,0.0014653306390054624,0.9999989264014828
1767222379.1103942,0.9147515054449052,0.907871991556594,0.5,0.0,0.0,0.0014653306390054624,0.9999989264014828
1767222379.1209183,0.9147515054449052,0.907871991556594,0.5,0.0,0.0,0.0014653306390054624,0.9999989264014828
1767222379.1293733,0.9147515054449052,0.907871991556594,0.5,0.0,0.0,0.0014653306390054624,0.9999989264014828
1767222379.1400003,0.9147515054449052,0.907871991556594,0.5,0.0,0.0,0.0014653306390054624,0.9999989264014828
1767222379.1508405,0.9147515054449052,0.907871991556594,0.5,0.0,0.0,0.0014653306390054624,0.9999989264014828
1767222379.159763,0.9147515054449052,0.907871991556594,0.5,0.0,0.0,0.0014653306390054624,0.9999989264014828
1767222379.170438,0.9147515054449052,0.907871991556594,0.5,0.0,0.0,0.0014653306390054624,0.9999989264014828
1767222379.1808531,0.9147515054449052,0.907871991556594,0.5,0.0,0.0,0.0014653306390054624,0.9999989264014828
1767222379.1894581,0.9147515054449052,0.907871991556594,0.5,0.0,0.0,0.0014653306390054624,0.9999989264014828
1767222379.2004952,0.9147515054449052,0.907871991556594,0.5,0.0,0.0,0.0014653306390054624,0.9999989264014828
1767222379.2102869,0.9147515054449052,0.907871991556594,0.5,0.0,0.0,0.0014653306390054624,0.9999989264014828
1767222379.2203295,0.9147515054449052,0.907871991556594,0.5,0.0,0.0,0.0014653306390054624,0.9999989264014828
1767222379.2304757,0.9147515054449052,0.907871991556594,0.5,0.0,0.0,0.0014653306390054624,0.9999989264014828
1767222379.2403438,0.9147515054449052,0.907871991556594,0.5,0.0,0.0,0.0014653306390054624,0.9999989264014828
1767222379.2502317,0.9147515054449052,0.907871991556594,0.5,0.0,0.0,0.0014653306390054624,0.9999989264014828
1767222379.2608278,0.9147515054449052,0.907871991556594,0.5,0.0,0.0,0.0014653306390054624,0.9999989264014828
1767222379.2706134,0.9147515054449052,0.907871991556594,0.5,0.0,0.0,0.0014653306390054624,0.9999989264014828
1767222379.2801986,0.9147515054449052,0.907871991556594,0.5,0.0,0.0,0.0014653306390054624,0.9999989264014828
1767222379.2906668,0.9147515054449052,0.907871991556594,0.5,0.0,0.0,0.0014653306390054624,0.9999989264014828
1767222379.300348,0.9147515054449052,0.907871991556594,0.5,0.0,0.0,0.0014653306390054624,0.9999989264014828
1767222379.310248,0.9147515054449052,0.907871991556594,0.5,0.0,0.0,0.0014653306390054624,0.9999989264014828
1767222379.320531,0.9147515054449052,0.907871991556594,0.5,0.0,0.0,0.0014653306390054624,0.9999989264014828
1767222379.3302772,0.9147515054449052,0.907871991556594,0.5,0.0,0.0,0.0014653306390054624,0.9999989264014828
1767222379.3392687,0.9147515054449052,0.907871991556594,0.5,0.0,0.0,0.0014653306390054624,0.9999989264014828
1767222379.3500433,0.9147515054449052,0.907871991556594,0.5,0.0,0.0,0.0014653306390054624,0.9999989264014828
1767222379.359948,0.9147515054449052,0.907871991556594,0.5,0.0,0.0,0.0014653306390054624,0.9999989264014828
1767222379.3702374,0.9147515054449052,0.907871991556594,0.5,0.0,0.0,0.0014653306390054624,0.9999989264014828
1767222379.380712,0.9147515054449052,0.907871991556594,0.5,0.0,0.0,0.0014653306390054624,0.9999989264014828
1767222379.3892782,0.9147515054449052,0.907871991556594,0.5,0.0,0.0,0.0014653306390054624,0.9999989264014828
1767222379.4003272,0.9147515054449052,0.907871991556594,0.5,0.0,0.0,0.0014653306390054624,0.9999989264014828
1767222379.41021,0.9147515054449052,0.907871991556594,0.5,0.0,0.0,0.0014653306390054624,0.9999989264014828
1767222379.420102,0.9147515054449052,0.907871991556594,0.5,0.0,0.0,0.0014653306390054624,0.9999989264014828
1767222379.4302127,0.9147515054449052,0.907871991556594,0.5,0.0,0.0,0.0014653306390054624,0.9999989264014828
1767222379.4401674,0.9147515054449052,0.907871991556594,0.5,0.0,0.0,0.0014653306390054624,0.9999989264014828
1767222379.45061,0.9147515054449052,0.907871991556594,0.5,0.0,0.0,0.0014653306390054624,0.9999989264014828
1767222379.4605696,0.9147515054449052,0.907871991556594,0.5,0.0,0.0,0.0014653306390054624,0.9999989264014828
1767222379.4693205,0.9147515054449052,0.907871991556594,0.5,0.0,0.0,0.0014653306390054624,0.9999989264014828
1767222379.480132,0.9147515054449052,0.907871991556594,0.5,0.0,0.0,0.0014653306390054624,0.9999989264014828
1767222379.4899454,0.9147515054449052,0.907871991556594,0.5,0.0,0.0,0.0014653306390054624,0.9999989264014828
1767222379.4991748,0.9147515054449052,0.907871991556594,0.5,0.0,0.0,0.0014653306390054624,0.9999989264014828
1767222379.5107324,0.9147515054449052,0.907871991556594,0.5,0.0,0.0,0.0014653306390054624,0.9999989264014828
1767222379.5205722,0.9147515054449052,0.907871991556594,0.5,0.0,0.0,0.0014653306390054624,0.9999989264014828
1767222379.5302396,0.9147515054449052,0.907871991556594,0.5,0.0,0.0,0.0014653306390054624,0.9999989264014828
1767222379.540229,0.9147515054449052,0.907871991556594,0.5,0.0,0.0,0.0014653306390054624,0.9999989264014828
1767222379.5496948,0.9147515054449052,0.907871991556594,0.5,0.0,0.0,0.0014653306390054624,0.9999989264014828
1767222379.5611613,0.9147515054449052,0.907871991556594,0.5,0.0,0.0,0.0014653306390054624,0.9999989264014828
1767222379.5708096,0.9147515054449052,0.907871991556594,0.5,0.0,0.0,0.0014653306390054624,0.9999989264014828
1767222379.580245,0.9147515054449052,0.907871991556594,0.5,0.0,0.0,0.0014653306390054624,0.9999989264014828
1767222379.5901318,0.9147515054449052,0.907871991556594,0.5,0.0,0.0,0.0014653306390054624,0.9999989264014828
1767222379.6003604,0.9147515054449052,0.907871991556594,0.5,0.0,0.0,0.0014653306390054624,0.9999989264014828
1767222379.6087477,0.9147515054449052,0.907871991556594,0.5,0.0,0.0,0.0014653306390054624,0.9999989264014828
1767222379.6206331,0.9147515054449052,0.907871991556594,0.5,0.0,0.0,0.0014653306390054624,0.9999989264014828
1767222379.6299245,0.9147515054449052,0.907871991556594,0.5,0.0,0.0,0.0014653306390054624,0.9999989264014828
1767222379.6397824,0.9147515054449052,0.907871991556594,0.5,0.0,0.0,0.0014653306390054624,0.9999989264014828
1767222379.650279,0.9147515054449052,0.907871991556594,0.5,0.0,0.0,0.0014653306390054624,0.9999989264014828
1767222379.6598287,0.9147515054449052,0.907871991556594,0.5,0.0,0.0,0.0014653306390054624,0.9999989264014828
1767222379.6700416,0.9147515054449052,0.907871991556594,0.5,0.0,0.0,0.0014653306390054624,0.9999989264014828
1767222379.680368,0.9147515054449052,0.907871991556594,0.5,0.0,0.0,0.0014653306390054624,0.9999989264014828
1767222379.6905243,0.9147515054449052,0.907871991556594,0.5,0.0,0.0,0.0014653306390054624,0.9999989264014828
1767222379.6990588,0.9147515054449052,0.907871991556594,0.5,0.0,0.0,0.0014653306390054624,0.9999989264014828
1767222379.7099743,0.9147515054449052,0.907871991556594,0.5,0.0,0.0,0.0014653306390054624,0.9999989264014828
1767222379.719928,0.9147515054449052,0.907871991556594,0.5,0.0,0.0,0.0014653306390054624,0.9999989264014828
1767222379.7303462,0.9147515054449052,0.907871991556594,0.5,0.0,0.0,0.0014653306390054624,0.9999989264014828
1767222379.7398872,0.9147515054449052,0.907871991556594,0.5,0.0,0.0,0.0014653306390054624,0.9999989264014828
1767222379.7497258,0.9147515054449052,0.907871991556594,0.5,0.0,0.0,0.0014653306390054624,0.9999989264014828
1767222379.7597992,0.9147515054449052,0.907871991556594,0.5,0.0,0.0,0.0014653306390054624,0.9999989264014828
1767222379.770032,0.9147515054449052,0.907871991556594,0.5,0.0,0.0,0.0014653306390054624,0.9999989264014828
1767222379.7797728,0.9147515054449052,0.907871991556594,0.5,0.0,0.0,0.0014653306390054624,0.9999989264014828
1767222379.7905138,0.9147515054449052,0.907871991556594,0.5,0.0,0.0,0.0014653306390054624,0.9999989264014828
1767222379.8003473,0.9147515054449052,0.907871991556594,0.5,0.0,0.0,0.0014653306390054624,0.9999989264014828
1767222379.810601,0.9147515054449052,0.907871991556594,0.5,0.0,0.0,0.0014653306390054624,0.9999989264014828
1767222379.81908,0.9147515054449052,0.907871991556594,0.5,0.0,0.0,0.0014653306390054624,0.9999989264014828
1767222379.8297114,0.9147515054449052,0.907871991556594,0.5,0.0,0.0,0.0014653306390054624,0.9999989264014828
1767222379.8405309,0.9147515054449052,0.907871991556594,0.5,0.0,0.0,0.0014653306390054624,0.9999989264014828
1767222379.8490405,0.9147515054449052,0.907871991556594,0.5,0.0,0.0,0.0014653306390054624,0.9999989264014828
1767222379.8602343,0.9147515054449052,0.907871991556594,0.5,0.0,0.0,0.0014653306390054624,0.9999989264014828
1767222379.8700838,0.9147515054449052,0.907871991556594,0.5,0.0,0.0,0.0014653306390054624,0.9999989264014828
1767222379.8792481,0.9147515054449052,0.907871991556594,0.5,0.0,0.0,0.0014653306390054624,0.9999989264014828
1767222379.8901734,0.9147515054449052,0.907871991556594,0.5,0.0,0.0,0.0014653306390054624,0.9999989264014828
1767222379.900025,0.9147515054449052,0.907871991556594,0.5,0.0,0.0,0.0014653306390054624,0.9999989264014828
1767222379.9109921,0.9147515054449052,0.907871991556594,0.5,0.0,0.0,0.0014653306390054624,0.9999989264014828
1767222379.920537,0.9147515054449052,0.907871991556594,0.5,0.0,0.0,0.0014653306390054624,0.9999989264014828
1767222379.9290545,0.9147515054449052,0.907871991556594,0.5,0.0,0.0,0.0014653306390054624,0.9999989264014828
1767222379.9402158,0.9147515054449052,0.907871991556594,0.5,0.0,0.0,0.0014653306390054624,0.9999989264014828
1767222379.9500806,0.9147515054449052,0.907871991556594,0.5,0.0,0.0,0.0014653306390054624,0.9999989264014828
1767222379.9607427,0.9147515054449052,0.907871991556594,0.5,0.0,0.0,0.0014653306390054624,0.9999989264014828
1767222379.969635,0.9147515054449052,0.907871991556594,0.5,0.0,0.0,0.0014653306390054624,0.9999989264014828
1767222379.980154,0.9147515054449052,0.907871991556594,0.5,0.0,0.0,0.0014653306390054624,0.9999989264014828
1767222379.9902012,0.9147515054449052,0.907871991556594,0.5,0.0,0.0,0.0014653306390054624,0.9999989264014828
1767222379.9999244,0.9147515054449052,0.907871991556594,0.5,0.0,0.0,0.0014653306390054624,0.9999989264014828
1767222380.0114906,0.9147515054449052,0.907871991556594,0.5,0.0,0.0,0.0014653306390054624,0.9999989264014828
1767222380.0198,0.9147515054449052,0.907871991556594,0.5,0.0,0.0,0.0014653306390054624,0.9999989264014828
1767222380.0305376,0.9147515054449052,0.907871991556594,0.5,0.0,0.0,0.0014653306390054624,0.9999989264014828
1767222380.039936,0.9147515054449052,0.907871991556594,0.5,0.0,0.0,0.0014653306390054624,0.9999989264014828
1767222380.0505943,0.9147515054449052,0.907871991556594,0.5,0.0,0.0,0.0014653306390054624,0.9999989264014828
1767222380.0596514,0.9147515054449052,0.907871991556594,0.5,0.0,0.0,0.0014653306390054624,0.9999989264014828
1767222380.0704486,0.9147515054449052,0.907871991556594,0.5,0.0,0.0,0.0014653306390054624,0.9999989264014828
1767222380.080297,0.9147515054449052,0.907871991556594,0.5,0.0,0.0,0.0014653306390054624,0.9999989264014828
1767222380.0909352,0.9147515054449052,0.907871991556594,0.5,0.0,0.0,0.0014653306390054624,0.9999989264014828
1767222380.100239,0.9147515054449052,0.907871991556594,0.5,0.0,0.0,0.0014653306390054624,0.9999989264014828
1767222380.1104326,0.9147515054449052,0.907871991556594,0.5,0.0,0.0,0.0014653306390054624,0.9999989264014828
1767222380.1198683,0.9147515054449052,0.907871991556594,0.5,0.0,0.0,0.0014653306390054624,0.9999989264014828
1767222380.1305504,0.9147515054449052,0.907871991556594,0.5,0.0,0.0,0.0014653306390054624,0.9999989264014828
1767222380.1405456,0.9147515054449052,0.907871991556594,0.5,0.0,0.0,0.0014653306390054624,0.9999989264014828
1767222380.1492004,0.9147515054449052,0.907871991556594,0.5,0.0,0.0,0.0014653306390054624,0.9999989264014828
1767222380.160284,0.9147515054449052,0.907871991556594,0.5,0.0,0.0,0.0014653306390054624,0.9999989264014828
1767222380.1703823,0.9147515054449052,0.907871991556594,0.5,0.0,0.0,0.0014653306390054624,0.9999989264014828
1767222380.1803603,0.9147515054449052,0.907871991556594,0.5,0.0,0.0,0.0014653306390054624,0.9999989264014828
1767222380.1904767,0.9147515054449052,0.907871991556594,0.5,0.0,0.0,0.0014653306390054624,0.9999989264014828
1767222380.199329,0.9147515054449052,0.907871991556594,0.5,0.0,0.0,0.0014653306390054624,0.9999989264014828
1767222380.2104824,0.9147515054449052,0.907871991556594,0.5,0.0,0.0,0.0014653306390054624,0.9999989264014828
1767222380.2193992,0.9147515054449052,0.907871991556594,0.5,0.0,0.0,0.0014653306390054624,0.9999989264014828
1767222380.2303753,0.9147515054449052,0.907871991556594,0.5,0.0,0.0,0.0014653306390054624,0.9999989264014828
1767222380.2393174,0.9147515054449052,0.907871991556594,0.5,0.0,0.0,0.0014653306390054624,0.9999989264014828
1767222380.2493837,0.9147515054449052,0.907871991556594,0.5,0.0,0.0,0.0014653306390054624,0.9999989264014828
1767222380.2594216,0.9147515054449052,0.907871991556594,0.5,0.0,0.0,0.0014653306390054624,0.9999989264014828
1767222380.2713294,0.9147515054449052,0.907871991556594,0.5,0.0,0.0,0.0014653306390054624,0.9999989264014828
1767222380.2801528,0.9147515054449052,0.907871991556594,0.5,0.0,0.0,0.0014653306390054624,0.9999989264014828
1767222380.289417,0.9147515054449052,0.907871991556594,0.5,0.0,0.0,0.0014653306390054624,0.9999989264014828
1767222380.300023,0.9147515054449052,0.907871991556594,0.5,0.0,0.0,0.0014653306390054624,0.9999989264014828
1767222380.310054,0.9147515054449052,0.907871991556594,0.5,0.0,0.0,0.0014653306390054624,0.9999989264014828
1767222380.3197432,0.9147515054449052,0.907871991556594,0.5,0.0,0.0,0.0014653306390054624,0.9999989264014828
1767222380.3297582,0.9147515054449052,0.907871991556594,0.5,0.0,0.0,0.0014653306390054624,0.9999989264014828
1767222380.339441,0.9147515054449052,0.907871991556594,0.5,0.0,0.0,0.0014653306390054624,0.9999989264014828
1767222380.349624,0.9147515054449052,0.907871991556594,0.5,0.0,0.0,0.0014653306390054624,0.9999989264014828
1767222380.3601696,0.9147515054449052,0.907871991556594,0.5,0.0,0.0,0.0014653306390054624,0.9999989264014828
1767222380.369822,0.9147515054449052,0.907871991556594,0.5,0.0,0.0,0.0014653306390054624,0.9999989264014828
1767222380.380404,0.9147515054449052,0.907871991556594,0.5,0.0,0.0,0.0014653306390054624,0.9999989264014828
