t,pos_joint_1,vel_joint_1,eff_joint_1,pos_joint_2,vel_joint_2,eff_joint_2,pos_joint_5,vel_joint_5,eff_joint_5,pos_joint_3,vel_joint_3,eff_joint_3,pos_joint_6,vel_joint_6,eff_joint_6,pos_joint_4,vel_joint_4,eff_joint_4,pos_front_left_wheel_joint,vel_front_left_wheel_joint,eff_front_left_wheel_joint,pos_front_right_wheel_joint,vel_front_right_wheel_joint,eff_front_right_wheel_joint,pos_rear_left_wheel_joint,vel_rear_left_wheel_joint,eff_rear_left_wheel_joint,pos_rear_right_wheel_joint,vel_rear_right_wheel_joint,eff_rear_right_wheel_joint
1773116693.2544708,0.03688495149177194,0.0,0.0,-0.55110861936179,0.0,-0.0806,0.25871209427784386,0.0,0.0,0.34716168920602936,0.0,-0.020800000000000003,0.16234923418402958,0.0,0.0,-0.16426415526048924,0.0,0.0,0.0,0.0,nan,0.0,0.0,nan,0.0,0.0,nan,0.0,0.0,nan
1773116693.2864628,0.03688495149177194,0.0,0.006200000000000001,-0.55110861936179,0.0,0.0,0.25871209427784386,0.0,0.0,0.34716168920602936,0.0,-0.020800000000000003,0.16234923418402958,0.0,0.0,-0.16426415526048924,0.0,0.0,0.0,0.0,nan,0.0,0.0,nan,0.0,0.0,nan,0.0,0.0,nan
1773116693.302478,0.03688495149177194,0.0,0.0,-0.55110861936179,0.0,-0.0806,0.25871209427784386,0.0,0.0,0.34716168920602936,0.0,-0.020800000000000003,0.16234923418402958,0.0,0.0,-0.16426415526048924,0.0,0.0,0.0,0.0,nan,0.0,0.0,nan,0.0,0.0,nan,0.0,0.0,nan
1773116693.3345006,0.03688495149177194,0.0,0.0,-0.55110861936179,0.0,-0.0682,0.25871209427784386,0.0,0.0,0.34716168920602936,0.0,-0.020800000000000003,0.16234923418402958,0.0,0.0,-0.16426415526048924,0.0,0.0,0.0,0.0,nan,0.0,0.0,nan,0.0,0.0,nan,0.0,0.0,nan
1773116693.350467,0.03688495149177194,0.0,0.0,-0.5511148784745494,0.0,-0.062000000000000006,0.25871209427784386,0.0,0.0,0.34716168920602936,0.0,-0.015600000000000001,0.16234923418402958,0.0,0.0,-0.16426415526048924,0.0,0.0,0.0,0.0,nan,0.0,0.0,nan,0.0,0.0,nan,0.0,0.0,nan
1773116693.382465,0.03688495149177194,0.0,0.0,-0.55110861936179,0.0,-0.0806,0.25871209427784386,0.0,0.0,0.34716168920602936,0.0,-0.020800000000000003,0.16234923418402958,0.0,0.0,-0.16426415526048924,0.0,0.0,0.0,0.0,nan,0.0,0.0,nan,0.0,0.0,nan,0.0,0.0,nan
1773116693.3984473,0.03688495149177194,0.0,0.0,-0.55110861936179,0.0,0.0,0.25871209427784386,0.0,0.0,0.34716168920602936,0.0,-0.015600000000000001,0.16234923418402958,0.0,0.0,-0.16426415526048924,0.0,0.0,0.0,0.0,nan,0.0,0.0,nan,0.0,0.0,nan,0.0,0.0,nan
1773116693.4304738,0.03688495149177194,0.0,0.0,-0.5511148784745494,0.0,0.0,0.25871209427784386,0.0,0.0,0.34716168920602936,0.0,-0.020800000000000003,0.16234923418402958,0.0,0.0,-0.16426415526048924,0.0,0.0,0.0,0.0,nan,0.0,0.0,nan,0.0,0.0,nan,0.0,0.0,nan
1773116693.462488,0.03688495149177194,0.0,0.0,-0.5511148784745494,0.0,-0.024800000000000003,0.25871209427784386,0.0,0.0,0.34716168920602936,0.0,-0.026000000000000002,0.16234923418402958,0.0,0.0,-0.16426415526048924,0.0,0.0,0.0,0.0,nan,0.0,0.0,nan,0.0,0.0,nan,0.0,0.0,nan
1773116693.494488,0.03688495149177194,0.0,0.0,-0.55110861936179,0.0,-0.0806,0.25871209427784386,0.0,0.0,0.34716168920602936,0.0,-0.020800000000000003,0.16234923418402958,0.0,0.0,-0.16426415526048924,0.0,0.0,0.0,0.0,nan,0.0,0.0,nan,0.0,0.0,nan,0.0,0.0,nan
1773116693.526467,0.03688495149177194,0.0,0.0,-0.5511148784745494,0.0,0.0,0.25871209427784386,0.0,0.0,0.34716168920602936,0.0,-0.020800000000000003,0.16234923418402958,0.0,0.0,-0.16426415526048924,0.0,0.0,0.0,0.0,nan,0.0,0.0,nan,0.0,0.0,nan,0.0,0.0,nan
1773116693.5584564,0.03688495149177194,0.0,0.0,-0.5511148784745494,0.0,-0.0806,0.25871209427784386,0.0,0.0,0.34716168920602936,0.0,-0.020800000000000003,0.16234923418402958,0.0,0.0,-0.16426415526048924,0.0,0.0,0.0,0.0,nan,0.0,0.0,nan,0.0,0.0,nan,0.0,0.0,nan
1773116693.5758255,0.03688495149177194,0.0,0.0,-0.5511148784745494,0.0,-0.018600000000000002,0.25871209427784386,0.0,0.0,0.34716168920602936,0.0,-0.020800000000000003,0.16234923418402958,0.0,0.0,-0.16426415526048924,0.0,0.0,0.0,0.0,nan,0.0,0.0,nan,0.0,0.0,nan,0.0,0.0,nan
1773116693.5905154,0.03688495149177194,0.0,0.0,-0.5511148784745494,0.0,-0.07440000000000001,0.25871209427784386,0.0,0.0,0.34716168920602936,0.0,-0.020800000000000003,0.16234923418402958,0.0,0.0,-0.16426415526048924,0.0,0.0,0.0,0.0,nan,0.0,0.0,nan,0.0,0.0,nan,0.0,0.0,nan
1773116693.6224356,0.03688495149177194,0.0,0.0,-0.5509083277534857,0.04293509959906051,6.2372000000000005,0.2586500381266619,-0.007330382858376185,-0.31500000000000006,0.3470615434018772,-0.012566370614359171,-2.5116,0.16234923418402958,0.0,0.009000000000000001,-0.16426415526048924,0.0,0.0,-0.10595121245483824,-5.954852140371836,nan,-0.10595121245483824,-5.954852140371836,nan,-0.10595121245483824,-5.954852140371836,nan,-0.10595121245483824,-5.954852140371836,nan
1773116693.6384392,0.03669091899622725,-0.006283185307179586,-0.6758000000000001,-0.5485423831303923,0.0973893722612836,4.5694,0.2583087292951608,-0.013613568165555772,-0.72,0.3467298104256234,-0.020943951023931952,-6.2452000000000005,0.16234923418402958,0.0,0.036000000000000004,-0.16426415526048924,0.0,0.0,-0.2923236439320363,-5.954852140371836,nan,-0.2923236439320363,-5.954852140371836,nan,-0.2923236439320363,-5.954852140371836,nan,-0.2923236439320363,-5.954852140371836,nan
1773116693.6705484,0.03650314561344205,-0.00942477796076938,-0.6634,-0.5461952158455774,0.1308996938995747,4.588,0.25784330816129564,-0.030368728984701332,-0.954,0.34624159963038187,-0.02932153143350474,-8.814,0.16234923418402958,0.0,0.045,-0.16426415526048924,0.0,0.0,-0.38575720934141605,-5.954852140371836,nan,-0.38575720934141605,-5.954852140371836,nan,-0.38575720934141605,-5.954852140371836,nan,-0.38575720934141605,-5.954852140371836,nan
1773116693.6864402,0.036202708200985735,-0.010471975511965976,-0.8680000000000001,-0.5422081610177717,0.15917402778188283,3.7944,0.25693315127729266,-0.04084070449666731,-1.2240000000000002,0.34508992288263274,-0.0439822971502571,-11.3048,0.16234923418402958,0.0,0.07650000000000001,-0.16426415526048924,0.0,0.0,-0.5985917249436032,-6.392935282123086,nan,-0.5985917249436032,-6.392935282123086,nan,-0.5985917249436032,-6.392935282123086,nan,-0.5985917249436032,-6.392935282123086,nan
1773116693.7184632,0.03592104812680794,-0.011519173063162575,-0.7068000000000001,-0.5380646283709783,0.17697638615222502,0.6944,0.25575408440483427,-0.050265482457436686,-1.2959999999999998,0.34399457814971907,-0.0439822971502571,-14.1128,0.16234923418402958,0.0,0.1035,-0.16426415526048924,0.0,0.0,-0.702713356395482,-6.788776099858307,nan,-0.702713356395482,-6.788776099858307,nan,-0.702713356395482,-6.788776099858307,nan,-0.702713356395482,-6.788776099858307,nan
1773116693.750597,0.0355893151505541,-0.011519173063162575,-1.2152,-0.5328883421188664,0.17278759594743862,0.6014,0.2539337706368283,-0.07016223593017205,-1.3815,0.34202295763047447,-0.07330382858376185,-14.398800000000001,0.16234923418402958,0.0,0.1305,-0.16426415526048924,0.0,0.0,-0.9420561579118882,-7.447837632331261,nan,-0.9420561579118882,-7.447837632331261,nan,-0.9420561579118882,-7.447837632331261,nan,-0.9420561579118882,-7.447837632331261,nan
1773116693.7824728,0.03512614080635061,-0.012566370614359171,-0.9299999999999999,-0.526641747584879,0.17697638615222502,0.372,0.25090336192077295,-0.09634217471008699,-1.0530000000000002,0.33891217858899975,-0.10157816246606997,-13.374400000000001,0.16234923418402958,0.0,0.17099999999999999,-0.16433300550084382,-0.003141592653589793,0.0,-1.207989148038012,-8.13731881300836,nan,-1.207989148038012,-8.13731881300836,nan,-1.207989148038012,-8.13731881300836,nan,-1.207989148038012,-8.13731881300836,nan
1773116693.814538,0.03475059404078022,-0.012566370614359171,-0.8370000000000001,-0.521402870205172,0.1780235837034216,0.5208,0.24819357665249142,-0.08272860654453122,-1.0530000000000002,0.33582643599856304,-0.10681415022205297,-12.6724,0.16234923418402958,0.0,0.19799999999999998,-0.16432674638808428,0.0010471975511965978,-0.2028,-1.4904608832474173,-8.975449679576325,nan,-1.4904608832474173,-8.975449679576325,nan,-1.4904608832474173,-8.975449679576325,nan,-1.4904608832474173,-8.975449679576325,nan
1773116693.830469,0.03443137929004539,-0.012566370614359171,-0.744,-0.5172155237690621,0.1748819910498318,0.39680000000000004,0.2462905213495761,-0.08168140899333462,-1.143,0.33334156823303895,-0.10995574287564276,-12.152400000000002,0.16234923418402958,0.0,0.225,-0.16437056017740084,-0.0020943951023931957,0.0,-1.8116033064233263,-9.961949609489775,nan,-1.8116033064233263,-9.961949609489775,nan,-1.8116033064233263,-9.961949609489775,nan,-1.8116033064233263,-9.961949609489775,nan
1773116693.8624856,0.034212310343462664,-0.011519173063162575,-0.806,-0.5140734491637898,0.1759291886010284,0.39680000000000004,0.24487357256425332,-0.07539822368615504,-1.1520000000000001,0.3314262797286299,-0.10262536001726658,-12.199200000000001,0.16234923418402958,0.0,0.243,-0.16437681929016035,-0.0010471975511965978,0.0,-1.9714350799758855,-10.772130984138398,nan,-1.9714350799758855,-10.772130984138398,nan,-1.9714350799758855,-10.772130984138398,nan,-1.9714350799758855,-10.772130984138398,nan
1773116693.878459,0.0338618000289303,-0.010471975511965976,-1.0044,-0.5088095353330448,0.17697638615222502,0.8308000000000001,0.24250509612747284,-0.08272860654453122,-1.0395,0.3282842051233577,-0.10681415022205297,-11.751999999999999,0.16240094764334792,0.0010471975511965978,0.27,-0.16441437396671738,0.0010471975511965978,-0.020800000000000003,-2.337391775417544,-11.418652643036909,nan,-2.337391775417544,-11.418652643036909,nan,-2.337391775417544,-11.418652643036909,nan,-2.337391775417544,-11.418652643036909,nan
1773116693.9105246,0.03365524930786658,-0.012566370614359171,-0.8804,-0.505636165163975,0.1790707812546182,0.4774,0.2410364338828317,-0.08377580409572781,-1.0215,0.32645654419758174,-0.10053096491487337,-11.757200000000001,0.16243197571893894,0.0020943951023931957,0.279,-0.1644331513049959,-0.0010471975511965978,-0.1456,-2.534940162141025,-11.902141410251746,nan,-2.534940162141025,-11.902141410251746,nan,-2.534940162141025,-11.902141410251746,nan,-2.534940162141025,-11.902141410251746,nan
1773116693.926455,0.033273443429536684,-0.013613568165555772,-0.5394,-0.5003159193183945,0.1801179788058148,0.31000000000000005,0.23870932821350593,-0.07853981633974483,-1.0485,0.32335202426886656,-0.10157816246606997,-12.090000000000002,0.16252505994571195,0.0020943951023931957,0.3015,-0.16446444686879344,-0.003141592653589793,-0.078,-2.9403340548305326,-12.715442572743141,nan,-2.9403340548305326,-12.715442572743141,nan,-2.9403340548305326,-12.715442572743141,nan,-2.9403340548305326,-12.715442572743141,nan
1773116693.9584625,0.03304811537019445,-0.012566370614359171,-0.7316,-0.49713629003656523,0.1748819910498318,0.5890000000000001,0.23731306481191045,-0.07539822368615504,-1.0215,0.3214805495537741,-0.10262536001726658,-11.7208,0.16258711609689397,0.003141592653589793,0.30600000000000005,-0.16452077888362898,-0.004188790204786391,-0.005200000000000001,-3.150712849261528,-13.208908927761426,nan,-3.150712849261528,-13.208908927761426,nan,-3.150712849261528,-13.208908927761426,nan,-3.150712849261528,-13.208908927761426,nan
1773116693.9904568,0.032622495702548,-0.010471975511965976,-0.7688,-0.49075825413462804,0.1748819910498318,0.5642,0.23468602107853825,-0.07225663103256524,-1.089,0.3177814139129057,-0.10471975511965977,-11.8404,0.1627525991667127,0.004188790204786391,0.30600000000000005,-0.1646209246877811,-0.0020943951023931957,-0.015600000000000001,-3.596688225494567,-14.034950600321157,nan,-3.596688225494567,-14.034950600321157,nan,-3.596688225494567,-14.034950600321157,nan,-3.596688225494567,-14.034950600321157,nan
1773116694.0224764,0.032184357809382544,-0.012566370614359171,-0.4092,-0.48419244484990565,0.1748819910498318,0.6944,0.2319762358102567,-0.07435102613495843,-1.071,0.31398213246788526,-0.10681415022205297,-11.6376,0.16291808223653143,0.003141592653589793,0.31500000000000006,-0.16472732960469272,-0.003141592653589793,-0.015600000000000001,-4.072810904706021,-14.528481216873192,nan,-4.072810904706021,-14.528481216873192,nan,-4.072810904706021,-14.528481216873192,nan,-4.072810904706021,-14.528481216873192,nan
1773116694.0544724,0.03182132926933117,-0.011519173063162575,-0.5518,-0.4790098994850343,0.1843067690106012,0.0682,0.2298870120537953,-0.07016223593017205,-1.1115,0.310827539637094,-0.10471975511965977,-11.986,0.16306287992262283,0.003141592653589793,0.32399999999999995,-0.1647961798450473,-0.003141592653589793,-0.005200000000000001,-4.564063260756824,-15.520724721980638,nan,-4.564063260756824,-15.520724721980638,nan,-4.564063260756824,-15.520724721980638,nan,-4.564063260756824,-15.520724721980638,nan
1773116694.0864344,0.031483337180317816,-0.010471975511965976,-0.3782,-0.47370843097773224,0.1790707812546182,0.1922,0.22772538945428827,-0.07330382858376185,-1.0485,0.3076479103552647,-0.10890854532444617,-11.611600000000001,0.16319733491685054,0.004188790204786391,0.33299999999999996,-0.16483999363436383,0.0010471975511965978,-0.2184,-5.089402261496715,-16.543822261931915,nan,-5.089402261496715,-16.543822261931915,nan,-5.089402261496715,-16.543822261931915,nan,-5.089402261496715,-16.543822261931915,nan
1773116694.118418,0.031132826865785453,-0.011519173063162575,-0.3038,-0.46840070335767076,0.1780235837034216,0.19840000000000002,0.2256154803140996,-0.07539822368615504,-1.0755,0.3044745401861949,-0.10890854532444617,-11.9132,0.16334213260294192,0.004188790204786391,0.33749999999999997,-0.16492136210023742,-0.0020943951023931957,-0.1144,-5.649719060148186,-17.346404136049777,nan,-5.649719060148186,-17.346404136049777,nan,-5.649719060148186,-17.346404136049777,nan,-5.649719060148186,-17.346404136049777,nan
1773116694.1504538,0.030788575664012593,-0.010471975511965976,-0.372,-0.4630867166248497,0.1780235837034216,0.4712,0.22341248694713786,-0.07120943348136866,-1.0215,0.3011321739726184,-0.11519173063162576,-11.309999999999999,0.16347658759716963,0.003141592653589793,0.34199999999999997,-0.1650089896788705,-0.004188790204786391,-0.010400000000000001,-6.223290090509573,-18.17003521038347,nan,-6.223290090509573,-18.17003521038347,nan,-6.223290090509573,-18.17003521038347,nan,-6.223290090509573,-18.17003521038347,nan
1773116694.166376,0.03046936091327776,-0.00942477796076938,-0.5456,-0.4577539525537501,0.1759291886010284,0.1674,0.22121983627203978,-0.07330382858376185,-0.954,0.2978711762249155,-0.10576695267085637,-11.725999999999999,0.163621385283261,0.004188790204786391,0.34199999999999997,-0.16509035814474407,-0.004188790204786391,0.0,-6.823682329655693,-18.99566552624083,nan,-6.823682329655693,-18.99566552624083,nan,-6.823682329655693,-18.99566552624083,nan,-6.823682329655693,-18.99566552624083,nan
1773116694.198423,0.030269069304973552,-0.011519173063162575,-0.4092,-0.4545305094826043,0.1790707812546182,0.1302,0.219926999789081,-0.06911503837897545,-0.963,0.29588703748015194,-0.11309733552923257,-11.6636,0.16370412681817034,0.003141592653589793,0.3555,-0.16515294927233914,-0.0020943951023931957,-0.156,-7.132006690331576,-19.817533736372678,nan,-7.132006690331576,-19.817533736372678,nan,-7.132006690331576,-19.817533736372678,nan,-7.132006690331576,-19.817533736372678,nan
1773116694.2144184,0.029931077215960198,-0.010471975511965976,-0.3658,-0.44919148629874517,0.1790707812546182,0.062000000000000006,0.217889489491938,-0.07120943348136866,-0.9495,0.29253841215381593,-0.11205013797803595,-11.6792,0.16384892450426172,0.004188790204786391,0.36,-0.1652781315275293,-0.004188790204786391,-0.020800000000000003,-7.813201458500825,-20.64638747181555,nan,-7.813201458500825,-20.64638747181555,nan,-7.813201458500825,-20.64638747181555,nan,-7.813201458500825,-20.64638747181555,nan
1773116694.2464457,0.029743303833175003,-0.008377580409572783,-0.39680000000000004,-0.44579904718309266,0.1801179788058148,0.062000000000000006,0.21671042261947965,-0.06283185307179587,-0.954,0.29049794139421675,-0.11414453308042916,-11.528400000000001,0.16393166603917111,0.003141592653589793,0.3645,-0.16532820442960533,-0.0010471975511965978,-0.1404,-8.14506182706082,-21.14722979690146,nan,-8.14506182706082,-21.14722979690146,nan,-8.14506182706082,-21.14722979690146,nan,-8.14506182706082,-21.14722979690146,nan
1773116694.2784731,0.029405311744161652,-0.007330382858376185,-0.8804,-0.4395837482129027,0.1759291886010284,0.1612,0.21436263156642651,-0.06387905062299246,-0.963,0.286385704311221,-0.11623892818282236,-11.148800000000001,0.16408680641712614,0.003141592653589793,0.38699999999999996,-0.16546590491031446,-0.003141592653589793,0.0,-8.87505081058298,-21.974861328168625,nan,-8.87505081058298,-21.974861328168625,nan,-8.87505081058298,-21.974861328168625,nan,-8.87505081058298,-21.974861328168625,nan
1773116694.3104606,0.029061060542388793,-0.00942477796076938,-0.7502,-0.43317441674716806,0.1801179788058148,0.12400000000000001,0.21196312705405504,-0.06597344572538565,-0.9225,0.28221087610063017,-0.11728612573401896,-10.9824,0.16423160410321752,0.003141592653589793,0.39149999999999996,-0.16562238272930213,-0.004188790204786391,-0.005200000000000001,-9.579057422008589,-22.50369945599441,nan,-9.579057422008589,-22.50369945599441,nan,-9.579057422008589,-22.50369945599441,nan,-9.579057422008589,-22.50369945599441,nan
1773116694.3424358,0.028748104904413468,-0.008377580409572783,-0.7130000000000001,-0.4278353935633089,0.17697638615222502,0.5828,0.20998767290809406,-0.06387905062299246,-0.9405,0.2787495867446231,-0.11728612573401896,-11.101999999999999,0.16436605909744523,0.003141592653589793,0.40049999999999997,-0.16574130587173277,-0.0020943951023931957,-0.0936,-10.319854909336401,-23.461192855200522,nan,-10.319854909336401,-23.461192855200522,nan,-10.319854909336401,-23.461192855200522,nan,-10.319854909336401,-23.461192855200522,nan
1773116694.3744776,0.02844766749195715,-0.00942477796076938,-0.8308000000000001,-0.42248385215393086,0.1780235837034216,0.3348,0.20802256145399672,-0.06597344572538565,-0.8685,0.27528829738861593,-0.11833332328521555,-11.1332,0.1644901713998093,0.003141592653589793,0.40499999999999997,-0.16584771078864438,-0.005235987755982988,-0.0468,-11.10418434834775,-24.452023504715747,nan,-11.10418434834775,-24.452023504715747,nan,-11.10418434834775,-24.452023504715747,nan,-11.10418434834775,-24.452023504715747,nan
1773116694.4064558,0.02814723007950084,-0.010471975511965976,-0.7998000000000001,-0.4171448289700718,0.1780235837034216,0.22319999999999998,0.20614019153480878,-0.05759586531581288,-0.873,0.2717080848901782,-0.11938052083641214,-10.8264,0.1646453117777643,0.004188790204786391,0.40499999999999997,-0.16594785659279646,-0.003141592653589793,0.0,-11.91697294740553,-25.27885660391646,nan,-11.91697294740553,-25.27885660391646,nan,-11.91697294740553,-25.27885660391646,nan,-11.91697294740553,-25.27885660391646,nan
1773116694.4384346,0.027834274441525513,-0.00942477796076938,-0.7006,-0.41180580578621273,0.1790707812546182,0.07440000000000001,0.20422679354002982,-0.060737457969402664,-0.8865000000000001,0.268159167955538,-0.11833332328521555,-10.9876,0.1648004521557194,0.004188790204786391,0.423,-0.16604800239694859,-0.0020943951023931957,-0.12480000000000001,-12.752198662363586,-26.10863618329428,nan,-12.752198662363586,-26.10863618329428,nan,-12.752198662363586,-26.10863618329428,nan,-12.752198662363586,-26.10863618329428,nan
1773116694.4544106,0.02754009614182871,-0.008377580409572783,-0.9238,-0.40646052348959416,0.1790707812546182,0.10540000000000001,0.2023961370801602,-0.061784655520599266,-0.837,0.2645852145698598,-0.11938052083641214,-10.920000000000002,0.16495559253367445,0.004188790204786391,0.414,-0.1661669255393792,-0.005235987755982988,-0.052000000000000005,-13.606695013181614,-26.932701457562654,nan,-13.606695013181614,-26.932701457562654,nan,-13.606695013181614,-26.932701457562654,nan,-13.606695013181614,-26.932701457562654,nan
1773116694.4864194,0.027364840984562523,-0.008377580409572783,-0.7254,-0.40308060259946066,0.1759291886010284,0.35960000000000003,0.20131015443447484,-0.060737457969402664,-0.846,0.26241330244231104,-0.11728612573401896,-10.972,0.16504867676044746,0.004188790204786391,0.4095,-0.16622325755421477,-0.0020943951023931957,-0.026000000000000002,-14.056036006843126,-27.758799929791522,nan,-14.056036006843126,-27.758799929791522,nan,-14.056036006843126,-27.758799929791522,nan,-14.056036006843126,-27.758799929791522,nan
1773116694.5024087,0.02706440357210621,-0.00942477796076938,-0.6324,-0.39772906119008256,0.17697638615222502,0.11159999999999999,0.19966566642815128,-0.061784655520599266,-0.8415,0.2588017943800758,-0.12042771838760875,-10.977200000000002,0.1652141598302662,0.003141592653589793,0.414,-0.16632340335836687,-0.0010471975511965978,-0.16640000000000002,-14.975490777449142,-28.585597466697646,nan,-14.975490777449142,-28.585597466697646,nan,-14.975490777449142,-28.585597466697646,nan,-14.975490777449142,-28.585597466697646,nan
1773116694.5344238,0.02688288930208052,-0.00942477796076938,-0.5394,-0.39471216884000043,0.17697638615222502,0.2294,0.19868311070110264,-0.05131268000863329,-0.9359999999999999,0.25659232757596995,-0.12147491593880533,-11.029200000000001,0.16529690136517555,0.003141592653589793,0.414,-0.16638599448596192,-0.004188790204786391,-0.041600000000000005,-15.47994921910481,-29.11138846249595,nan,-15.47994921910481,-29.11138846249595,nan,-15.47994921910481,-29.11138846249595,nan,-15.47994921910481,-29.11138846249595,nan
1773116694.5664077,0.02654489721306717,-0.008377580409572783,-0.6572,-0.3881150639914806,0.17697638615222502,0.25420000000000004,0.19675937001446,-0.050265482457436686,-0.99,0.2522422442081129,-0.12356931104119853,-11.0708,0.1654830698187216,0.004188790204786391,0.4185,-0.16651117674115207,-0.0010471975511965978,-0.16640000000000002,-16.38969729802362,-29.938586488943542,nan,-16.38969729802362,-29.938586488943542,nan,-16.38969729802362,-29.938586488943542,nan,-16.38969729802362,-29.938586488943542,nan
1773116694.5984292,0.026213164236813323,-0.008377580409572783,-0.6882,-0.3816994734129864,0.17697638615222502,0.24800000000000003,0.1949597416301814,-0.048171087355043496,-1.0619999999999998,0.2478107923743823,-0.12356931104119853,-10.831600000000002,0.16564855288854033,0.003141592653589793,0.4275,-0.1666488772218612,-0.003141592653589793,-0.005200000000000001,-17.362973581712286,-30.399866331303155,nan,-17.362973581712286,-30.399866331303155,nan,-17.362973581712286,-30.399866331303155,nan,-17.362973581712286,-30.399866331303155,nan
1773116694.6304471,0.02591898593711652,-0.008377580409572783,-0.5332,-0.3763479320036083,0.1790707812546182,0.0,0.1936048489960406,-0.03979350694547071,-1.2195,0.24409287939523544,-0.12147491593880533,-11.4036,0.16578300788276804,0.003141592653589793,0.4455,-0.1667615412515323,-0.0020943951023931957,-0.10400000000000001,-18.36937813407529,-31.42402791214798,nan,-18.36937813407529,-31.42402791214798,nan,-18.36937813407529,-31.42402791214798,nan,-18.36937813407529,-31.42402791214798,nan
1773116694.6624074,0.025631066750179215,-0.008377580409572783,-0.5146000000000001,-0.3710151679325087,0.1801179788058148,0.1922,0.1923637259724002,-0.0492182849062401,-1.2555,0.24036870730332904,-0.1277581012459849,-10.8836,0.16590712018513207,0.003141592653589793,0.4545,-0.1668554279429249,-0.004188790204786391,-0.10400000000000001,-19.41634460641805,-32.414325446433665,nan,-19.41634460641805,-32.414325446433665,nan,-19.41634460641805,-32.414325446433665,nan,-19.41634460641805,-32.414325446433665,nan
1773116694.6949568,0.025355665788760928,-0.007330382858376185,-0.5456,-0.36568240386140916,0.1759291886010284,0.0682,0.19096746257080474,-0.0450294947014537,-1.3679999999999999,0.2365819440838276,-0.12356931104119853,-11.4556,0.16604157517935977,0.004188790204786391,0.45899999999999996,-0.16696809197259604,-0.004188790204786391,-0.005200000000000001,-20.503081808567426,-33.2399687948758,nan,-20.503081808567426,-33.2399687948758,nan,-20.503081808567426,-33.2399687948758,nan,-20.503081808567426,-33.2399687948758,nan
1773116694.7264278,0.025092783052861656,-0.007330382858376185,-0.4526,-0.3603246033392716,0.1780235837034216,0.0,0.1896332553203913,-0.034557519189487726,-1.467,0.23292036311951628,-0.12671090369478832,-11.5492,0.16618637286545118,0.004188790204786391,0.4545,-0.16706197866398864,-0.003141592653589793,0.0,-21.592973246936026,-34.062377437252714,nan,-21.592973246936026,-34.062377437252714,nan,-21.592973246936026,-34.062377437252714,nan,-21.592973246936026,-34.062377437252714,nan
1773116694.7424126,0.024823641204202877,-0.008377580409572783,-0.3348,-0.35497306192989353,0.17697638615222502,0.0,0.18825767730252319,-0.0492182849062401,-1.44,0.2290835269979388,-0.1277581012459849,-11.5388,0.16634151324340624,0.003141592653589793,0.4545,-0.16717464269365975,-0.0020943951023931957,-0.015600000000000001,-22.70109122602479,-34.8841522142267,nan,-22.70109122602479,-34.8841522142267,nan,-22.70109122602479,-34.8841522142267,nan,-22.70109122602479,-34.8841522142267,nan
1773116694.7744002,0.024679681610734226,-0.006283185307179586,-0.5394,-0.35175587797150715,0.1790707812546182,0.0806,0.18748197541274791,-0.04293509959906051,-1.476,0.22672384148760483,-0.1308996938995747,-11.4088,0.16643459747017925,0.004188790204786391,0.45899999999999996,-0.16723097470849532,-0.0010471975511965978,-0.15080000000000002,-23.25154928487554,-35.714616257970775,nan,-23.25154928487554,-35.714616257970775,nan,-23.25154928487554,-35.714616257970775,nan,-23.25154928487554,-35.714616257970775,nan
1773116694.7904267,0.024448094438632485,-0.006283185307179586,-0.6200000000000001,-0.34638555922385056,0.1790707812546182,0.3658,0.18628222315656218,-0.03665191429188092,-1.5839999999999999,0.22280563690015376,-0.13404128655316452,-11.0136,0.16662076592372532,0.005235987755982988,0.441,-0.16732486139988792,-0.0010471975511965978,-0.26,-24.414155403286152,-36.539431638216946,nan,-24.414155403286152,-36.539431638216946,nan,-24.414155403286152,-36.539431638216946,nan,-24.414155403286152,-36.539431638216946,nan
1773116694.8224115,0.02431039395792334,-0.006283185307179586,-0.6076,-0.34315585703994517,0.1790707812546182,0.018600000000000002,0.18559960549355997,-0.03351032163829113,-1.701,0.22040839671326276,-0.1329940890019679,-11.2424,0.1667345355342257,0.004188790204786391,0.45,-0.167412488978521,-0.005235987755982988,-0.010400000000000001,-25.02145138878161,-37.03374993348203,nan,-25.02145138878161,-37.03374993348203,nan,-25.02145138878161,-37.03374993348203,nan,-25.02145138878161,-37.03374993348203,nan
1773116694.8545525,0.02400369743270752,-0.008377580409572783,-0.3844,-0.33670271178489397,0.1801179788058148,0.012400000000000001,0.18419299940010084,-0.0439822971502571,-1.692,0.2155763616629237,-0.1361356816555577,-11.0604,0.16693104667963543,0.005235987755982988,0.4455,-0.16752515300819212,-0.0020943951023931957,-0.2392,-26.23882170198997,-37.859689056219835,nan,-26.23882170198997,-37.859689056219835,nan,-26.23882170198997,-37.859689056219835,nan,-26.23882170198997,-37.859689056219835,nan
1773116694.8864024,0.023678223569213182,-0.007330382858376185,-0.372,-0.3302370483043237,0.1832595714594046,-0.25420000000000004,0.182745022539187,-0.04293509959906051,-1.8,0.21082569507845825,-0.1329940890019679,-11.445200000000002,0.1671172151331815,0.004188790204786391,0.4455,-0.16766285348890125,-0.0020943951023931957,-0.0572,-27.464155284056737,-38.3553455117405,nan,-27.464155284056737,-38.3553455117405,nan,-27.464155284056737,-38.3553455117405,nan,-27.464155284056737,-38.3553455117405,nan
1773116694.9184341,0.023452895509870945,-0.005235987755982988,-0.6138,-0.3248604704439076,0.18221237390820802,-0.0806,0.18149355682368293,-0.041887902047863905,-1.8270000000000002,0.20673849444650047,-0.1371828792067543,-11.1436,0.1672826982030002,0.004188790204786391,0.45,-0.1677692584058129,-0.0020943951023931957,-0.0988,-28.711225171684287,-39.34543738639883,nan,-28.711225171684287,-39.34543738639883,nan,-28.711225171684287,-39.34543738639883,nan,-28.711225171684287,-39.34543738639883,nan
1773116694.950463,0.023258863014326243,-0.005235987755982988,-0.7006,-0.319515188147289,0.1780235837034216,0.2356,0.18025243380004252,-0.03769911184307752,-1.8584999999999998,0.20265129381454272,-0.13927727430914752,-10.9616,0.1674171531972279,0.003141592653589793,0.45,-0.16788192243548397,-0.004188790204786391,-0.12480000000000001,-30.00598254546962,-40.341350338285416,nan,-30.00598254546962,-40.341350338285416,nan,-30.00598254546962,-40.341350338285416,nan,-30.00598254546962,-40.341350338285416,nan
1773116694.9664059,0.023114903420857594,-0.006283185307179586,-0.8184,-0.31522143679426756,0.1790707812546182,0.372,0.17928022076485753,-0.0450294947014537,-1.8225000000000002,0.19930892760096625,-0.13927727430914752,-11.1904,0.16749989473213728,0.0020943951023931957,0.46349999999999997,-0.16795077267583855,0.0,-0.10400000000000001,-31.313349652549245,-41.166284836030506,nan,-31.313349652549245,-41.166284836030506,nan,-31.313349652549245,-41.166284836030506,nan,-31.313349652549245,-41.166284836030506,nan
1773116694.982383,0.022983462052907955,-0.006283185307179586,-0.7626000000000001,-0.31199173461036217,0.1790707812546182,0.018600000000000002,0.17850451887508229,-0.03769911184307752,-1.8404999999999998,0.19681780072268265,-0.1371828792067543,-11.0136,0.16758263626704664,0.003141592653589793,0.46349999999999997,-0.16801336380343362,-0.0020943951023931957,-0.15080000000000002,-31.989499989642702,-41.9863092406071,nan,-31.989499989642702,-41.9863092406071,nan,-31.989499989642702,-41.9863092406071,nan,-31.989499989642702,-41.9863092406071,nan
1773116695.014399,0.0228332433466798,-0.007330382858376185,-0.5766,-0.30877455065197584,0.1790707812546182,0.35340000000000005,0.17791498543885306,-0.03351032163829113,-1.9665,0.1943704876337156,-0.1361356816555577,-11.211200000000002,0.167665377801956,0.004188790204786391,0.45899999999999996,-0.16806343670550966,-0.005235987755982988,-0.026000000000000002,-32.6586893085247,-42.64363119004454,nan,-32.6586893085247,-42.64363119004454,nan,-32.6586893085247,-42.64363119004454,nan,-32.6586893085247,-42.64363119004454,nan
1773116695.0303912,0.022601656174578058,-0.005235987755982988,-0.7068000000000001,-0.3033979727915597,0.17383479349863523,0.0,0.17681866010130406,-0.03665191429188092,-1.9665,0.19030206434003635,-0.13927727430914752,-11.237200000000001,0.1678308608717747,0.004188790204786391,0.441,-0.16815106428414275,-0.006283185307179586,-0.026000000000000002,-34.044618834820284,-43.13924385434772,nan,-34.044618834820284,-43.13924385434772,nan,-34.044618834820284,-43.13924385434772,nan,-34.044618834820284,-43.13924385434772,nan
1773116695.0624194,0.022463955693868914,-0.006283185307179586,-0.6882,-0.3001682706076544,0.1801179788058148,0.0806,0.1762084412813475,-0.031415926535897934,-2.0475,0.18777338278519573,-0.13927727430914752,-11.3516,0.16792394509854777,0.004188790204786391,0.432,-0.16818861896069984,-0.003141592653589793,0.0,-34.73592697410835,-43.63342267495359,nan,-34.73592697410835,-43.63342267495359,nan,-34.73592697410835,-43.63342267495359,nan,-34.73592697410835,-43.63342267495359,nan
1773116695.0783515,0.02227618231108372,-0.005235987755982988,-0.9486,-0.29480421097275733,0.1748819910498318,-0.012400000000000001,0.17495697556584344,-0.0460766922526503,-1.8944999999999999,0.18356099989804783,-0.13927727430914752,-11.1852,0.16805840009277548,0.003141592653589793,0.4455,-0.1682637283138139,-0.005235987755982988,-0.010400000000000001,-36.18647326582557,-44.46082106652971,nan,-36.18647326582557,-44.46082106652971,nan,-36.18647326582557,-44.46082106652971,nan,-36.18647326582557,-44.46082106652971,nan
1773116695.1104362,0.022113445379336547,-0.005235987755982988,-0.9362,-0.29050420050697634,0.1759291886010284,0.062000000000000006,0.17415024560047715,-0.03246312408709453,-2.043,0.18020611545895235,-0.1371828792067543,-11.6324,0.16817216970327584,0.003141592653589793,0.4275,-0.16829502387761144,0.0010471975511965978,-0.1716,-36.889898608255905,-44.955475770186766,nan,-36.889898608255905,-44.955475770186766,nan,-36.889898608255905,-44.955475770186766,nan,-36.889898608255905,-44.955475770186766,nan
1773116695.1423836,0.021888117319994314,-0.007330382858376185,-0.7068000000000001,-0.28512762264656016,0.1780235837034216,-0.024800000000000003,0.1731263191059738,-0.03246312408709453,-2.0385,0.1758810685421333,-0.14765485471872028,-10.8368,0.16830662469750354,0.003141592653589793,0.432,-0.1683701332307255,-0.0010471975511965978,0.0,-38.35382710021636,-45.778071887918635,nan,-38.35382710021636,-45.778071887918635,nan,-38.35382710021636,-45.778071887918635,nan,-38.35382710021636,-45.778071887918635,nan
1773116695.1745164,0.021618975471335535,-0.004188790204786391,-0.8989999999999999,-0.27863692271495194,0.1832595714594046,-0.2294,0.1721644487626525,-0.02932153143350474,-2.232,0.17081744631969253,-0.1350884841043611,-12.064,0.16839970892427658,0.0020943951023931957,0.4275,-0.16843272435832055,0.0020943951023931957,-0.15080000000000002,-39.84449324281503,-46.43773031812389,nan,-39.84449324281503,-46.43773031812389,nan,-39.84449324281503,-46.43773031812389,nan,-39.84449324281503,-46.43773031812389,nan
1773116695.2063973,0.02146249765234787,-0.004188790204786391,-0.9238,-0.2732728630800549,0.1801179788058148,-0.024800000000000003,0.17095435381460308,-0.0439822971502571,-1.998,0.16649239940287355,-0.1445132620651305,-11.2632,0.16848245045918595,0.0020943951023931957,0.4365,-0.16853287016247268,-0.004188790204786391,-0.0572,-41.3945679893014,-47.25948730338668,nan,-41.3945679893014,-47.25948730338668,nan,-41.3945679893014,-47.25948730338668,nan,-41.3945679893014,-47.25948730338668,nan
1773116695.2223582,0.021337315397157743,-0.005235987755982988,-1.0478,-0.2689853708397929,0.17697638615222502,0.024800000000000003,0.1702200226922825,-0.03246312408709453,-2.1555,0.16306866472342346,-0.14870205226991687,-11.346400000000001,0.16855484930223164,0.0020943951023931957,0.441,-0.1685704248390297,-0.0010471975511965978,0.0,-42.940999612965264,-48.255533652377856,nan,-42.940999612965264,-48.255533652377856,nan,-42.940999612965264,-48.255533652377856,nan,-42.940999612965264,-48.255533652377856,nan
1773116695.2543926,0.02119335580368909,-0.007330382858376185,-0.5890000000000001,-0.26578070510692553,0.17383479349863523,0.024800000000000003,0.16950637695368928,-0.03874630939427412,-2.061,0.16032717333475963,-0.15498523757709648,-10.8888,0.16860656276154998,0.0020943951023931957,0.4365,-0.16858920217730822,-0.003141592653589793,-0.010400000000000001,-43.71684913534385,-49.07698847818119,nan,-43.71684913534385,-49.07698847818119,nan,-43.71684913534385,-49.07698847818119,nan,-43.71684913534385,-49.07698847818119,nan
1773116695.2703664,0.020924213955030312,-0.006283185307179586,-0.21700000000000003,-0.26039786813374993,0.1790707812546182,-0.1426,0.1684617650754586,-0.03769911184307752,-2.043,0.1557893165841174,-0.15184364492350666,-10.6808,0.168668618912732,0.0020943951023931957,0.441,-0.16860797951558673,-0.003141592653589793,-0.0364,-45.28371070216722,-49.733884871385776,nan,-45.28371070216722,-49.733884871385776,nan,-45.28371070216722,-49.733884871385776,nan,-45.28371070216722,-49.733884871385776,nan
1773116695.3023846,0.020792772587080673,-0.006283185307179586,-0.2046,-0.25716190683708506,0.1780235837034216,-0.006200000000000001,0.16775846202872902,-0.03769911184307752,-2.025,0.15307912075925106,-0.1466076571675237,-10.9044,0.16872033237205036,0.0020943951023931957,0.4365,-0.16862675685386527,-0.004188790204786391,-0.0468,-46.068514970480095,-50.22085526860034,nan,-46.068514970480095,-50.22085526860034,nan,-46.068514970480095,-50.22085526860034,nan,-46.068514970480095,-50.22085526860034,nan
1773116695.31836,0.02059874009153597,-0.004188790204786391,-0.3286,-0.2517289969618334,0.1801179788058148,-0.1426,0.1669413893714991,-0.020943951023931952,-2.1734999999999998,0.14883544230830564,-0.1466076571675237,-11.5336,0.16881341659882337,0.0020943951023931957,0.4365,-0.1686455341921438,0.0010471975511965978,0.0,-47.72905541593233,-51.04050302463286,nan,-47.72905541593233,-51.04050302463286,nan,-47.72905541593233,-51.04050302463286,nan,-47.72905541593233,-51.04050302463286,nan
1773116695.3504117,0.020498594287383865,-0.003141592653589793,-0.527,-0.2484805174396495,0.1790707812546182,-0.10540000000000001,0.16647596823763394,-0.025132741228718343,-2.169,0.14610646914516082,-0.14974924982111346,-11.1176,0.16883410198255072,0.0,0.441,-0.1686455341921438,-0.0020943951023931957,-0.0572,-48.53240019472632,-51.53424865797385,nan,-48.53240019472632,-51.53424865797385,nan,-48.53240019472632,-51.53424865797385,nan,-48.53240019472632,-51.53424865797385,nan
1773116695.3823938,0.020267007115282124,-0.005235987755982988,-0.372,-0.24200859484631973,0.1801179788058148,0.0682,0.16544169905126693,-0.025132741228718343,-2.1465,0.14064852281887108,-0.15289084247470325,-10.894000000000002,0.16886513005814174,0.0010471975511965978,0.4455,-0.16868308886870081,-0.0020943951023931957,0.0,-50.20309262583493,-52.37039345990627,nan,-50.20309262583493,-52.37039345990627,nan,-50.20309262583493,-52.37039345990627,nan,-50.20309262583493,-52.37039345990627,nan
1773116695.4143443,0.020091751958015942,-0.005235987755982988,-0.2852,-0.2365819440838276,0.18221237390820802,-0.2666,0.1647590813882647,-0.024085543677521748,-2.214,0.13606685227891235,-0.14974924982111346,-10.9356,0.16892718620932376,0.0010471975511965978,0.4365,-0.16870812531973886,-0.003141592653589793,-0.005200000000000001,-51.89396528547529,-52.865198774371756,nan,-51.89396528547529,-52.865198774371756,nan,-51.89396528547529,-52.865198774371756,nan,-51.89396528547529,-52.865198774371756,nan
1773116695.4463642,0.019897719462471243,-0.004188790204786391,-0.341,-0.23009124415221935,0.1811651763570114,-0.3286,0.16370412681817034,-0.027227136331111543,-2.2005,0.13066523796745821,-0.15079644737231007,-11.4348,0.16900992774423312,0.0020943951023931957,0.4275,-0.16867057064318183,0.003141592653589793,-0.031200000000000002,-53.615366390954215,-53.85146282862227,nan,-53.615366390954215,-53.85146282862227,nan,-53.615366390954215,-53.85146282862227,nan,-53.615366390954215,-53.85146282862227,nan
1773116695.4793477,0.01973498253072407,-0.004188790204786391,-0.2294,-0.22470214806628422,0.1801179788058148,-0.1736,0.16299048107957712,-0.025132741228718343,-2.214,0.12607104920198042,-0.16126842288427606,-10.8264,0.16905129851168782,0.0010471975511965978,0.423,-0.16871438443249837,-0.0020943951023931957,0.0,-55.390144376012515,-54.67797590942227,nan,-55.390144376012515,-54.67797590942227,nan,-55.390144376012515,-54.67797590942227,nan,-55.390144376012515,-54.67797590942227,nan
1773116695.5104172,0.0195722455989769,-0.004188790204786391,-0.2294,-0.2193067928675896,0.1790707812546182,-0.006200000000000001,0.16200792535252848,-0.03246312408709453,-2.1285,0.12139549197062904,-0.15393804002589986,-11.1072,0.16907198389541514,0.0010471975511965978,0.414,-0.16869560709421982,0.0010471975511965978,-0.1092,-57.24244014857388,-55.670214121222884,nan,-57.24244014857388,-55.670214121222884,nan,-57.24244014857388,-55.670214121222884,nan,-57.24244014857388,-55.670214121222884,nan
1773116695.542358,0.019434545118267758,-0.003141592653589793,-0.46499999999999997,-0.21389891944337594,0.1832595714594046,0.0,0.16131496499766254,-0.01884955592153876,-2.241,0.11673871207755618,-0.16231562043547265,-10.956400000000002,0.16911335466286984,0.0010471975511965978,0.40049999999999997,-0.16870186620697933,-0.0010471975511965978,0.0,-58.95201137297903,-56.490875654872795,nan,-58.95201137297903,-56.490875654872795,nan,-58.95201137297903,-56.490875654872795,nan,-58.95201137297903,-56.490875654872795,nan
1773116695.55832,0.019284326412039598,-0.004188790204786391,-0.3286,-0.20850982335744084,0.1801179788058148,0.14880000000000002,0.1604048081136596,-0.031415926535897934,-2.079,0.11201934105688827,-0.15289084247470325,-11.206,0.16914438273846083,0.0,0.40499999999999997,-0.16863927507938428,0.0010471975511965978,0.0,-60.84446714865369,-57.31201245377989,nan,-60.84446714865369,-57.31201245377989,nan,-60.84446714865369,-57.31201245377989,nan,-60.84446714865369,-57.31201245377989,nan
1773116695.5904174,0.019184180607887496,-0.004188790204786391,-0.3658,-0.20526134383525696,0.1811651763570114,-0.15500000000000003,0.15979458929370305,-0.028274333882308142,-2.025,0.10923403587890787,-0.15603243512829307,-11.382800000000001,0.1691547254303245,0.0010471975511965978,0.38699999999999996,-0.16862675685386527,0.0,0.0,-61.7254392316967,-58.13492646840431,nan,-61.7254392316967,-58.13492646840431,nan,-61.7254392316967,-58.13492646840431,nan,-61.7254392316967,-58.13492646840431,nan
1773116695.6063352,0.019033961901659343,-0.004188790204786391,-0.31000000000000005,-0.1998346930727648,0.1811651763570114,-0.6200000000000001,0.15914299970629187,-0.02199114857512855,-2.0655,0.10460855154963254,-0.15393804002589986,-11.7676,0.1691547254303245,0.0,0.378,-0.16862049774110577,0.0,0.0,-63.59702127682234,-58.954226691811925,nan,-63.59702127682234,-58.954226691811925,nan,-63.59702127682234,-58.954226691811925,nan,-63.59702127682234,-58.954226691811925,nan
1773116695.6383832,0.018915038759228717,-0.005235987755982988,-0.1302,-0.1965736953250619,0.18221237390820802,-0.3348,0.1587810054910634,-0.01884955592153876,-2.1060000000000003,0.10189209661200671,-0.15184364492350666,-12.4592,0.1691547254303245,0.0,0.3735,-0.16862049774110577,0.0,0.0,-64.56568389432879,-59.45010656607804,nan,-64.56568389432879,-59.45010656607804,nan,-64.56568389432879,-59.45010656607804,nan,-64.56568389432879,-59.45010656607804,nan
1773116695.6704175,0.018708488038165,-0.004188790204786391,-0.1178,-0.19010177273173215,0.1790707812546182,0.07440000000000001,0.15795359014196977,-0.017802358370342164,-2.079,0.09607738085842514,-0.16650441064025903,-11.689600000000002,0.1691547254303245,0.0,0.36,-0.16853287016247268,0.0,0.0,-66.50404831119437,-60.27785406730999,nan,-66.50404831119437,-60.27785406730999,nan,-66.50404831119437,-60.27785406730999,nan,-66.50404831119437,-60.27785406730999,nan
1773116695.7023559,0.018545751106417832,-0.003141592653589793,-0.1302,-0.18359229546184538,0.1801179788058148,0.19840000000000002,0.15723994440337655,-0.025132741228718343,-2.052,0.09011244639861543,-0.16126842288427606,-11.2476,0.1691547254303245,0.0,0.33299999999999996,-0.16841394702004203,0.006283185307179586,0.0,-68.47603969871683,-60.77698311115113,nan,-68.47603969871683,-60.77698311115113,nan,-68.47603969871683,-60.77698311115113,nan,-68.47603969871683,-60.77698311115113,nan
1773116695.7343993,0.018426827963987206,-0.003141592653589793,-0.2046,-0.17815938558659372,0.17697638615222502,-0.024800000000000003,0.1562470459844642,-0.03351032163829113,-1.8045,0.08515522909308626,-0.17069320084504544,-10.7224,0.1691547254303245,0.0,0.3105,-0.16833257855416847,0.004188790204786391,0.0,-70.4369332360284,-61.75723833694274,nan,-70.4369332360284,-61.75723833694274,nan,-70.4369332360284,-61.75723833694274,nan,-70.4369332360284,-61.75723833694274,nan
1773116695.766371,0.01831416393431609,-0.003141592653589793,-0.24180000000000001,-0.17270143926030404,0.1801179788058148,-0.5704,0.155657512548235,-0.011519173063162575,-1.9665,0.0802856393661902,-0.15812683023068624,-11.232000000000001,0.1691547254303245,0.0,0.28800000000000003,-0.1682699874265734,0.007330382858376185,0.026000000000000002,-72.42857286922694,-62.7399879070906,nan,-72.42857286922694,-62.7399879070906,nan,-72.42857286922694,-62.7399879070906,nan,-72.42857286922694,-62.7399879070906,nan
1773116695.7983603,0.018232795468442507,-0.003141592653589793,-0.372,-0.16726227027229285,0.1801179788058148,-0.3286,0.15506797911200582,-0.025132741228718343,-1.8675,0.07537223584997757,-0.17174039839624203,-11.029200000000001,0.1691547254303245,0.0,0.252,-0.16818861896069984,0.0,0.0,-74.47949326925611,-63.562718632135734,nan,-74.47949326925611,-63.562718632135734,nan,-74.47949326925611,-63.562718632135734,nan,-74.47949326925611,-63.562718632135734,nan
1773116695.8303516,0.018095094987733363,-0.003141592653589793,-0.31000000000000005,-0.16180432394600314,0.1811651763570114,-0.24800000000000003,0.1544163895245946,-0.011519173063162575,-1.8855,0.07038998209341037,-0.16336281798666924,-11.736400000000001,0.1691547254303245,0.0,0.225,-0.1680696958182692,0.0020943951023931957,0.010400000000000001,-76.58164507782462,-64.3906060267923,nan,-76.58164507782462,-64.3906060267923,nan,-76.58164507782462,-64.3906060267923,nan,-76.58164507782462,-64.3906060267923,nan
1773116695.8463523,0.017963653619783724,-0.003141592653589793,-0.21700000000000003,-0.15639019140903,0.1790707812546182,-0.012400000000000001,0.15400268185004778,-0.008377580409572783,-1.944,0.06538895099856466,-0.17174039839624203,-11.1852,0.1691547254303245,0.0,0.19799999999999998,-0.16795703178859805,0.0020943951023931957,0.0,-78.62706709614824,-65.21424863780926,nan,-78.62706709614824,-65.21424863780926,nan,-78.62706709614824,-65.21424863780926,nan,-78.62706709614824,-65.21424863780926,nan
1773116695.878367,0.017888544266669647,-0.003141592653589793,-0.2666,-0.1531104163230486,0.1780235837034216,-0.3224,0.15383719878022908,-0.008377580409572783,-1.98,0.062290690182608924,-0.16650441064025903,-11.309999999999999,0.1691547254303245,0.0,0.16199999999999998,-0.1678881815482435,0.0020943951023931957,0.1716,-79.68067168153543,-66.03996161144286,nan,-79.68067168153543,-66.03996161144286,nan,-79.68067168153543,-66.03996161144286,nan,-79.68067168153543,-66.03996161144286,nan
1773116695.8943474,0.01776962112423902,-0.003141592653589793,-0.25420000000000004,-0.14769628378607544,0.1780235837034216,-0.10540000000000001,0.15345451918127329,-0.02303834612632515,-1.8944999999999999,0.057327213764320255,-0.1790707812546182,-10.4676,0.1691547254303245,0.0,0.1215,-0.16773796284201534,0.006283185307179586,0.0572,-81.81838185702055,-66.85672988690263,nan,-81.81838185702055,-66.85672988690263,nan,-81.81838185702055,-66.85672988690263,nan,-81.81838185702055,-66.85672988690263,nan
1773116695.9263513,0.01770077088388445,-0.003141592653589793,-0.2604,-0.1444540633766511,0.1790707812546182,-0.012400000000000001,0.15293738458808978,-0.03246312408709453,-1.71,0.054084993354895874,-0.1790707812546182,-10.556,0.1691547254303245,0.0,0.09899999999999999,-0.16766285348890125,0.0020943951023931957,0.078,-82.85291766353707,-67.34946525701746,nan,-82.85291766353707,-67.34946525701746,nan,-82.85291766353707,-67.34946525701746,nan,-82.85291766353707,-67.34946525701746,nan
1773116695.9583557,0.017563070403175306,-0.003141592653589793,-0.27899999999999997,-0.1378632176408907,0.1832595714594046,-0.3844,0.15228579500067854,-0.010471975511965976,-1.7775,0.04807624510576961,-0.16859880574265226,-11.611600000000001,0.16913404004659716,-0.0010471975511965978,0.054,-0.16744378454231854,0.005235987755982988,0.0,-85.04436023828248,-68.1672960653518,nan,-85.04436023828248,-68.1672960653518,nan,-85.04436023828248,-68.1672960653518,nan,-85.04436023828248,-68.1672960653518,nan
1773116695.990332,0.017437888147985175,-0.0020943951023931957,-0.1922,-0.13238023486356298,0.1790707812546182,-0.25420000000000004,0.15216168269831454,-0.0010471975511965978,-1.9124999999999999,0.0430689548981644,-0.16964600329384885,-12.105599999999999,0.16909266927914246,-0.0010471975511965978,0.0135,-0.16728104761057136,0.004188790204786391,0.1768,-87.25366222638745,-68.65142070076544,nan,-87.25366222638745,-68.65142070076544,nan,-87.25366222638745,-68.65142070076544,nan,-87.25366222638745,-68.65142070076544,nan
1773116696.0223484,0.017331483231073565,-0.0020943951023931957,-0.14880000000000002,-0.12583946202987867,0.18221237390820802,-0.8680000000000001,0.15187208732613175,-0.012566370614359171,-1.8719999999999999,0.036578254966556124,-0.1790707812546182,-10.9044,0.16903061312796044,-0.0010471975511965978,0.0,-0.16704320132571013,0.006283185307179586,0.031200000000000002,-89.45954060315712,-69.64888009317934,nan,-89.45954060315712,-69.64888009317934,nan,-89.45954060315712,-69.64888009317934,nan,-89.45954060315712,-69.64888009317934,nan
1773116696.0543437,0.017243855652440476,-0.0020943951023931957,-0.1178,-0.12036899747806996,0.18221237390820802,-0.4402,0.15143769426785764,-0.015707963267948967,-1.7955,0.031401968714444235,-0.1780235837034216,-11.2996,0.16893752890118743,-0.006283185307179586,-0.040499999999999994,-0.1668491688301654,0.00942477796076938,0.041600000000000005,-91.73588604693259,-70.47681269290044,nan,-91.73588604693259,-70.47681269290044,nan,-91.73588604693259,-70.47681269290044,nan,-91.73588604693259,-70.47681269290044,nan
1773116696.0863402,0.017168746299326396,-0.0010471975511965978,-0.25420000000000004,-0.1149360876028183,0.1801179788058148,0.018600000000000002,0.15080679006417375,-0.016755160819145565,-1.656,0.02607546375610418,-0.17174039839624203,-11.5128,0.16872033237205036,-0.005235987755982988,-0.045,-0.1666488772218612,0.007330382858376185,0.031200000000000002,-94.05253209042172,-71.45191858865975,nan,-94.05253209042172,-71.45191858865975,nan,-94.05253209042172,-71.45191858865975,nan,-94.05253209042172,-71.45191858865975,nan
1773116696.1183586,0.017099896058971824,-0.0020943951023931957,-0.3038,-0.10943432748721207,0.18221237390820802,-0.2046,0.15039308238962693,-0.011519173063162575,-1.6244999999999998,0.0208178090381187,-0.17697638615222502,-11.003200000000001,0.16859622006968633,-0.003141592653589793,-0.09899999999999999,-0.16644858561355702,0.007330382858376185,0.1352,-96.31710945470567,-72.27473829296817,nan,-96.31710945470567,-72.27473829296817,nan,-96.31710945470567,-72.27473829296817,nan,-96.31710945470567,-72.27473829296817,nan
1773116696.134434,0.017024786705857747,-0.0020943951023931957,-0.3286,-0.10395134470988436,0.1843067690106012,-0.775,0.15027931277912657,-0.0010471975511965978,-1.7415,0.015591449883930752,-0.1780235837034216,-10.956400000000002,0.16845142238359495,-0.005235987755982988,-0.1215,-0.16622325755421477,0.010471975511965976,0.026000000000000002,-98.67581614916605,-73.08802083271887,nan,-98.67581614916605,-73.08802083271887,nan,-98.67581614916605,-73.08802083271887,nan,-98.67581614916605,-73.08802083271887,nan
1773116696.166343,0.01701226848033873,0.0,-0.6572,-0.10066531051114343,0.18221237390820802,-0.7316,0.15021725662794452,-0.0020943951023931957,-1.728,0.012305415685189827,-0.1832595714594046,-11.154,0.16830662469750354,-0.007330382858376185,-0.1035,-0.1660855570735056,0.004188790204786391,0.21320000000000003,-99.8562209690507,-73.91412120167203,nan,-99.8562209690507,-73.91412120167203,nan,-99.8562209690507,-73.91412120167203,nan,-99.8562209690507,-73.91412120167203,nan
1773116696.182313,0.01696219557826268,-0.0010471975511965978,-0.6076,-0.09518858684657522,0.1832595714594046,-0.1302,0.15008280163371682,-0.0020943951023931957,-1.7055,0.006834951133381124,-0.1832595714594046,-10.847199999999999,0.16806874278463915,-0.006283185307179586,-0.135,-0.16582267433760634,0.00942477796076938,0.0936,-102.259063393457,-74.60247590299389,nan,-102.259063393457,-74.60247590299389,nan,-102.259063393457,-74.60247590299389,nan,-102.259063393457,-74.60247590299389,nan
1773116696.214431,0.016924640901705642,-0.0010471975511965978,-0.5394,-0.0923907634430758,0.11414453308042916,-4.1292,0.14997937471508013,-0.008377580409572783,-1.656,0.0038493543470965123,-0.1371828792067543,-7.628400000000001,0.16793428779041142,-0.005235987755982988,-0.1215,-0.16569749208241621,0.003141592653589793,0.1404,-103.4211391539442,-74.60259601952438,nan,-103.4211391539442,-74.60259601952438,nan,-103.4211391539442,-74.60259601952438,nan,-103.4211391539442,-74.60259601952438,nan
1773116696.2463362,0.01685579066135107,-0.0010471975511965978,-0.46499999999999997,-0.08905465634225883,0.05969026041820607,-1.7546,0.14963806588357903,-0.0020943951023931957,-1.6199999999999999,0.0006133930504316393,-0.0450294947014537,-11.1072,0.1677688047205927,-0.003141592653589793,-0.1395,-0.16551597781239052,0.003141592653589793,0.062400000000000004,-105.83254543846571,-74.60293114200583,nan,-105.83254543846571,-74.60293114200583,nan,-105.83254543846571,-74.60293114200583,nan,-105.83254543846571,-74.60293114200583,nan
1773116696.278352,0.016824495097553537,0.0,-0.3782,-0.08742728702478714,0.041887902047863905,-2.5854,0.14938984127885094,-0.008377580409572783,-1.512,-0.0009451260266854851,-0.03246312408709453,-10.1972,0.16768606318568335,-0.0010471975511965978,-0.1395,-0.16545338668479548,-0.0010471975511965978,0.26,-108.20123430772767,-74.60315433779076,nan,-108.20123430772767,-74.60315433779076,nan,-108.20123430772767,-74.60315433779076,nan,-108.20123430772767,-74.60315433779076,nan
1773116696.3103614,0.016811976872034524,0.0,-0.35960000000000003,-0.08636323785567102,0.017802358370342164,-0.8865999999999999,0.14925538628462323,-0.006283185307179586,-1.4895,-0.001934065842687516,-0.03560471674068433,-9.4068,0.16763434972636498,-0.0010471975511965978,-0.1395,-0.1653907955572004,0.003141592653589793,0.005200000000000001,-110.66394670952982,-74.60347701290681,nan,-110.66394670952982,-74.60347701290681,nan,-110.66394670952982,-74.60347701290681,nan,-110.66394670952982,-74.60347701290681,nan
1773116696.3423312,0.016811976872034524,0.0,-0.39680000000000004,-0.08599395020286013,0.006283185307179586,0.0,0.1491623020578502,-0.0010471975511965978,-1.512,-0.0025787544569166876,-0.02303834612632515,-9.3132,0.16759297895891032,-0.0010471975511965978,-0.1395,-0.16534072265512434,0.004188790204786391,0.005200000000000001,-112.98231387488177,-74.60360530478088,nan,-112.98231387488177,-74.60360530478088,nan,-112.98231387488177,-74.60360530478088,nan,-112.98231387488177,-74.60360530478088,nan
1773116696.3583055,0.0167869404209965,-0.0010471975511965978,-0.1674,-0.0856747354521253,0.01884955592153876,-0.9238,0.1490175043717588,-0.005235987755982988,-1.44,-0.003185888394588821,-0.01466076571675237,-8.6164,0.1675619508833193,-0.0010471975511965978,-0.135,-0.16534698176788387,-0.003141592653589793,0.010400000000000001,-115.37051875939909,-74.60365008333524,nan,-115.37051875939909,-74.60365008333524,nan,-115.37051875939909,-74.60365008333524,nan,-115.37051875939909,-74.60365008333524,nan
1773116696.3744264,0.016768163082717977,-0.0010471975511965978,-0.2046,-0.08546192561830207,0.00942477796076938,-1.519,0.14899681898803147,0.0,-1.4715,-0.0032297021839053663,-0.0010471975511965978,-9.5836,0.1675619508833193,0.0,-0.135,-0.16534698176788387,0.0010471975511965978,0.0884,-116.54788030080424,-74.6036222911521,nan,-116.54788030080424,-74.6036222911521,nan,-116.54788030080424,-74.6036222911521,nan,-116.54788030080424,-74.6036222911521,nan
1773116696.406317,0.016755644857198965,0.0,-0.1736,-0.08532422513759294,0.004188790204786391,-1.3578000000000001,0.14898647629616782,0.0,-1.4715,-0.0032422204094243795,0.0,-9.6564,0.16755160819145562,0.0,-0.1395,-0.16533446354236483,0.003141592653589793,0.020800000000000003,-117.79736447756292,-74.60372214646799,nan,-117.79736447756292,-74.60372214646799,nan,-117.79736447756292,-74.60372214646799,nan,-117.79736447756292,-74.60372214646799,nan
1773116696.4223163,0.01674938574443946,0.0,-0.19840000000000002,-0.0851990428824028,0.0,-1.2833999999999999,0.14897613360430415,0.0,-1.476,-0.0032672568604624054,-0.0010471975511965978,-9.682400000000001,0.16755160819145562,0.0,-0.1395,-0.16535949999340285,-0.003141592653589793,0.020800000000000003,-120.1945562925057,-74.60382036671875,nan,-120.1945562925057,-74.60382036671875,nan,-120.1945562925057,-74.60382036671875,nan,-120.1945562925057,-74.60382036671875,nan
1773116696.454446,0.016736867518920444,0.0,-0.1674,-0.0851990428824028,0.0,-1.0788,0.1489554482205768,-0.0010471975511965978,-1.4625000000000001,-0.0033986982284120427,-0.005235987755982988,-9.094800000000001,0.16754126549959197,0.0,-0.135,-0.16537201821892186,-0.0020943951023931957,0.0728,-121.33110676906585,-74.60388354619049,nan,-121.33110676906585,-74.60388354619049,nan,-121.33110676906585,-74.60388354619049,nan,-121.33110676906585,-74.60388354619049,nan
1773116696.4703374,0.016736867518920444,0.0,-0.1364,-0.0851990428824028,0.0,-0.9052,0.14892442014498578,0.0,-1.458,-0.0035301395963616795,-0.0010471975511965978,-9.1676,0.16754126549959197,0.0,-0.135,-0.16533446354236483,0.003141592653589793,0.0,-123.73805440616962,-74.60392303372534,nan,-123.73805440616962,-74.60392303372534,nan,-123.73805440616962,-74.60392303372534,nan,-123.73805440616962,-74.60392303372534,nan
1773116696.502772,0.016736867518920444,0.0,-0.1302,-0.0851990428824028,0.0,-1.0230000000000001,0.14889339206939475,-0.0010471975511965978,-1.4535,-0.003667840077070823,-0.004188790204786391,-8.6008,0.16754126549959197,0.0,-0.135,-0.16535949999340285,-0.0010471975511965978,0.0988,-124.89926362851973,-74.60398412115158,nan,-124.89926362851973,-74.60398412115158,nan,-124.89926362851973,-74.60398412115158,nan,-124.89926362851973,-74.60398412115158,nan
1773116696.534369,0.016724349293401435,0.0,-0.1302,-0.08516148820584578,0.0020943951023931957,-1.3702,0.1488830493775311,0.0,-1.4535,-0.0036803583025898363,0.0,-8.8712,0.1675309228077283,0.0,-0.1395,-0.16532820442960533,0.0020943951023931957,0.0,-127.34715441970228,-74.60396620004715,nan,-127.34715441970228,-74.60396620004715,nan,-127.34715441970228,-74.60396620004715,nan,-127.34715441970228,-74.60396620004715,nan
1773116696.5663145,0.016724349293401435,0.0,-0.1426,-0.08513645175480775,0.0,-1.2400000000000002,0.14887270668566743,0.0,-1.449,-0.0036803583025898363,0.0,-8.8712,0.1675309228077283,0.0,-0.1395,-0.16537201821892186,-0.0020943951023931957,0.0,-129.70994817879287,-74.60396327467764,nan,-129.70994817879287,-74.60396327467764,nan,-129.70994817879287,-74.60396327467764,nan,-129.70994817879287,-74.60396327467764,nan
1773116696.5983102,0.016724349293401435,0.0,-0.12400000000000001,-0.08513645175480775,0.0,-1.2338,0.14883133591821274,-0.0010471975511965978,-1.44,-0.003749208542944408,0.0,-8.7048,0.16752058011586463,0.0,-0.135,-0.16537827733168137,-0.0010471975511965978,0.0,-132.08762919926482,-74.60401838491977,nan,-132.08762919926482,-74.60401838491977,nan,-132.08762919926482,-74.60401838491977,nan,-132.08762919926482,-74.60401838491977,nan
1773116696.6143565,0.016724349293401435,0.0,-0.1302,-0.08513645175480775,0.0,-1.2524000000000002,0.14882099322634906,0.0,-1.44,-0.0037554676557039145,0.0,-8.7256,0.16752058011586463,0.0,-0.1395,-0.16537827733168137,0.0,0.078,-134.4776939412266,-74.60402697139622,nan,-134.4776939412266,-74.60402697139622,nan,-134.4776939412266,-74.60402697139622,nan,-134.4776939412266,-74.60402697139622,nan
1773116696.6463144,0.016724349293401435,0.0,-0.1302,-0.08513645175480775,0.0,-1.2462000000000002,0.14881065053448542,0.0,-1.4355,-0.003774244993982434,-0.0010471975511965978,-8.6424,0.16752058011586463,0.0,-0.135,-0.1653845364444409,-0.0020943951023931957,0.0,-135.65087657765912,-74.60401713046882,nan,-135.65087657765912,-74.60401713046882,nan,-135.65087657765912,-74.60401713046882,nan,-135.65087657765912,-74.60401713046882,nan
1773116696.6623468,0.01671183106788242,0.0,-0.0806,-0.08511141530376971,0.0020943951023931957,-1.4756,0.14880030784262174,0.0,-1.4355,-0.003774244993982434,0.0,-8.689200000000001,0.16752058011586463,0.0,-0.1395,-0.1654033137827194,-0.0020943951023931957,0.020800000000000003,-138.07727030984998,-74.60401434805323,nan,-138.07727030984998,-74.60401434805323,nan,-138.07727030984998,-74.60401434805323,nan,-138.07727030984998,-74.60401434805323,nan
1773116696.6942978,0.016705571955122914,0.0,-0.062000000000000006,-0.08507386062721269,0.0010471975511965978,-1.6244,0.14878996515075807,0.0,-1.4355,-0.003774244993982434,0.0,-8.689200000000001,0.16751023742400095,0.0,-0.1395,-0.1653845364444409,-0.0020943951023931957,0.0,-139.32463694841755,-74.60401300464943,nan,-139.32463694841755,-74.60401300464943,nan,-139.32463694841755,-74.60401300464943,nan,-139.32463694841755,-74.60401300464943,nan
1773116696.7103043,0.016705571955122914,0.0,-0.11159999999999999,-0.08507386062721269,0.0,-1.4818,0.14878996515075807,0.0,-1.4355,-0.0037805041067419404,0.0,-8.684,0.16751023742400095,0.0,-0.1395,-0.16539705466995988,-0.0020943951023931957,0.0,-141.6565865772288,-74.60407968397281,nan,-141.6565865772288,-74.60407968397281,nan,-141.6565865772288,-74.60407968397281,nan,-141.6565865772288,-74.60407968397281,nan
1773116696.742321,0.016705571955122914,0.0,-0.1364,-0.08507386062721269,0.0,-1.4694,0.14877962245889442,0.0,-1.431,-0.0037867632195014472,0.0,-8.6684,0.16751023742400095,0.0,-0.1395,-0.16537827733168137,0.0020943951023931957,0.0,-142.82269194516428,-74.60410570430433,nan,-142.82269194516428,-74.60410570430433,nan,-142.82269194516428,-74.60410570430433,nan,-142.82269194516428,-74.60410570430433,nan
1773116696.7744253,0.016718090180641926,0.0,-0.1612,-0.08507386062721269,0.0,-1.4694,0.14876927976703072,0.0,-1.431,-0.0037930223322609536,0.0,-8.658000000000001,0.16751023742400095,0.0,-0.135,-0.16540957289547892,-0.0020943951023931957,0.0,-145.2472551251856,-74.6041086675628,nan,-145.2472551251856,-74.6041086675628,nan,-145.2472551251856,-74.6041086675628,nan,-145.2472551251856,-74.6041086675628,nan
1773116696.8063436,0.016699312842363406,0.0,-0.0806,-0.08504882417617465,0.0010471975511965978,-1.6492000000000002,0.14874859438330337,0.0,-1.4265,-0.0038055405577799664,0.0,-8.6632,0.16749989473213728,0.0,-0.1305,-0.16542835023375743,-0.0020943951023931957,0.031200000000000002,-147.6460196723489,-74.60410140035583,nan,-147.6460196723489,-74.60410140035583,nan,-147.6460196723489,-74.60410140035583,nan,-147.6460196723489,-74.60410140035583,nan
1773116696.8382857,0.016699312842363406,0.0,-0.1364,-0.08503004683789614,0.0,-1.7174000000000003,0.14874859438330337,0.0,-1.431,-0.0038055405577799664,0.0,-8.6476,0.16749989473213728,0.0,-0.135,-0.16543460934651696,-0.0010471975511965978,0.031200000000000002,-150.02317384726146,-74.60404205011645,nan,-150.02317384726146,-74.60404205011645,nan,-150.02317384726146,-74.60404205011645,nan,-150.02317384726146,-74.60404205011645,nan
1773116696.8703315,0.016699312842363406,0.0010471975511965978,-0.031000000000000003,-0.08503004683789614,0.0,-1.6864000000000001,0.14873825169143973,0.0,-1.4265,-0.003811799670539473,0.0,-8.6476,0.16749989473213728,0.0,-0.1395,-0.16544086845927644,-0.0020943951023931957,0.0,-152.37684121633066,-74.60413786489322,nan,-152.37684121633066,-74.60413786489322,nan,-152.37684121633066,-74.60413786489322,nan,-152.37684121633066,-74.60413786489322,nan
1773116696.886278,0.016699312842363406,0.0,-0.2046,-0.08503630595065564,0.0,-1.8352,0.14872790899957605,0.0,-1.431,-0.003811799670539473,0.0,-8.6424,0.1674895520402736,0.0,-0.135,-0.1654158320082384,-0.0020943951023931957,0.0,-154.7486291770831,-74.60413997995808,nan,-154.7486291770831,-74.60413997995808,nan,-154.7486291770831,-74.60413997995808,nan,-154.7486291770831,-74.60413997995808,nan
1773116696.9182715,0.016699312842363406,0.0,-0.1364,-0.08503630595065564,0.0,-1.9468,0.14872790899957605,0.0,-1.431,-0.003811799670539473,0.0,-8.6632,0.1674895520402736,0.0,-0.135,-0.16544712757203595,-0.0010471975511965978,0.005200000000000001,-156.05630656010558,-74.60413869994586,nan,-156.05630656010558,-74.60413869994586,nan,-156.05630656010558,-74.60413869994586,nan,-156.05630656010558,-74.60413869994586,nan
1773116696.9343011,0.0166930537296039,0.0,-0.1426,-0.08503630595065564,0.0,-2.108,0.14871756630771238,0.0,-1.4265,-0.003811799670539473,0.0010471975511965978,-8.5124,0.1674895520402736,0.0,-0.1305,-0.16544712757203595,-0.0020943951023931957,0.0,-158.34699361339833,-74.60412976732462,nan,-158.34699361339833,-74.60412976732462,nan,-158.34699361339833,-74.60412976732462,nan,-158.34699361339833,-74.60412976732462,nan
1773116696.966271,0.016699312842363406,0.0,-0.031000000000000003,-0.08503630595065564,0.0,-2.2072,0.14871756630771238,0.0,-1.4265,-0.003811799670539473,0.0010471975511965978,-8.528,0.1674895520402736,0.0,-0.1395,-0.1654158320082384,0.003141592653589793,0.0,-159.52386671641506,-74.60413724335393,nan,-159.52386671641506,-74.60413724335393,nan,-159.52386671641506,-74.60413724335393,nan,-159.52386671641506,-74.60413724335393,nan
1773116696.9822793,0.0166930537296039,0.0,-0.10540000000000001,-0.08503630595065564,0.0,-2.3560000000000003,0.14871756630771238,0.0,-1.431,-0.003811799670539473,0.0010471975511965978,-8.4864,0.1674895520402736,0.0,-0.1395,-0.16545964579755496,-0.0010471975511965978,0.0,-161.90539136309724,-74.60416647136375,nan,-161.90539136309724,-74.60416647136375,nan,-161.90539136309724,-74.60416647136375,nan,-161.90539136309724,-74.60416647136375,nan
1773116697.0143797,0.0166930537296039,0.0,-0.11159999999999999,-0.08504256506341513,0.0,-2.4738,0.14870722361584873,0.0,-1.431,-0.00381805878329898,-0.0010471975511965978,-8.273200000000001,0.16747920934840993,0.0,-0.1395,-0.16545964579755496,0.0,0.0,-163.0754673466745,-74.6041270221268,nan,-163.0754673466745,-74.6041270221268,nan,-163.0754673466745,-74.6041270221268,nan,-163.0754673466745,-74.6041270221268,nan
1773116697.0462582,0.0166930537296039,0.0,-0.10540000000000001,-0.08505508328893416,0.0,-2.604,0.14869688092398503,0.0,-1.4265,-0.00381805878329898,0.0,-8.216000000000001,0.16747920934840993,0.0,-0.135,-0.165472164023074,0.0,0.0,-165.492017925653,-74.60416945929124,nan,-165.492017925653,-74.60416945929124,nan,-165.492017925653,-74.60416945929124,nan,-165.492017925653,-74.60416945929124,nan
1773116697.0782864,0.0166930537296039,0.0,-0.093,-0.08507386062721269,-0.0010471975511965978,-2.9326,0.14868653823212136,0.0,-1.4265,-0.00381805878329898,0.0,-8.1172,0.16747920934840993,0.0,-0.1395,-0.1654784231358335,0.0,0.0,-167.87535232045659,-74.60416647922543,nan,-167.87535232045659,-74.60416647922543,nan,-167.87535232045659,-74.60416647922543,nan,-167.87535232045659,-74.60416647922543,nan
1773116697.1102967,0.016686794616844393,0.0,-0.055799999999999995,-0.08507386062721269,0.0,-3.317,0.14867619554025768,0.0,-1.413,-0.003811799670539473,0.0,-8.0496,0.16746886665654628,0.0,-0.14400000000000002,-0.16544086845927644,0.003141592653589793,0.0,-170.24905583423313,-74.6041663106457,nan,-170.24905583423313,-74.6041663106457,nan,-170.24905583423313,-74.6041663106457,nan,-170.24905583423313,-74.6041663106457,nan
1773116697.1422892,0.016686794616844393,0.0,-0.11159999999999999,-0.08511767441652923,-0.0020943951023931957,-3.2116000000000002,0.14867619554025768,0.0,-1.3995,-0.00381805878329898,0.0,-7.841600000000001,0.16744818127281894,0.0,-0.15750000000000003,-0.1654158320082384,0.0010471975511965978,0.0,-172.64528691124033,-74.6041644414609,nan,-172.64528691124033,-74.6041644414609,nan,-172.64528691124033,-74.6041644414609,nan,-172.64528691124033,-74.6041644414609,nan
1773116697.1743047,0.0166930537296039,0.0,-0.1426,-0.08517400643136477,-0.0010471975511965978,-3.6828,0.14865551015653036,0.0,-1.386,-0.0038243178960584863,0.0,-7.6752,0.1674274958890916,-0.0010471975511965978,-0.15750000000000003,-0.1654158320082384,-0.0020943951023931957,0.0,-175.0821692663396,-74.60418472530505,nan,-175.0821692663396,-74.60418472530505,nan,-175.0821692663396,-74.60418472530505,nan,-175.0821692663396,-74.60418472530505,nan
1773116697.2062552,0.016686794616844393,0.0,-0.0682,-0.08520530199516232,0.0,-4.1168000000000005,0.1486451674646667,0.0,-1.377,-0.0038243178960584863,0.0,-7.5036000000000005,0.1673964678135006,0.0,-0.16649999999999998,-0.16535949999340285,0.003141592653589793,0.0,-177.4644320187132,-74.60417727835564,nan,-177.4644320187132,-74.60417727835564,nan,-177.4644320187132,-74.60417727835564,nan,-177.4644320187132,-74.60417727835564,nan
1773116697.222273,0.016668017278565872,-0.0010471975511965978,-0.012400000000000001,-0.08522407933344084,0.0,-4.7058,0.1486451674646667,0.0,-1.3679999999999999,-0.0038243178960584863,0.0,-7.347600000000001,0.16737578242977325,-0.0010471975511965978,-0.16649999999999998,-0.16535949999340285,0.0010471975511965978,0.1196,-179.85369100963743,-74.6041379270744,nan,-179.85369100963743,-74.6041379270744,nan,-179.85369100963743,-74.6041379270744,nan,-179.85369100963743,-74.6041379270744,nan
1773116697.2543547,0.016668017278565872,0.0,-0.0806,-0.08524285667171935,-0.0010471975511965978,-4.9228000000000005,0.1486451674646667,0.0,-1.359,-0.0038243178960584863,0.0,-7.134400000000001,0.16734475435418222,-0.0010471975511965978,-0.16649999999999998,-0.16534072265512434,0.003141592653589793,0.078,-181.02751558287724,-74.60415268094653,nan,-181.02751558287724,-74.60415268094653,nan,-181.02751558287724,-74.60415268094653,nan,-181.02751558287724,-74.60415268094653,nan
1773116697.2702808,0.01667427639132538,0.0010471975511965978,-0.1364,-0.08533674336311195,-0.003141592653589793,-4.9104,0.1486451674646667,0.0,-1.3499999999999999,-0.0038243178960584863,0.0,-6.89,0.16731372627859123,-0.0010471975511965978,-0.1755,-0.16533446354236483,-0.003141592653589793,0.0468,-183.41558681519777,-74.60424790166256,nan,-183.41558681519777,-74.60424790166256,nan,-183.41558681519777,-74.60424790166256,nan,-183.41558681519777,-74.60424790166256,nan
1773116697.3022542,0.01667427639132538,0.0,-0.10540000000000001,-0.08536803892690949,-0.0010471975511965978,-5.6854000000000005,0.1486451674646667,0.0,-1.3455,-0.00381805878329898,0.0,-6.7392,0.16730338358672753,-0.0010471975511965978,-0.1755,-0.1652781315275293,0.004188790204786391,0.041600000000000005,-184.60325748890295,-74.60424281075008,nan,-184.60325748890295,-74.60424281075008,nan,-184.60325748890295,-74.60424281075008,nan,-184.60325748890295,-74.60424281075008,nan
1773116697.3343503,0.016686794616844393,0.0,-0.1922,-0.08543688916726407,-0.0020943951023931957,-6.1814,0.1486451674646667,0.0,-1.3319999999999999,-0.00381805878329898,0.0,-6.338800000000001,0.1672516701274092,-0.0010471975511965978,-0.189,-0.16522179951269372,0.003141592653589793,0.005200000000000001,-186.98454706076888,-74.60420629667945,nan,-186.98454706076888,-74.60420629667945,nan,-186.98454706076888,-74.60420629667945,nan,-186.98454706076888,-74.60420629667945,nan
1773116697.3662584,0.016655499053046863,-0.0010471975511965978,0.0,-0.08549948029485913,-0.0010471975511965978,-7.285,0.1486451674646667,0.0,-1.305,-0.003811799670539473,0.0,-5.948799999999999,0.1671896139762272,-0.0020943951023931957,-0.1845,-0.16512791282130113,0.004188790204786391,0.0468,-189.3729244651587,-74.60419185534126,nan,-189.3729244651587,-74.60419185534126,nan,-189.3729244651587,-74.60419185534126,nan,-189.3729244651587,-74.60419185534126,nan
1773116697.39826,0.016649239940287355,0.0,0.0,-0.08556207142245419,-0.0020943951023931957,-8.0786,0.1486451674646667,0.0,-1.2825,-0.0037867632195014472,0.0010471975511965978,-5.5588,0.16709652974945413,-0.0020943951023931957,-0.18,-0.16505280346818704,0.003141592653589793,0.0,-191.75520423630076,-74.60411214362104,nan,-191.75520423630076,-74.60411214362104,nan,-191.75520423630076,-74.60411214362104,nan,-191.75520423630076,-74.60411214362104,nan
1773116697.4302833,0.016655499053046863,0.0010471975511965978,-0.2046,-0.0857686221435179,-0.00942477796076938,-7.458600000000001,0.1486451674646667,0.0,-1.2600000000000002,-0.0037679858812229273,0.0,-5.1844,0.1670137882145448,-0.0020943951023931957,-0.18,-0.16499021234059197,0.0020943951023931957,0.0,-194.13983515714338,-74.60424755157374,nan,-194.13983515714338,-74.60424755157374,nan,-194.13983515714338,-74.60424755157374,nan,-194.13983515714338,-74.60424755157374,nan
1773116697.4622872,0.016655499053046863,0.0,-0.09920000000000001,-0.08613165068356927,-0.013613568165555772,-6.3984000000000005,0.1486451674646667,0.0,-1.242,-0.0037304312046658886,0.0010471975511965978,-4.7788,0.1669413893714991,-0.0010471975511965978,-0.1845,-0.16492136210023742,0.0,0.041600000000000005,-196.54709445822567,-74.60425962976315,nan,-196.54709445822567,-74.60425962976315,nan,-196.54709445822567,-74.60425962976315,nan,-196.54709445822567,-74.60425962976315,nan
1773116697.4942768,0.016655499053046863,0.0,-0.062000000000000006,-0.08648842011086115,-0.006283185307179586,-6.9254,0.1486451674646667,0.0,-1.2195,-0.0037116538663873686,0.0,-4.2692,0.16685864783658974,-0.0020943951023931957,-0.20249999999999999,-0.1648149571833258,0.005235987755982988,0.015600000000000001,-198.91602673006773,-74.60420602895003,nan,-198.91602673006773,-74.60420602895003,nan,-198.91602673006773,-74.60420602895003,nan,-198.91602673006773,-74.60420602895003,nan
1773116697.5102654,0.016649239940287355,0.0,-0.062000000000000006,-0.08657604768949424,-0.0020943951023931957,-8.8784,0.1486451674646667,0.0,-1.1880000000000002,-0.0036740991898303295,0.0010471975511965978,-3.8168,0.1667655636098167,-0.0020943951023931957,-0.20249999999999999,-0.1647085522664142,0.003141592653589793,0.020800000000000003,-201.27277994121636,-74.60417773166816,nan,-201.27277994121636,-74.60417773166816,nan,-201.27277994121636,-74.60417773166816,nan,-201.27277994121636,-74.60417773166816,nan
1773116697.542282,0.016636721714768342,-0.0010471975511965978,0.0,-0.0866323797043298,-0.0020943951023931957,-9.7774,0.1486451674646667,0.0,-1.17,-0.0036240262877542777,0.0020943951023931957,-3.5308,0.166693164766771,-0.0020943951023931957,-0.207,-0.16463970202605963,0.003141592653589793,0.08320000000000001,-202.48735034380155,-74.60414048851071,nan,-202.48735034380155,-74.60414048851071,nan,-202.48735034380155,-74.60414048851071,nan,-202.48735034380155,-74.60414048851071,nan
1773116697.5582979,0.016636721714768342,0.0,-0.10540000000000001,-0.0869265580040266,-0.016755160819145565,-8.4692,0.1486451674646667,0.0,-1.1385,-0.0035363987091211863,0.0020943951023931957,-2.9899999999999998,0.16658973784813433,-0.003141592653589793,-0.20249999999999999,-0.16452077888362898,0.004188790204786391,0.015600000000000001,-204.93559552968748,-74.60414431097944,nan,-204.93559552968748,-74.60414431097944,nan,-204.93559552968748,-74.60414431097944,nan,-204.93559552968748,-74.60414431097944,nan
1773116697.5902426,0.016649239940287355,0.0010471975511965978,-0.09920000000000001,-0.08728958654407798,-0.020943951023931952,-7.2974000000000006,0.1486451674646667,0.0,-1.1205,-0.0034738075815261213,0.003141592653589793,-2.6988000000000003,0.16651733900508864,-0.003141592653589793,-0.2115,-0.16444566953051493,0.005235987755982988,0.010400000000000001,-206.1163991701642,-74.60419026061348,nan,-206.1163991701642,-74.60419026061348,nan,-206.1163991701642,-74.60419026061348,nan,-206.1163991701642,-74.60419026061348,nan
1773116697.6222522,0.016661758165806364,0.0,-0.2046,-0.08795931160934518,-0.01884955592153876,-6.5534,0.1486451674646667,0.0,-1.0665,-0.003304811537019445,0.004188790204786391,-2.2048,0.1663518559352699,-0.003141592653589793,-0.225,-0.1642578961477297,0.005235987755982988,0.0,-208.47548400519972,-74.60415239671468,nan,-208.47548400519972,-74.60415239671468,nan,-208.47548400519972,-74.60415239671468,nan,-208.47548400519972,-74.60415239671468,nan
1773116697.6543722,0.016649239940287355,0.0,-0.0806,-0.08833485837491557,-0.003141592653589793,-9.746400000000001,0.1486451674646667,0.0,-1.0215,-0.0030231514628416513,0.00942477796076938,-2.1736,0.16618637286545118,-0.003141592653589793,-0.22949999999999998,-0.16407638187770401,0.004188790204786391,0.041600000000000005,-210.9015400913181,-74.60405829678508,nan,-210.9015400913181,-74.60405829678508,nan,-210.9015400913181,-74.60405829678508,nan,-210.9015400913181,-74.60405829678508,nan
1773116697.6862557,0.016630462602008834,-0.0010471975511965978,0.0,-0.08848507708114374,-0.007330382858376185,-11.3026,0.1486451674646667,0.0,-0.9765,-0.0027978234034994162,0.005235987755982988,-1.5184,0.16602088979563245,-0.004188790204786391,-0.243,-0.16390112672043783,0.004188790204786391,0.1144,-213.30372498613664,-74.6039268030482,nan,-213.30372498613664,-74.6039268030482,nan,-213.30372498613664,-74.6039268030482,nan,-213.30372498613664,-74.6039268030482,nan
1773116697.7182994,0.016636721714768342,0.0,0.0,-0.08910472924433488,-0.034557519189487726,-7.3904,0.1486451674646667,0.0,-0.9359999999999999,-0.0026288273589927403,0.005235987755982988,-0.8476,0.16585540672581375,-0.004188790204786391,-0.2565,-0.16371335333765266,0.004188790204786391,0.0676,-215.6861781857287,-74.60393611498155,nan,-215.6861781857287,-74.60393611498155,nan,-215.6861781857287,-74.60393611498155,nan,-215.6861781857287,-74.60393611498155,nan
1773116697.7502651,0.016636721714768342,-0.0010471975511965978,-0.25420000000000004,-0.09020633309000803,-0.034557519189487726,-4.4888,0.1486451674646667,0.0,-0.882,-0.0024034992996505053,0.006283185307179586,-0.312,0.16568992365599503,-0.004188790204786391,-0.261,-0.16351932084210796,0.007330382858376185,0.020800000000000003,-218.0673246669922,-74.60398658625411,nan,-218.0673246669922,-74.60398658625411,nan,-218.0673246669922,-74.60398658625411,nan,-218.0673246669922,-74.60398658625411,nan
1773116697.782219,0.016611685263730316,-0.0010471975511965978,-0.2046,-0.09093864928287029,-0.015707963267948967,-6.3674,0.14865551015653036,0.0,-0.8325,-0.002140616563751231,0.00942477796076938,-0.031200000000000002,0.1655244405861763,-0.004188790204786391,-0.28800000000000003,-0.16331902923380373,0.006283185307179586,0.0,-220.42393975187545,-74.60388852261214,nan,-220.42393975187545,-74.60388852261214,nan,-220.42393975187545,-74.60388852261214,nan,-220.42393975187545,-74.60388852261214,nan
1773116697.7982128,0.016574130587173275,-0.0010471975511965978,-0.22319999999999998,-0.0912328275825671,-0.00942477796076938,-9.4302,0.14865551015653036,0.0,-0.7695000000000001,-0.0017337742343833072,0.007330382858376185,-0.005200000000000001,0.16532792944076657,-0.005235987755982988,-0.28800000000000003,-0.163099960287221,0.005235987755982988,0.078,-222.82599179163597,-74.60380444948034,nan,-222.82599179163597,-74.60380444948034,nan,-222.82599179163597,-74.60380444948034,nan,-222.82599179163597,-74.60380444948034,nan
1773116697.8302372,0.01654909413613525,-0.0010471975511965978,-0.21080000000000002,-0.09147067386742834,-0.016755160819145565,-9.665799999999999,0.14865551015653036,0.0,-0.729,-0.0014583732729650202,0.016755160819145565,0.0,0.1652141598302662,-0.005235987755982988,-0.31500000000000006,-0.16296225980651186,0.006283185307179586,0.12480000000000001,-224.08562484507607,-74.60386413948683,nan,-224.08562484507607,-74.60386413948683,nan,-224.08562484507607,-74.60386413948683,nan,-224.08562484507607,-74.60386413948683,nan
1773116697.846219,0.016524057685097224,-0.0010471975511965978,-0.372,-0.0921967309475311,-0.031415926535897934,-7.880199999999999,0.14867619554025768,0.0,-0.6705,-0.0010202353797995633,0.01466076571675237,0.30160000000000003,0.16498662060926544,-0.006283185307179586,-0.3105,-0.16271815440889112,0.007330382858376185,0.005200000000000001,-226.4245956381687,-74.60399720043742,nan,-226.4245956381687,-74.60399720043742,nan,-226.4245956381687,-74.60399720043742,nan,-226.4245956381687,-74.60399720043742,nan
1773116697.8781996,0.01651153945957821,-0.0010471975511965978,-0.4092,-0.0928789742383173,-0.03665191429188092,-6.1628,0.14869688092398503,0.0,-0.6255000000000001,-0.0007385753056217699,0.01466076571675237,0.45239999999999997,0.16485216561503774,-0.005235987755982988,-0.33749999999999997,-0.16257419481542248,0.005235987755982988,0.1976,-227.60933926609547,-74.60408633773294,nan,-227.60933926609547,-74.60408633773294,nan,-227.60933926609547,-74.60408633773294,nan,-227.60933926609547,-74.60408633773294,nan
1773116697.9102752,0.01643643010646413,-0.0020943951023931957,-0.0868,-0.09411201945194009,-0.02932153143350474,-5.9644,0.14872790899957605,0.0010471975511965978,-0.5535,-0.0002941782996968067,0.01466076571675237,1.2792000000000001,0.1645832556265823,-0.006283185307179586,-0.3555,-0.16227375740296615,0.005235987755982988,0.28600000000000003,-229.94385952200446,-74.6041391055521,nan,-229.94385952200446,-74.6041391055521,nan,-229.94385952200446,-74.6041391055521,nan,-229.94385952200446,-74.6041391055521,nan
1773116697.9422443,0.016392616317147585,0.0,-0.3844,-0.09469411693857421,-0.010471975511965976,-11.16,0.14878996515075807,0.0010471975511965978,-0.46349999999999997,0.0004193605548869371,0.017802358370342164,1.1544,0.16427297487067222,-0.007330382858376185,-0.36,-0.1619482835394718,0.006283185307179586,0.3224,-232.3310443780564,-74.6041522090598,nan,-232.3310443780564,-74.6041522090598,nan,-232.3310443780564,-74.6041522090598,nan,-232.3310443780564,-74.6041522090598,nan
1773116697.9744024,0.016373838978869067,0.0,-0.4774,-0.09543895135695549,-0.03979350694547071,-8.4196,0.14884167861007644,0.0010471975511965978,-0.39599999999999996,0.0010327536053185765,0.020943951023931952,1.0556,0.1640040648822168,-0.006283185307179586,-0.39149999999999996,-0.16163532790149648,0.00942477796076938,0.031200000000000002,-234.713690157271,-74.6044345173177,nan,-234.713690157271,-74.6044345173177,nan,-234.713690157271,-74.6044345173177,nan,-234.713690157271,-74.6044345173177,nan
1773116698.00628,0.016355061640590546,0.0,-0.5890000000000001,-0.09674084681093284,-0.047123889803846894,-5.921,0.14890373476125845,0.0010471975511965978,-0.31500000000000006,0.0016085919791931768,0.02199114857512855,1.5184,0.1637558402774887,-0.006283185307179586,-0.414,-0.16134740871455916,0.00942477796076938,0.0572,-237.18306403701297,-74.60458095649315,nan,-237.18306403701297,-74.60458095649315,nan,-237.18306403701297,-74.60458095649315,nan,-237.18306403701297,-74.60458095649315,nan
1773116698.0382528,0.016292470512995483,-0.0020943951023931957,-0.2604,-0.09808655605422674,-0.03979350694547071,-5.728800000000001,0.14896579091244044,0.0010471975511965978,-0.22949999999999998,0.00219694857858679,0.017802358370342164,2.184,0.16350761567276062,-0.006283185307179586,-0.45899999999999996,-0.16103445307658384,0.00942477796076938,0.2236,-239.5805050907323,-74.60459305233556,nan,-239.5805050907323,-74.60459305233556,nan,-239.5805050907323,-74.60459305233556,nan,-239.5805050907323,-74.60459305233556,nan
1773116698.0702124,0.016198583821602885,-0.0020943951023931957,-0.1178,-0.09898786829159568,-0.02199114857512855,-9.1326,0.14903818975548616,0.0020943951023931957,-0.15300000000000002,0.0029417829969680663,0.030368728984701332,1.5288,0.16321802030057786,-0.008377580409572783,-0.45899999999999996,-0.16070897921308952,0.010471975511965976,0.1196,-241.9230255746711,-74.6045946136054,nan,-241.9230255746711,-74.6045946136054,nan,-241.9230255746711,-74.6045946136054,nan,-241.9230255746711,-74.6045946136054,nan
1773116698.0862327,0.016167288257805352,-0.0010471975511965978,-0.2728,-0.09956370666547028,-0.03246312408709453,-11.1228,0.14912093129039553,0.0020943951023931957,-0.07200000000000001,0.0036928765281088495,0.02617993877991494,2.0904000000000003,0.16289739685280408,-0.00942477796076938,-0.4815,-0.16037724623683566,0.012566370614359171,0.1404,-244.2651255931326,-74.60481343784639,nan,-244.2651255931326,-74.60481343784639,nan,-244.2651255931326,-74.60481343784639,nan,-244.2651255931326,-74.60481343784639,nan
1773116698.1181948,0.016148510919526834,-0.0010471975511965978,-0.31000000000000005,-0.1003586139859276,-0.047123889803846894,-8.9838,0.14918298744157754,0.003141592653589793,-0.0135,0.004199864661628877,0.028274333882308142,2.028,0.1626595149399397,-0.011519173063162575,-0.4815,-0.16015817729025295,0.013613568165555772,0.031200000000000002,-245.4734630754564,-74.60520649058074,nan,-245.4734630754564,-74.60520649058074,nan,-245.4734630754564,-74.60520649058074,nan,-245.4734630754564,-74.60520649058074,nan
1773116698.1343932,0.016142251806767326,0.0,-0.5208,-0.10180446903337362,-0.050265482457436686,-8.091,0.14928641436021423,0.0010471975511965978,0.0045000000000000005,0.0050573631096812715,0.02932153143350474,2.1684,0.16226649264912021,-0.011519173063162575,-0.504,-0.15977637141192305,0.013613568165555772,0.0,-247.85505945593422,-74.60529181119315,nan,-247.85505945593422,-74.60529181119315,nan,-247.85505945593422,-74.60529181119315,nan,-247.85505945593422,-74.60529181119315,nan
1773116698.1661797,0.01613599269400782,0.0,-0.6076,-0.10279966796213515,-0.056548667764616284,-6.460400000000001,0.1494415547381693,0.00942477796076938,0.058499999999999996,0.0055956468069988325,0.030368728984701332,2.2828,0.16203895342811947,-0.010471975511965976,-0.5355,-0.15955730246534033,0.010471975511965976,0.1092,-249.07201281689686,-74.6053267401821,nan,-249.07201281689686,-74.6053267401821,nan,-249.07201281689686,-74.6053267401821,nan,-249.07201281689686,-74.6053267401821,nan
1773116698.1982248,0.016060883340893742,-0.003141592653589793,-0.35340000000000005,-0.10423300478406215,0.010471975511965976,-2.9202,0.1497828635696704,0.007330382858376185,0.108,0.006165226068113926,-0.012566370614359171,-0.5356,0.16153216152679964,-0.015707963267948967,-0.5489999999999999,-0.1590503143318203,0.016755160819145565,0.08320000000000001,-251.44749595625214,-74.60524935604501,nan,-251.44749595625214,-74.60524935604501,nan,-251.44749595625214,-74.60524935604501,nan,-251.44749595625214,-74.60524935604501,nan
1773116698.2302153,0.015948219311222624,-0.0020943951023931957,-0.46499999999999997,-0.10316895561494605,0.05864306286700948,-0.049600000000000005,0.1500931443255805,0.004188790204786391,0.1845,0.005326504958340052,-0.030368728984701332,-5.6888000000000005,0.16090125732311575,-0.017802358370342164,-0.5535,-0.15839310749207208,0.019896753472735354,0.005200000000000001,-253.82253228773223,-74.60523773153211,nan,-253.82253228773223,-74.60523773153211,nan,-253.82253228773223,-74.60523773153211,nan,-253.82253228773223,-74.60523773153211,nan
1773116698.2622452,0.015873109958108547,-0.0020943951023931957,-0.6696,-0.10095322969808072,0.0952949771588904,-0.8370000000000001,0.15029999816285392,0.005235987755982988,0.2565,0.0039432410384891104,-0.061784655520599266,-8.9336,0.16031172388688655,-0.01884955592153876,-0.6075,-0.15777345532888096,0.02303834612632515,0.0,-256.18627616710825,-74.44208459716477,nan,-256.18627616710825,-74.44208459716477,nan,-256.18627616710825,-74.44208459716477,nan,-256.18627616710825,-74.44208459716477,nan
1773116698.2943342,0.015747927702918416,-0.0020943951023931957,-0.744,-0.09746064477827608,0.10681415022205297,-0.8989999999999999,0.150579250843173,0.006283185307179586,0.33749999999999997,0.0013206727922558767,-0.0890117918517108,-11.934,0.1595670500727023,-0.020943951023931952,-0.6120000000000001,-0.15698480712118312,0.024085543677521748,0.13,-258.72236979840307,-74.6055789349757,nan,-258.72236979840307,-74.6055789349757,nan,-258.72236979840307,-74.6055789349757,nan,-258.72236979840307,-74.6055789349757,nan
1773116698.326211,0.01564778189876631,-0.004188790204786391,-0.5084000000000001,-0.09491944499791644,0.11205013797803595,-0.2728,0.1507861046804464,0.006283185307179586,0.4095,-0.0011516767477492004,-0.10995574287564276,-12.0172,0.15899820202020046,-0.024085543677521748,-0.5760000000000001,-0.15640896874730853,0.025132741228718343,0.005200000000000001,-261.0361466938398,-74.60640104796633,nan,-261.0361466938398,-74.60640104796633,nan,-261.0361466938398,-74.60640104796633,nan,-261.0361466938398,-74.60640104796633,nan
1773116698.3581927,0.015497563192538154,-0.004188790204786391,-0.43400000000000005,-0.09182744329472022,0.06806784082777885,-6.913,0.1510963854363565,0.00942477796076938,0.45899999999999996,-0.0039432410384891104,-0.05759586531581288,-11.6844,0.15828455628160723,-0.024085543677521748,-0.5760000000000001,-0.15574550279480084,0.016755160819145565,0.338,-263.40032557972944,-74.60699183417091,nan,-263.40032557972944,-74.60699183417091,nan,-263.40032557972944,-74.60699183417091,nan,-263.40032557972944,-74.60699183417091,nan
1773116698.374179,0.015384899162867036,-0.0020943951023931957,-0.4588,-0.09088231726803474,0.011519173063162575,-2.79,0.15143769426785764,0.010471975511965976,0.5175000000000001,-0.005138731575554856,-0.01884955592153876,-11.7676,0.15764330938605967,-0.02303834612632515,-0.5805,-0.15510081418057167,0.020943951023931952,0.1352,-265.75460370249453,-74.60745389882,nan,-265.75460370249453,-74.60745389882,nan,-265.75460370249453,-74.60745389882,nan,-265.75460370249453,-74.60745389882,nan
1773116698.4061685,0.015347344486309996,-0.0010471975511965978,-0.6014,-0.09115771822945302,-0.028274333882308142,-4.1726,0.15167557618072203,0.010471975511965976,0.558,-0.005257654717985481,0.0,-10.784799999999999,0.15722960171151287,-0.020943951023931952,-0.5760000000000001,-0.15471274918948227,0.020943951023931952,0.015600000000000001,-266.9258889250999,-74.60816033659492,nan,-266.9258889250999,-74.60816033659492,nan,-266.9258889250999,-74.60816033659492,nan,-266.9258889250999,-74.60816033659492,nan
1773116698.4221787,0.015297271584233945,-0.0010471975511965978,-0.775,-0.09195888466266985,-0.03874630939427412,-7.0432,0.15208928385526882,0.013613568165555772,0.585,-0.005245136492466467,0.0020943951023931957,-8.475999999999999,0.15655732674037431,-0.02303834612632515,-0.5489999999999999,-0.15411813347732917,0.017802358370342164,0.3432,-269.3525953213432,-74.60863837805292,nan,-269.3525953213432,-74.60863837805292,nan,-269.3525953213432,-74.60863837805292,nan,-269.3525953213432,-74.60863837805292,nan
1773116698.4541838,0.015240939569398386,-0.003141592653589793,-0.6014,-0.09291652891487436,-0.05969026041820607,-6.2496,0.15238922191931525,0.015707963267948967,0.6300000000000001,-0.00515124980107387,0.007330382858376185,-6.448,0.1561849898332822,-0.019896753472735354,-0.5805,-0.15372380937348024,0.020943951023931952,0.0,-270.51853241470445,-74.60877191567097,nan,-270.51853241470445,-74.60877191567097,nan,-270.51853241470445,-74.60877191567097,nan,-270.51853241470445,-74.60877191567097,nan
1773116698.4861963,0.015078202637651217,-0.004188790204786391,-0.14880000000000002,-0.09499455435103052,-0.053407075111026485,-9.6038,0.1530614968904538,0.019896753472735354,0.6435,-0.004775703035503478,0.016755160819145565,-3.2084,0.15537825986791592,-0.02303834612632515,-0.558,-0.15295393850406094,0.02303834612632515,0.0936,-272.9520007631518,-74.60894328807433,nan,-272.9520007631518,-74.60894328807433,nan,-272.9520007631518,-74.60894328807433,nan,-272.9520007631518,-74.60894328807433,nan
1773116698.5182023,0.015003093284537137,-0.0010471975511965978,-0.6200000000000001,-0.09719776204237682,-0.07749261878854824,-9.9944,0.15375445724531972,0.01466076571675237,0.72,-0.003999573053324669,0.03351032163829113,-1.014,0.15453015913509496,-0.020943951023931952,-0.567,-0.15214025384532506,0.020943951023931952,0.1768,-275.29120257621315,-74.60915743328219,nan,-275.29120257621315,-74.60915743328219,nan,-275.29120257621315,-74.60915743328219,nan,-275.29120257621315,-74.60915743328219,nan
1773116698.5502276,0.014965538607980099,-0.0010471975511965978,-0.8246000000000001,-0.09976399827377448,-0.08691739674931762,-8.4816,0.15440604683273093,0.020943951023931952,0.6885,-0.0029292647714490535,0.041887902047863905,0.3276,0.15381651339650174,-0.025132741228718343,-0.5489999999999999,-0.15143297410350084,0.025132741228718343,0.052000000000000005,-277.731119927139,-74.60982482383034,nan,-277.731119927139,-74.60982482383034,nan,-277.731119927139,-74.60982482383034,nan,-277.731119927139,-74.60982482383034,nan
1773116698.5822196,0.014915465705904046,-0.003141592653589793,-0.682,-0.10263693103038798,-0.10471975511965977,-5.7846,0.15494386680964176,0.01466076571675237,0.8009999999999999,-0.0015585190771171245,0.047123889803846894,1.4924,0.15303046881486282,-0.025132741228718343,-0.5355,-0.1507194352489171,0.02303834612632515,0.0,-280.0751355874059,-74.61008565864638,nan,-280.0751355874059,-74.61008565864638,nan,-280.0751355874059,-74.61008565864638,nan,-280.0751355874059,-74.61008565864638,nan
1773116698.6142786,0.01474646966139737,-0.005235987755982988,-0.14880000000000002,-0.10512805790867158,-0.02932153143350474,-2.7714000000000003,0.155564428321462,0.01884955592153876,0.7965,-0.0004256196676464437,0.003141592653589793,-0.0728,0.1522754523088149,-0.02303834612632515,-0.5940000000000001,-0.14996834171777632,0.02932153143350474,0.2444,-282.47368505138456,-74.61018387255224,nan,-282.47368505138456,-74.61018387255224,nan,-282.47368505138456,-74.61018387255224,nan,-282.47368505138456,-74.61018387255224,nan
1773116698.6461895,0.014577473616890695,-0.003141592653589793,-0.25420000000000004,-0.10520942637454515,0.015707963267948967,-5.1088,0.15637115828682827,0.025132741228718343,0.711,-0.0006822432907862111,-0.028274333882308142,-1.7992,0.15141700888413026,-0.031415926535897934,-0.5760000000000001,-0.1490732885931669,0.031415926535897934,0.1144,-284.8315969240177,-74.49272672440573,nan,-284.8315969240177,-74.49272672440573,nan,-284.8315969240177,-74.49272672440573,nan,-284.8315969240177,-74.49272672440573,nan
1773116698.6621706,0.014464809587219577,-0.003141592653589793,-0.42160000000000003,-0.10494654363864589,0.00942477796076938,-0.5394,0.1570124051823758,0.024085543677521748,0.7695000000000001,-0.0010953447329136417,-0.020943951023931952,-6.968000000000001,0.15042411046521795,-0.031415926535897934,-0.5625,-0.1481344216792409,0.02932153143350474,0.2392,-287.2621679267637,-74.08182377282623,nan,-287.2621679267637,-74.08182377282623,nan,-287.2621679267637,-74.08182377282623,nan,-287.2621679267637,-74.08182377282623,nan
1773116698.6941772,0.014377182008586486,-0.003141592653589793,-0.5146000000000001,-0.10436444615201178,0.050265482457436686,0.024800000000000003,0.15733302863014956,0.01466076571675237,0.8775000000000001,-0.0017588106854213332,-0.04293509959906051,-8.1224,0.1498138916452614,-0.03246312408709453,-0.54,-0.14753980596708777,0.03351032163829113,0.1092,-288.4217027090657,-74.0575939586378,nan,-288.4217027090657,-74.0575939586378,nan,-288.4217027090657,-74.0575939586378,nan,-288.4217027090657,-74.0575939586378,nan
1773116698.7102005,0.014245740640636849,-0.006283185307179586,-0.2728,-0.10285599997697072,0.05969026041820607,0.037200000000000004,0.1579846182175608,0.02199114857512855,0.8775000000000001,-0.00307948347767721,-0.05759586531581288,-10.831600000000002,0.14868653823212136,-0.03560471674068433,-0.5355,-0.1464945341362502,0.03246312408709453,0.338,-290.78222863529174,-74.09037219373978,nan,-290.78222863529174,-74.09037219373978,nan,-290.78222863529174,-74.09037219373978,nan,-290.78222863529174,-74.09037219373978,nan
1773116698.7421758,0.014126817498206224,-0.006283185307179586,-0.1426,-0.10181698725889264,0.05864306286700948,0.0,0.15847072473515328,0.03351032163829113,0.8099999999999999,-0.004112237082995787,-0.05550147021341968,-12.688,0.14802460595284647,-0.03665191429188092,-0.5085000000000001,-0.1458435864092615,0.03665191429188092,0.2652,-291.93857899100664,-74.17363030368358,nan,-291.93857899100664,-74.17363030368358,nan,-291.93857899100664,-74.17363030368358,nan,-291.93857899100664,-74.17363030368358,nan
1773116698.774194,0.013907748551623496,-0.003141592653589793,-0.31000000000000005,-0.09956370666547028,0.06283185307179587,-0.9672000000000001,0.1594325950784746,0.034557519189487726,0.7695000000000001,-0.006421849691253694,-0.05759586531581288,-15.1164,0.1466076571675237,-0.03874630939427412,-0.477,-0.1445041362787271,0.03560471674068433,0.2184,-294.32812716266585,-74.40121374934151,nan,-294.32812716266585,-74.40121374934151,nan,-294.32812716266585,-74.40121374934151,nan,-294.32812716266585,-74.40121374934151,nan
1773116698.8062077,0.013763788958154846,-0.004188790204786391,-0.44639999999999996,-0.09742309010171905,0.05445427266222309,-0.3038,0.16051857772415995,0.02932153143350474,0.7829999999999999,-0.009457519379614358,-0.08168140899333462,-13.7644,0.1452113937659282,-0.04084070449666731,-0.46799999999999997,-0.1431208723588762,0.03665191429188092,0.0728,-296.7442996642096,-74.55434285821825,nan,-296.7442996642096,-74.55434285821825,nan,-296.7442996642096,-74.55434285821825,nan,-296.7442996642096,-74.55434285821825,nan
1773116698.838157,0.013657384041243234,-0.004188790204786391,-0.6262000000000001,-0.09581449812252588,0.05235987755982988,-0.24180000000000001,0.1613666784569809,0.028274333882308142,0.8595,-0.012224047219316242,-0.08482300164692443,-13.0832,0.14402198420160614,-0.03769911184307752,-0.486,-0.14197545472388648,0.03665191429188092,0.48360000000000003,-299.1332226807035,-74.61414953787936,nan,-299.1332226807035,-74.61414953787936,nan,-299.1332226807035,-74.61414953787936,nan,-299.1332226807035,-74.61414953787936,nan
1773116698.87027,0.013444574207420014,-0.006283185307179586,-0.12400000000000001,-0.09472541250237174,-0.00942477796076938,-5.0778,0.16218375111421085,0.024085543677521748,0.9315,-0.014471068699979084,-0.024085543677521748,-10.155600000000002,0.14281188925355676,-0.03769911184307752,-0.4725,-0.1408175188633778,0.03874630939427412,0.23399999999999999,-301.5165146221139,-74.61464881547622,nan,-301.5165146221139,-74.61464881547622,nan,-301.5165146221139,-74.61464881547622,nan,-301.5165146221139,-74.61464881547622,nan
1773116698.9021833,0.01325680082463482,-0.004188790204786391,-0.24800000000000003,-0.09541391490591745,-0.0450294947014537,-9.703,0.16314562145753217,0.03769911184307752,0.882,-0.014539918940333655,0.008377580409572783,-8.528,0.1416638504566894,-0.041887902047863905,-0.441,-0.13966584211562857,0.03979350694547071,0.026000000000000002,-303.9055886576243,-74.61499078679918,nan,-303.9055886576243,-74.61499078679918,nan,-303.9055886576243,-74.61499078679918,nan,-303.9055886576243,-74.61499078679918,nan
1773116698.9342926,0.013112841231166168,-0.004188790204786391,-0.1674,-0.09715394825306027,-0.0890117918517108,-11.922600000000001,0.1643764017893089,0.04293509959906051,0.819,-0.0142958135427129,0.020943951023931952,-3.9728000000000003,0.14053649704354934,-0.03769911184307752,-0.486,-0.13855797915719592,0.03560471674068433,0.3276,-306.3064215659944,-74.61570264726419,nan,-306.3064215659944,-74.61570264726419,nan,-306.3064215659944,-74.61570264726419,nan,-306.3064215659944,-74.61570264726419,nan
1773116698.9502385,0.013031472765292583,-0.0010471975511965978,-0.8804,-0.1006402740601054,-0.1350884841043611,-8.3824,0.16549341251058527,0.028274333882308142,0.855,-0.013576015575369652,0.03665191429188092,-0.031200000000000002,0.1393677728629546,-0.03979350694547071,-0.4725,-0.13742507974772525,0.03769911184307752,0.3952,-308.67177916824807,-74.61630940543347,nan,-308.67177916824807,-74.61630940543347,nan,-308.67177916824807,-74.61630940543347,nan,-308.67177916824807,-74.61630940543347,nan
1773116698.9821813,0.012962622524938011,-0.005235987755982988,-0.48360000000000003,-0.10330039698289568,-0.1434660645139339,-8.921800000000001,0.1661139740224055,0.041887902047863905,0.7965,-0.012486929955215515,0.07435102613495843,0.40040000000000003,0.13865412712436137,-0.03874630939427412,-0.4815,-0.13667398621658447,0.04084070449666731,0.031200000000000002,-309.8468340104923,-74.61678558296879,nan,-309.8468340104923,-74.61678558296879,nan,-309.8468340104923,-74.61678558296879,nan,-309.8468340104923,-74.61678558296879,nan
1773116698.9981842,0.012737294465595777,-0.006283185307179586,-0.031000000000000003,-0.10746270696796752,-0.11205013797803595,-1.5066,0.16717927128436352,0.034557519189487726,0.8415,-0.010540345887008987,0.04084070449666731,-0.10400000000000001,0.1374026614088573,-0.03979350694547071,-0.4815,-0.13552856858159476,0.03874630939427412,0.338,-312.23791514887927,-74.46519279545835,nan,-312.23791514887927,-74.46519279545835,nan,-312.23791514887927,-74.46519279545835,nan,-312.23791514887927,-74.46519279545835,nan
1773116699.0301816,0.012599593984886633,-0.006283185307179586,0.055799999999999995,-0.10873956597090685,-0.048171087355043496,-4.5942,0.16799634394159346,0.03979350694547071,0.711,-0.010277463151109712,0.003141592653589793,0.005200000000000001,0.13664764490280937,-0.04293509959906051,-0.4905,-0.13473992037389695,0.048171087355043496,0.12480000000000001,-313.4075911997871,-74.02071792946154,nan,-313.4075911997871,-74.02071792946154,nan,-313.4075911997871,-74.02071792946154,nan,-313.4075911997871,-74.02071792946154,nan
1773116699.0621843,0.012380525038303903,-0.006283185307179586,-0.10540000000000001,-0.109853688042099,-0.015707963267948967,-7.2044,0.16945466349437094,0.03874630939427412,0.729,-0.010333795165945271,-0.019896753472735354,-0.36400000000000005,0.13503418497207684,-0.048171087355043496,-0.4815,-0.13311881016918475,0.048171087355043496,0.041600000000000005,-315.79686521632686,-73.33159871989226,nan,-315.79686521632686,-73.33159871989226,nan,-315.79686521632686,-73.33159871989226,nan,-315.79686521632686,-73.33159871989226,nan
1773116699.0941803,0.012192751655518709,-0.0020943951023931957,-0.6882,-0.11049211754356866,-0.010471975511965976,-6.4542,0.17072681459360237,0.034557519189487726,0.8099999999999999,-0.010627973465642078,-0.006283185307179586,-3.406,0.13330695543084392,-0.050265482457436686,-0.4725,-0.13145388617515602,0.0460766922526503,0.2704,-318.1173942649555,-73.10829645210555,nan,-318.1173942649555,-73.10829645210555,nan,-318.1173942649555,-73.10829645210555,nan,-318.1173942649555,-73.10829645210555,nan
1773116699.1261628,0.012004978272733512,-0.007330382858376185,-0.062000000000000006,-0.11059852246048028,-0.0010471975511965978,-8.3018,0.17187485339046973,0.04084070449666731,0.7829999999999999,-0.01087833797602234,-0.010471975511965976,-5.3456,0.13183829318620277,-0.05131268000863329,-0.4545,-0.13002680846598852,0.0460766922526503,0.156,-320.4751019066946,-72.90222169207343,nan,-320.4751019066946,-72.90222169207343,nan,-320.4751019066946,-72.90222169207343,nan,-320.4751019066946,-72.90222169207343,nan
1773116699.1581633,0.011792168438910292,-0.005235987755982988,-0.024800000000000003,-0.11078003673050597,-0.008377580409572783,-8.0104,0.17311597641411014,0.04084070449666731,0.7425,-0.011178775388478652,-0.01884955592153876,-6.7652,0.13034894555783427,-0.050265482457436686,-0.45899999999999996,-0.12859347164406154,0.050265482457436686,0.16640000000000002,-322.8435031915944,-72.77460321668784,nan,-322.8435031915944,-72.77460321668784,nan,-322.8435031915944,-72.77460321668784,nan,-322.8435031915944,-72.77460321668784,nan
1773116699.1901255,0.011585617717846577,-0.004188790204786391,0.0,-0.11117436083435488,-0.008377580409572783,-7.998,0.17435709943775057,0.047123889803846894,0.6659999999999999,-0.011523026590251511,-0.0020943951023931957,-9.3548,0.12882856985387478,-0.050265482457436686,-0.495,-0.12709128458177998,0.05131268000863329,0.08320000000000001,-325.16457868716844,-72.74413987049213,nan,-325.16457868716844,-72.74413987049213,nan,-325.16457868716844,-72.74413987049213,nan,-325.16457868716844,-72.74413987049213,nan
1773116699.2221575,0.011410362560580393,-0.004188790204786391,-0.19840000000000002,-0.11144350268301366,-0.015707963267948967,-8.9652,0.175629250536982,0.03665191429188092,0.7829999999999999,-0.012042532949290552,-0.015707963267948967,-9.256,0.1272668233824606,-0.0492182849062401,-0.45,-0.12553276550466286,0.050265482457436686,0.2808,-327.42367592888786,-72.6982849420154,nan,-327.42367592888786,-72.6982849420154,nan,-327.42367592888786,-72.6982849420154,nan,-327.42367592888786,-72.6982849420154,nan
1773116699.2381244,0.01129143941814977,-0.003141592653589793,-0.7812,-0.1119442317037742,-0.017802358370342164,-9.386800000000001,0.17688071625248605,0.041887902047863905,0.765,-0.012430597940379958,-0.02303834612632515,-9.8436,0.1256430207598644,-0.05131268000863329,-0.4455,-0.12403057844238129,0.053407075111026485,0.1768,-329.78150136217835,-72.61278522154707,nan,-329.78150136217835,-72.61278522154707,nan,-329.78150136217835,-72.61278522154707,nan,-329.78150136217835,-72.61278522154707,nan
1773116699.2701635,0.01116625716295964,-0.006283185307179586,-0.2294,-0.11242618338625619,-0.03351032163829113,-7.9422,0.17758401929921563,0.041887902047863905,0.7829999999999999,-0.012756071803874296,-0.01466076571675237,-10.2492,0.1247018358002704,-0.05131268000863329,-0.46799999999999997,-0.12307919330293629,0.05235987755982988,0.08320000000000001,-330.91785464106346,-72.54411439236503,nan,-330.91785464106346,-72.54411439236503,nan,-330.91785464106346,-72.54411439236503,nan,-330.91785464106346,-72.54411439236503,nan
1773116699.2861323,0.010928410878098392,-0.008377580409572783,-0.018600000000000002,-0.11354656457020786,-0.03769911184307752,-6.8882,0.17889754116590173,0.050265482457436686,0.7515000000000001,-0.013156655020482712,-0.011519173063162575,-10.66,0.12307803317767421,-0.05131268000863329,-0.46799999999999997,-0.12150189688754064,0.05235987755982988,0.156,-333.2534171730852,-72.43781190448634,nan,-333.2534171730852,-72.43781190448634,nan,-333.2534171730852,-72.43781190448634,nan,-333.2534171730852,-72.43781190448634,nan
1773116699.3181248,0.010778192171870234,-0.008377580409572783,-0.062000000000000006,-0.11426636253755111,-0.04293509959906051,-6.3364,0.17975598459058637,0.04293509959906051,0.747,-0.013394501305343963,-0.010471975511965976,-10.431199999999999,0.1220747920668982,-0.05445427266222309,-0.441,-0.12053173440981713,0.05445427266222309,0.1976,-334.4105625439783,-72.33866212624605,nan,-334.4105625439783,-72.33866212624605,nan,-334.4105625439783,-72.33866212624605,nan,-334.4105625439783,-72.33866212624605,nan
1773116699.3501604,0.010559123225287506,-0.004188790204786391,-0.5766,-0.11534918904494573,-0.031415926535897934,-10.7756,0.18165903989350163,0.05445427266222309,0.6345,-0.013550979124331624,-0.007330382858376185,-10.821200000000001,0.1201717367639829,-0.05550147021341968,-0.45899999999999996,-0.11850378187573703,0.053407075111026485,0.3796,-336.6921726390808,-72.12006366813254,nan,-336.6921726390808,-72.12006366813254,nan,-336.6921726390808,-72.12006366813254,nan,-336.6921726390808,-72.12006366813254,nan
1773116699.3821723,0.010377608955261818,-0.003141592653589793,-1.2214,-0.11705166771553152,-0.060737457969402664,-8.3824,0.18361380865573532,0.0492182849062401,0.558,-0.013588533800888663,-0.0010471975511965978,-11.148800000000001,0.11814456915870357,-0.05550147021341968,-0.441,-0.11649460667993543,0.050265482457436686,0.0468,-338.9934204108043,-71.98000527932506,nan,-338.9934204108043,-71.98000527932506,nan,-338.9934204108043,-71.98000527932506,nan,-338.9934204108043,-71.98000527932506,nan
1773116699.4141467,0.010158540008679088,-0.007330382858376185,-0.5890000000000001,-0.11912969315168767,-0.07435102613495843,-5.5304,0.1849997293654671,0.05131268000863329,0.5445,-0.013701197830559782,-0.0010471975511965978,-10.2596,0.11641733961747065,-0.056548667764616284,-0.477,-0.11481090534762817,0.05550147021341968,0.3692,-341.3267584079973,-71.77328234835196,nan,-341.3267584079973,-71.77328234835196,nan,-341.3267584079973,-71.77328234835196,nan,-341.3267584079973,-71.77328234835196,nan
1773116699.44615,0.009864361708982281,-0.00942477796076938,-0.055799999999999995,-0.12114512746024877,-0.07225663103256524,-5.2762,0.18655113314501762,0.05445427266222309,0.513,-0.013713716056078793,0.0,-9.3392,0.11469011007623774,-0.05550147021341968,-0.46799999999999997,-0.1131084266770424,0.05864306286700948,0.10400000000000001,-343.5853926798362,-71.45800083311305,nan,-343.5853926798362,-71.45800083311305,nan,-343.5853926798362,-71.45800083311305,nan,-343.5853926798362,-71.45800083311305,nan
1773116699.4781451,0.009607738085842515,-0.007330382858376185,-0.018600000000000002,-0.12316682088156938,-0.05550147021341968,-8.3328,0.18830939076184153,0.06597344572538565,0.33299999999999996,-0.013701197830559782,0.0,-7.982,0.11299390861059586,-0.05131268000863329,-0.4725,-0.11141846623197563,0.05550147021341968,0.4056,-345.85912126822353,-71.07399240003004,nan,-345.85912126822353,-71.07399240003004,nan,-345.85912126822353,-71.07399240003004,nan,-345.85912126822353,-71.07399240003004,nan
1773116699.5101376,0.009438742041335837,-0.004188790204786391,-0.6572,-0.12482548576283861,-0.06806784082777885,-9.802200000000001,0.18996422146002873,0.05759586531581288,0.32849999999999996,-0.013657384041243234,0.004188790204786391,-6.453200000000001,0.11124599368563562,-0.05759586531581288,-0.4725,-0.10969095111035183,0.061784655520599266,0.20800000000000002,-348.1805345350352,-70.70334123342874,nan,-348.1805345350352,-70.70334123342874,nan,-348.1805345350352,-70.70334123342874,nan,-348.1805345350352,-70.70334123342874,nan
1773116699.5261602,0.00929478244786719,-0.006283185307179586,-0.775,-0.12704747079246342,-0.08168140899333462,-9.746400000000001,0.19173282176871634,0.056548667764616284,0.20249999999999999,-0.013488387996736559,0.006283185307179586,-4.6904,0.10957047760372103,-0.05759586531581288,-0.5085000000000001,-0.10796343598872803,0.05550147021341968,0.2548,-350.3557364766996,-70.33102700229115,nan,-350.3557364766996,-70.33102700229115,nan,-350.3557364766996,-70.33102700229115,nan,-350.3557364766996,-70.33102700229115,nan
1773116699.5581172,0.009138304628879526,-0.007330382858376185,-0.5208,-0.12890016816927735,-0.10890854532444617,-5.6606000000000005,0.19268434942017398,0.05235987755982988,0.2475,-0.013344428403267909,0.00942477796076938,-3.3332,0.10854655110921771,-0.05759586531581288,-0.504,-0.10691816415789045,0.05445427266222309,0.49920000000000003,-351.51826449673626,-70.02550614039112,nan,-351.51826449673626,-70.02550614039112,nan,-351.51826449673626,-70.02550614039112,nan,-351.51826449673626,-70.02550614039112,nan
1773116699.574122,0.008831608103663706,-0.015707963267948967,-0.775,-0.13196713342143557,-0.10367255756846318,-5.654400000000001,0.19425643858345185,0.053407075111026485,0.18,-0.013012695427014064,0.013613568165555772,-1.2376,0.1067469227249391,-0.07225663103256524,-0.8325,-0.10497158008968392,0.0890117918517108,1.6848,-353.6882533253466,-69.62083044828763,nan,-353.6882533253466,-69.62083044828763,nan,-353.6882533253466,-69.62083044828763,nan,-353.6882533253466,-69.62083044828763,nan
1773116699.6061506,0.008562466255004925,-0.00942477796076938,-0.48360000000000003,-0.13386364458756606,-0.10786134777324956,-4.7926,0.19518728085118214,0.05445427266222309,0.15750000000000003,-0.01269348067627923,0.025132741228718343,-0.4472,0.10508174933488822,-0.0932005820564972,-0.5625,-0.10323780585530061,0.0879645943005142,0.6396000000000001,-354.81128285427326,-69.28487054568164,nan,-354.81128285427326,-69.28487054568164,nan,-354.81128285427326,-69.28487054568164,nan,-354.81128285427326,-69.28487054568164,nan
1773116699.6381447,0.008143105700117987,-0.008377580409572783,-0.5394,-0.13707456943319288,-0.08691739674931762,-10.819,0.19709033615409746,0.047123889803846894,0.15300000000000002,-0.011566840379568058,0.04084070449666731,0.20800000000000002,0.10192722831646883,-0.08168140899333462,-0.5489999999999999,-0.10019587705418044,0.07853981633974483,0.46799999999999997,-357.0428504881396,-68.73098856116714,nan,-357.0428504881396,-68.73098856116714,nan,-357.0428504881396,-68.73098856116714,nan,-357.0428504881396,-68.73098856116714,nan
1773116699.670216,0.007711226919712038,-0.015707963267948967,-1.0726,-0.14061722725507358,-0.11309733552923257,-9.3806,0.19896236338142173,0.050265482457436686,0.108,-0.010114726219362543,0.03665191429188092,2.1684,0.09902093190277754,-0.10157816246606997,-0.828,-0.09695991575751557,0.11623892818282236,0.6136,-359.26773646978137,-68.39206658223539,nan,-359.26773646978137,-68.39206658223539,nan,-359.26773646978137,-68.39206658223539,nan,-359.26773646978137,-68.39206658223539,nan
1773116699.702126,0.007135388545837438,-0.025132741228718343,-0.6944,-0.14444154515113206,-0.1382300767579509,-5.1335999999999995,0.20033794139928984,0.04084070449666731,0.189,-0.008794053427106667,0.05235987755982988,2.7664000000000004,0.095400989750493,-0.1371828792067543,-0.8145,-0.09321070721457116,0.13927727430914752,1.1232,-361.55546159114004,-67.83671547579023,nan,-361.55546159114004,-67.83671547579023,nan,-361.55546159114004,-67.83671547579023,nan,-361.55546159114004,-67.83671547579023,nan
1773116699.7342546,0.0063342221126206025,-0.02932153143350474,-0.21080000000000002,-0.1484098226406592,-0.12985249634837812,-5.2017999999999995,0.20165146326597594,0.047123889803846894,0.15300000000000002,-0.007116611207558918,0.060737457969402664,3.3904,0.09113980070266094,-0.15498523757709648,-0.7829999999999999,-0.08889817852327116,0.15184364492350666,0.7852,-363.58490424416874,-67.2313660172588,nan,-363.58490424416874,-67.2313660172588,nan,-363.58490424416874,-67.2313660172588,nan,-363.58490424416874,-67.2313660172588,nan
1773116699.7661362,0.005457946326289689,-0.02932153143350474,-0.21700000000000003,-0.15201507159013494,-0.11205013797803595,-8.3638,0.20313046820248076,0.053407075111026485,0.126,-0.005107436011757323,0.07330382858376185,3.2604,0.08641319052096369,-0.16650441064025903,-0.8099999999999999,-0.08414751193880572,0.16650441064025903,1.1336,-365.72601700508744,-66.57065247334606,nan,-365.72601700508744,-66.57065247334606,nan,-365.72601700508744,-66.57065247334606,nan,-365.72601700508744,-66.57065247334606,nan
1773116699.7981682,0.004569152314439763,-0.02932153143350474,-0.527,-0.155426288044066,-0.12252211349000192,-10.6454,0.20455775967966724,0.04293509959906051,0.1395,-0.0028228598545374426,0.08168140899333462,3.4424,0.0810143053681279,-0.1811651763570114,-0.6300000000000001,-0.07910892616740295,0.1759291886010284,1.0972,-367.8204460357098,-65.89552283261627,nan,-367.8204460357098,-65.89552283261627,nan,-367.8204460357098,-65.89552283261627,nan,-367.8204460357098,-65.89552283261627,nan
1773116699.814098,0.00381805878329898,-0.025132741228718343,-1.7236000000000002,-0.15940082464635266,-0.14765485471872028,-8.711,0.20598505115685373,0.04084070449666731,0.1395,-0.0004131014421274306,0.07749261878854824,4.066400000000001,0.0755119932966554,-0.18535396656179778,-0.5535,-0.07394515814081008,0.1748819910498318,1.0452000000000001,-369.90227087263935,-65.29818459316196,nan,-369.90227087263935,-65.29818459316196,nan,-369.90227087263935,-65.29818459316196,nan,-369.90227087263935,-65.29818459316196,nan
1773116699.846093,0.003298552424259938,-0.030368728984701332,-1.2958,-0.16218612982433306,-0.16022122533307945,-5.9582,0.20672972497103798,0.0450294947014537,0.1395,0.0011391585222301874,0.09110618695410401,3.5048000000000004,0.07238850035382703,-0.1843067690106012,-0.4815,-0.07079056531001879,0.1748819910498318,0.806,-370.9595624626702,-64.74651321244383,nan,-370.9595624626702,-64.74651321244383,nan,-370.9595624626702,-64.74651321244383,nan,-370.9595624626702,-64.74651321244383,nan
1773116699.8620992,0.0023596855103339594,-0.034557519189487726,-0.9176,-0.16688046439396295,-0.15498523757709648,-5.0778,0.2080329041458604,0.04293509959906051,0.207,0.003811799670539473,0.0900589894029074,4.2224,0.06675173328812684,-0.1780235837034216,-0.4725,-0.06547657857719776,0.1811651763570114,1.0764,-372.96467826504824,-64.09507574555306,nan,-372.96467826504824,-64.09507574555306,nan,-372.96467826504824,-64.09507574555306,nan,-372.96467826504824,-64.09507574555306,nan
1773116699.8941593,0.001708737783345281,-0.03769911184307752,-0.1674,-0.16967828779746236,-0.15812683023068624,-4.65,0.20881894872749934,0.0439822971502571,0.20249999999999999,0.005526796566644261,0.09948376736367678,3.8064,0.06352481342666176,-0.1759291886010284,-0.4545,-0.062290690182608924,0.17383479349863523,0.9099999999999999,-373.9514625427956,-63.63414797350457,nan,-373.9514625427956,-63.63414797350457,nan,-373.9514625427956,-63.63414797350457,nan,-373.9514625427956,-63.63414797350457,nan
1773116699.9261038,0.0004694334569629893,-0.031415926535897934,-0.5518,-0.17486709227509326,-0.12985249634837812,-9.7588,0.2105565209605959,0.048171087355043496,0.135,0.009225932207512617,0.10367255756846318,3.7388,0.05703994562814061,-0.1811651763570114,-0.4185,-0.05589387694239326,0.1748819910498318,0.8164,-375.9865967713942,-62.858764855732154,nan,-375.9865967713942,-62.858764855732154,nan,-375.9865967713942,-62.858764855732154,nan,-375.9865967713942,-62.858764855732154,nan
1773116699.9581234,-0.0006321703887101589,-0.025132741228718343,-1.5376,-0.1801748198951548,-0.15498523757709648,-8.357600000000001,0.21221135165878313,0.048171087355043496,0.1305,0.013075286554609128,0.11309733552923257,2.9276,0.050575763213346794,-0.1790707812546182,-0.46349999999999997,-0.04939065878526598,0.1790707812546182,0.7072,-378.01553396789103,-62.400846675508234,nan,-378.01553396789103,-62.400846675508234,nan,-378.01553396789103,-62.400846675508234,nan,-378.01553396789103,-62.400846675508234,nan
1773116699.9900966,-0.0015960737536741636,-0.034557519189487726,-0.5208,-0.18486289535202519,-0.16755160819145562,-8.8598,0.21355590160106022,0.03874630939427412,0.16649999999999998,0.016292470512995483,0.10786134777324956,4.0716,0.0450734511418743,-0.1864011641129944,-0.414,-0.04385760310586222,0.1905899543177808,0.624,-379.9561524077299,-61.569756238269854,nan,-379.9561524077299,-61.569756238269854,nan,-379.9561524077299,-61.569756238269854,nan,-379.9561524077299,-61.569756238269854,nan
1773116700.0221093,-0.0026037909079547144,-0.03665191429188092,-0.6386,-0.19008925450621314,-0.1759291886010284,-6.782800000000001,0.21486942346774635,0.0439822971502571,0.108,0.019747500756243083,0.11414453308042916,3.9572000000000003,0.03939531330871941,-0.1864011641129944,-0.369,-0.03824943807334436,0.18535396656179778,0.6708000000000001,-381.882200603733,-60.72235141084582,nan,-381.882200603733,-60.72235141084582,nan,-381.882200603733,-60.72235141084582,nan,-381.882200603733,-60.72235141084582,nan
1773116700.054173,-0.003699135640868356,-0.03560471674068433,-0.15500000000000003,-0.19535942744971763,-0.17383479349863523,-5.827999999999999,0.2161002037995231,0.04293509959906051,0.16199999999999998,0.023183753661212166,0.12147491593880533,3.6712,0.033789574318610224,-0.18221237390820802,-0.3555,-0.03266005037910504,0.18221237390820802,0.5824,-383.8109999764589,-59.967221122979424,nan,-383.8109999764589,-59.967221122979424,nan,-383.8109999764589,-59.967221122979424,nan,-383.8109999764589,-59.967221122979424,nan
1773116700.0861135,-0.004731889246186932,-0.034557519189487726,-0.3348,-0.20048564079975345,-0.16650441064025903,-7.2974000000000006,0.21739304028248185,0.04293509959906051,0.14400000000000002,0.026864111963802,0.12461650859239512,3.6972,0.028359661090183418,-0.1832595714594046,-0.3735,-0.027202104052815354,0.1801179788058148,0.6552,-385.7453690177788,-59.12077893361474,nan,-385.7453690177788,-59.12077893361474,nan,-385.7453690177788,-59.12077893361474,nan,-385.7453690177788,-59.12077893361474,nan
1773116700.1021051,-0.005702051723910443,-0.02932153143350474,-0.9734,-0.2054240807670041,-0.16441001553786586,-8.6738,0.2185927925386676,0.0450294947014537,0.18,0.030600802281227395,0.13404128655316452,3.2812,0.02294009055362028,-0.1790707812546182,-0.369,-0.021737898613766158,0.1801179788058148,0.7176000000000001,-387.5813642873599,-58.2653580574512,nan,-387.5813642873599,-58.2653580574512,nan,-387.5813642873599,-58.2653580574512,nan,-387.5813642873599,-58.2653580574512,nan
1773116700.1340706,-0.006265371872266031,-0.03351032163829113,-0.7502,-0.20841593666604824,-0.16964600329384885,-8.773,0.2194202078877612,0.0439822971502571,0.14400000000000002,0.032998042468118396,0.1329940890019679,3.3696,0.019692485308427873,-0.1748819910498318,-0.31949999999999995,-0.018451864415025235,0.17697638615222502,0.5408,-388.4783675711027,-57.445821087521324,nan,-388.4783675711027,-57.445821087521324,nan,-388.4783675711027,-57.445821087521324,nan,-388.4783675711027,-57.445821087521324,nan
1773116700.1501253,-0.007273089026546582,-0.03246312408709453,-1.0354,-0.2138425874285404,-0.1895427567665842,-6.0884,0.2206406455276743,0.03979350694547071,0.16649999999999998,0.0368348785896959,0.1319468914507713,3.718,0.014541824760320161,-0.16859880574265226,-0.5309999999999999,-0.01308780478012814,0.1832595714594046,1.1336,-390.2961257396259,-56.663848014049776,nan,-390.2961257396259,-56.663848014049776,nan,-390.2961257396259,-56.663848014049776,nan,-390.2961257396259,-56.663848014049776,nan
1773116700.1820703,-0.007917777640775753,-0.03665191429188092,-0.3472,-0.21734769057386405,-0.19373154697137057,-4.6686000000000005,0.22135429126626752,0.04293509959906051,0.1845,0.0392383778893464,0.1308996938995747,3.8792,0.011376961050037111,-0.1748819910498318,-0.5355,-0.009770475017589684,0.1832595714594046,0.8476,-391.1939693061835,-56.19502335520168,nan,-391.1939693061835,-56.19502335520168,nan,-391.1939693061835,-56.19502335520168,nan,-391.1939693061835,-56.19502335520168,nan
1773116700.2141118,-0.009169600192677058,-0.034557519189487726,-0.5642,-0.2241137914668906,-0.1864011641129944,-4.0920000000000005,0.22272986928413563,0.03979350694547071,0.23399999999999999,0.04403911737588791,0.13927727430914752,3.9364000000000003,0.0049438067108343075,-0.1790707812546182,-0.5535,-0.003117038154234249,0.1811651763570114,0.7852,-392.921850024662,-55.3256899995982,nan,-392.921850024662,-55.3256899995982,nan,-392.921850024662,-55.3256899995982,nan,-392.921850024662,-55.3256899995982,nan
1773116700.2460966,-0.010440200082856883,-0.034557519189487726,-0.4526,-0.23061075051125837,-0.1759291886010284,-6.3922,0.2242502449880951,0.03665191429188092,0.207,0.049052666696252634,0.1434660645139339,4.0144,-0.0015617464714141852,-0.18221237390820802,-0.621,0.003498844032564147,0.18535396656179778,0.9932000000000001,-394.76066247816016,-54.76146503075243,nan,-394.76066247816016,-54.76146503075243,nan,-394.76066247816016,-54.76146503075243,nan,-394.76066247816016,-54.76146503075243,nan
1773116700.2781103,-0.011466694575415952,-0.031415926535897934,-1.0478,-0.23576200031233224,-0.17174039839624203,-8.959000000000001,0.22553273877919022,0.0439822971502571,0.15300000000000002,0.05339023183859065,0.1403244718603441,3.7856,-0.007002002391704658,-0.1832595714594046,-0.603,0.009069454388524955,0.187448361664191,0.6656000000000001,-396.5065433433863,-53.678633644310224,nan,-396.5065433433863,-53.678633644310224,nan,-396.5065433433863,-53.678633644310224,nan,-396.5065433433863,-53.678633644310224,nan
1773116700.3101127,-0.012505707293494034,-0.03560471674068433,-0.8494,-0.2411010234961913,-0.1832595714594046,-8.2088,0.22670146295978494,0.034557519189487726,0.189,0.05777161077024522,0.1445132620651305,3.458,-0.012566370614359171,-0.1895427567665842,-0.54,0.014677619421042799,0.1916371518689774,0.7644,-398.15797246725464,-52.65428267691123,nan,-398.15797246725464,-52.65428267691123,nan,-398.15797246725464,-52.65428267691123,nan,-398.15797246725464,-52.65428267691123,nan
1773116700.3421278,-0.013619829364686198,-0.03979350694547071,-0.6138,-0.24700962594116546,-0.19896753472735357,-5.4126,0.22779778829733396,0.03560471674068433,0.2205,0.06212795325086176,0.1466076571675237,3.5672000000000006,-0.0183686207498781,-0.19373154697137057,-0.5085000000000001,0.02036715291943423,0.1895427567665842,0.9256,-399.79152627521836,-51.856513387769176,nan,-399.79152627521836,-51.856513387769176,nan,-399.79152627521836,-51.856513387769176,nan,-399.79152627521836,-51.856513387769176,nan
1773116700.3740833,-0.01476524699967589,-0.03665191429188092,-0.8370000000000001,-0.2529370057244182,-0.19582594207376378,-4.736800000000001,0.22890445632674666,0.03769911184307752,0.207,0.06654062774631385,0.1466076571675237,3.8012,-0.024191556269124365,-0.19792033717615698,-0.432,0.02613179577093974,0.1947787445225672,0.9464,-401.4092141332481,-51.02592812969826,nan,-401.4092141332481,-51.02592812969826,nan,-401.4092141332481,-51.02592812969826,nan,-401.4092141332481,-51.02592812969826,nan
1773116700.3900812,-0.01588562818362756,-0.03665191429188092,-0.5890000000000001,-0.2587329441397212,-0.19373154697137057,-4.736800000000001,0.2300111243561594,0.03560471674068433,0.189,0.07105344804591807,0.15079644737231007,3.6399999999999997,-0.029962778329052284,-0.1895427567665842,-0.45899999999999996,0.031877661284166726,0.18535396656179778,0.7696,-403.00632173434894,-50.08798524134271,nan,-403.00632173434894,-50.08798524134271,nan,-403.00632173434894,-50.08798524134271,nan,-403.00632173434894,-50.08798524134271,nan
1773116700.4220877,-0.01654909413613525,-0.03665191429188092,-0.7068000000000001,-0.2621879743829688,-0.1905899543177808,-4.4206,0.23070408471102524,0.03769911184307752,0.1845,0.07375112564526537,0.14974924982111346,3.6972,-0.033365523952199744,-0.1864011641129944,-0.432,0.035245063948781234,0.1832595714594046,0.6968000000000001,-403.7872802719665,-49.148950347832724,nan,-403.7872802719665,-49.148950347832724,nan,-403.7872802719665,-49.148950347832724,nan,-403.7872802719665,-49.148950347832724,nan
1773116700.4380906,-0.017694511771124945,-0.03769911184307752,-0.4898,-0.2677272891751321,-0.17697638615222502,-6.014,0.23180041004857432,0.03874630939427412,0.19799999999999998,0.07833279618522415,0.15184364492350666,3.6191999999999998,-0.03889886409926325,-0.1864011641129944,-0.4905,0.04082193341750155,0.187448361664191,0.8944,-405.36243375046735,-48.2390032220782,nan,-405.36243375046735,-48.2390032220782,nan,-405.36243375046735,-48.2390032220782,nan,-405.36243375046735,-48.2390032220782,nan
1773116700.4701066,-0.0183266821598351,-0.03246312408709453,-1.1222,-0.27092569579523995,-0.1801179788058148,-6.9378,0.23244165694412183,0.034557519189487726,0.2115,0.08107428757388802,0.15498523757709648,3.3124000000000002,-0.042270581646819703,-0.1864011641129944,-0.3825,0.0442206316459136,0.18221237390820802,0.5512,-406.1066325340839,-47.6969753784957,nan,-406.1066325340839,-47.6969753784957,nan,-406.1066325340839,-47.6969753784957,nan,-406.1066325340839,-47.6969753784957,nan
1773116700.5020561,-0.01960980027553394,-0.03560471674068433,-1.054,-0.2774539504034052,-0.1832595714594046,-8.2398,0.23367243727589856,0.028274333882308142,0.27,0.08660734325329177,0.15184364492350666,3.7388,-0.0488795617477049,-0.18535396656179778,-0.46349999999999997,0.05083651383271199,0.18535396656179778,0.8580000000000001,-407.61091338761736,-46.83860907872498,nan,-407.61091338761736,-46.83860907872498,nan,-407.61091338761736,-46.83860907872498,nan,-407.61091338761736,-46.83860907872498,nan
1773116700.5341353,-0.020980545969865868,-0.03560471674068433,-1.0230000000000001,-0.28435149266438137,-0.19582594207376378,-5.611000000000001,0.2348101333809023,0.03351032163829113,0.216,0.09215291715821455,0.15184364492350666,3.3644000000000003,-0.055695395685863486,-0.1905899543177808,-0.414,0.05765268762781459,0.19268434942017398,1.0868,-409.1168796068793,-46.34720923566004,nan,-409.1168796068793,-46.34720923566004,nan,-409.1168796068793,-46.34720923566004,nan,-409.1168796068793,-46.34720923566004,nan
1773116700.5660858,-0.02213222271761507,-0.03979350694547071,-0.8308000000000001,-0.29032268623695057,-0.1968731396249604,-4.1726,0.23576166103235996,0.031415926535897934,0.28800000000000003,0.09667199657057826,0.15079644737231007,3.7752,-0.06143558967020041,-0.1864011641129944,-0.4275,0.06339229402828207,0.1895427567665842,0.9308,-410.57088553553484,-45.34241943031202,nan,-410.57088553553484,-45.34241943031202,nan,-410.57088553553484,-45.34241943031202,nan,-410.57088553553484,-45.34241943031202,nan
1773116700.598113,-0.023240085676047725,-0.03769911184307752,-1.3144,-0.2961874748926082,-0.1968731396249604,-2.8706,0.23679593021872697,0.03246312408709453,0.261,0.10127244444881556,0.15289084247470325,3.718,-0.06697927250912758,-0.18221237390820802,-0.4995,0.06919449155634462,0.18849555921538758,0.6344,-411.9644040569877,-44.26969871218197,nan,-411.9644040569877,-44.26969871218197,nan,-411.9644040569877,-44.26969871218197,nan,-411.9644040569877,-44.26969871218197,nan
1773116700.614056,-0.024272839281366303,-0.0439822971502571,-0.29760000000000003,-0.3008379956729216,-0.18849555921538758,-2.2258,0.23751991864918384,0.02617993877991494,0.3465,0.10500287565348145,0.14870205226991687,4.1028,-0.07123011886509599,-0.1748819910498318,-0.585,0.07375112564526537,0.1905899543177808,0.4108,-413.3476200990068,-43.330235909569936,nan,-413.3476200990068,-43.330235909569936,nan,-413.3476200990068,-43.330235909569936,nan,-413.3476200990068,-43.330235909569936,nan
1773116700.6300883,-0.024936305233873992,-0.03874630939427412,-0.1178,-0.3040489205185484,-0.1748819910498318,-4.712000000000001,0.23804739593423102,0.031415926535897934,0.30600000000000005,0.10763170301247418,0.15707963267948966,3.3488,-0.07429155565674234,-0.17069320084504544,-0.6255000000000001,0.07704341895676581,0.1811651763570114,0.34840000000000004,-414.0301327939958,-42.41459630252158,nan,-414.0301327939958,-42.41459630252158,nan,-414.0301327939958,-42.41459630252158,nan,-414.0301327939958,-42.41459630252158,nan
1773116700.662096,-0.025562216509824643,-0.031415926535897934,-0.9424,-0.3069781852899975,-0.15812683023068624,-7.719000000000001,0.23865761475418756,0.03246312408709453,0.27449999999999997,0.1104295264159736,0.15393804002589986,3.3748,-0.07721853745416098,-0.16022122533307945,-0.6795,0.0801854935620381,0.1748819910498318,0.3172,-414.6804691437657,-41.69220167140019,nan,-414.6804691437657,-41.69220167140019,nan,-414.6804691437657,-41.69220167140019,nan,-414.6804691437657,-41.69220167140019,nan
1773116700.6780434,-0.026551156325826674,-0.03874630939427412,-0.6324,-0.311791443002058,-0.16441001553786586,-9.2256,0.2396505131730999,0.03665191429188092,0.2115,0.11505501074524893,0.15498523757709648,2.7716000000000003,-0.08198651840331289,-0.16231562043547265,-0.8955000000000001,0.08531170691207393,0.1748819910498318,0.8788000000000001,-416.02746987947114,-41.19599888607033,nan,-416.02746987947114,-41.19599888607033,nan,-416.02746987947114,-41.19599888607033,nan,-416.02746987947114,-41.19599888607033,nan
1773116700.710097,-0.027177067601777325,-0.034557519189487726,-1.271,-0.3149335176073303,-0.1801179788058148,-7.5144,0.24022970391746545,0.02932153143350474,0.26549999999999996,0.11778398390839377,0.15079644737231007,3.1824,-0.0850272698112319,-0.1748819910498318,-0.8685,0.08852889087046029,0.1748819910498318,0.48360000000000003,-416.66948836386246,-40.75983311495805,nan,-416.66948836386246,-40.75983311495805,nan,-416.66948836386246,-40.75983311495805,nan,-416.66948836386246,-40.75983311495805,nan
1773116700.7260754,-0.02827241233469097,-0.03769911184307752,-1.0664,-0.32069816045883576,-0.19582594207376378,-3.9494000000000002,0.2410364338828317,0.027227136331111543,0.30600000000000005,0.12225299041868143,0.14870205226991687,3.4008000000000003,-0.09034341342915833,-0.1832595714594046,-0.8055,0.09389920961811687,0.1843067690106012,0.65,-417.9761187725087,-40.04493069811543,nan,-417.9761187725087,-40.04493069811543,nan,-417.9761187725087,-40.04493069811543,nan,-417.9761187725087,-40.04493069811543,nan
1773116700.758112,-0.029129910782743365,-0.034557519189487726,-1.7422000000000002,-0.32521723987119944,-0.1832595714594046,-3.7199999999999998,0.2417293942376976,0.031415926535897934,0.28800000000000003,0.12592708960851176,0.15184364492350666,2.9796,-0.09487351246544583,-0.1905899543177808,-0.702,0.09826807032425243,0.1832595714594046,0.676,-418.5891695689347,-39.56666132653656,nan,-418.5891695689347,-39.56666132653656,nan,-418.5891695689347,-39.56666132653656,nan,-418.5891695689347,-39.56666132653656,nan
1773116700.790088,-0.030319142207049603,-0.04084070449666731,-1.0354,-0.3306626679719702,-0.1790707812546182,-3.9184,0.24254646689492754,0.02932153143350474,0.3645,0.13041487345707795,0.15393804002589986,3.2864,-0.10060336375791908,-0.19373154697137057,-0.6345,0.10375105310158014,0.1905899543177808,0.9672000000000001,-419.86621432828207,-38.66809930477798,nan,-419.86621432828207,-38.66809930477798,nan,-419.86621432828207,-38.66809930477798,nan,-419.86621432828207,-38.66809930477798,nan
1773116700.8220744,-0.03153966919515338,-0.041887902047863905,-1.1346,-0.33600169115582923,-0.1811651763570114,-3.9246000000000003,0.24347730916265783,0.030368728984701332,0.32849999999999996,0.13503409867359373,0.15079644737231007,3.0004,-0.10651938350393837,-0.20629791758572974,-0.5625,0.10949065950204762,0.1916371518689774,0.7644,-421.0336528170599,-37.97124723491428,nan,-421.0336528170599,-37.97124723491428,nan,-421.0336528170599,-37.97124723491428,nan,-421.0336528170599,-37.97124723491428,nan
1773116700.8540838,-0.03313574294882754,-0.0439822971502571,-0.5579999999999999,-0.34255498221503256,-0.1801179788058148,-2.7404,0.24459431988393418,0.03351032163829113,0.29700000000000004,0.14043571298504787,0.15184364492350666,3.0888,-0.11371789704105276,-0.19896753472735357,-0.46799999999999997,0.1164820884544164,0.1905899543177808,0.8268000000000001,-422.2355346365198,-37.13431062796792,nan,-422.2355346365198,-37.13431062796792,nan,-422.2355346365198,-37.13431062796792,nan,-422.2355346365198,-37.13431062796792,nan
1773116700.8700707,-0.03411842365207006,-0.03874630939427412,-0.8927999999999999,-0.34666721929802835,-0.16545721308906244,-4.3586,0.24530796562252746,0.03246312408709453,0.29700000000000004,0.14407225749832117,0.14974924982111346,3.0107999999999997,-0.11843416453088632,-0.1947787445225672,-0.39599999999999996,0.12109505455817272,0.18849555921538758,0.7644,-423.4090575477475,-36.32325996882886,nan,-423.4090575477475,-36.32325996882886,nan,-423.4090575477475,-36.32325996882886,nan,-423.4090575477475,-36.32325996882886,nan
1773116700.9020474,-0.03476311226629924,-0.034557519189487726,-1.4942,-0.3495839658439584,-0.16126842288427606,-5.5614,0.24582510021571094,0.027227136331111543,0.3465,0.14674489864663048,0.14556045961632708,3.0004,-0.12178519669471545,-0.1790707812546182,-0.3645,0.12437482964415414,0.1759291886010284,0.6448,-423.8862389464909,-31.52098851502651,nan,-424.0011743928572,-39.11323518352966,nan,-424.0011743928572,-39.11323518352966,nan,-423.8862389464909,-31.52098851502651,nan
1773116700.9180284,-0.035858456999212876,-0.03979350694547071,-1.5314,-0.35462881072812064,-0.17069320084504544,-4.154000000000001,0.24666285825666823,0.027227136331111543,0.3465,0.15112627757828503,0.14870205226991687,3.0263999999999998,-0.1270185987777325,-0.1759291886010284,-0.504,0.1297075937152537,0.1864011641129944,1.3208,-424.8762340541134,-30.834020383771566,nan,-425.2392251203535,-38.55986870424058,nan,-425.2392251203535,-38.55986870424058,nan,-424.8762340541134,-30.834020383771566,nan
1773116700.9500597,-0.03656573674103711,-0.03979350694547071,-1.4818,-0.3575643346123292,-0.15917402778188283,-5.6482,0.24716965015798806,0.027227136331111543,0.36,0.15374884582451825,0.1413716694115407,3.0524,-0.13029723209851593,-0.1811651763570114,-0.40049999999999997,0.1330749963798682,0.1832595714594046,0.6916000000000001,-425.36456675894607,-30.361272133094612,nan,-425.8530219424478,-38.16179454214367,nan,-425.8530219424478,-38.16179454214367,nan,-425.36456675894607,-30.361272133094612,nan
1773116700.9660952,-0.03784259574397644,-0.04293509959906051,-0.9982000000000001,-0.3623901105499088,-0.16650441064025903,-6.0884,0.2480694643501274,0.03351032163829113,0.2925,0.15813648386893234,0.14765485471872028,2.6260000000000003,-0.13578920147812476,-0.1832595714594046,-0.4545,0.13858301560823394,0.1832595714594046,1.0088000000000001,-426.30338191771347,-29.533464016091315,nan,-427.0439480787072,-37.464429352863185,nan,-427.0439480787072,-37.464429352863185,nan,-426.30338191771347,-29.533464016091315,nan
1773116700.9981353,-0.03858743016235772,-0.03979350694547071,-0.9920000000000001,-0.36540074378723136,-0.16650441064025903,-5.542800000000001,0.24862796971076556,0.034557519189487726,0.27449999999999997,0.16073401566412754,0.14556045961632708,2.6780000000000004,-0.13910920556636286,-0.1832595714594046,-0.3465,0.14191286359629143,0.1790707812546182,0.45239999999999997,-426.80328899739567,-29.048511703653034,nan,-427.6818710272064,-37.06831326991265,nan,-427.6818710272064,-37.06831326991265,nan,-426.80328899739567,-29.048511703653034,nan
1773116701.0301313,-0.040083358111879776,-0.0439822971502571,-0.9052,-0.37169741122329497,-0.1790707812546182,-2.1948,0.2496518962052689,0.03246312408709453,0.29700000000000004,0.1657726014355303,0.1434660645139339,3.094,-0.14560441605674768,-0.1864011641129944,-0.4095,0.14845363642997575,0.1905899543177808,0.9359999999999999,-427.67904091296043,-28.23689155966808,nan,-428.8119744033875,-36.43795225256458,nan,-428.8119744033875,-36.43795225256458,nan,-427.67904091296043,-28.23689155966808,nan
1773116701.0620718,-0.0413539580020596,-0.04293509959906051,-1.3454,-0.3768361427988498,-0.16545721308906244,-2.9388,0.2505206823218172,0.028274333882308142,0.351,0.1699849843226782,0.1424188669627373,3.3852,-0.15127221119803888,-0.19268434942017398,-0.414,0.1542433157325193,0.19582594207376378,0.8944,-428.56180969929915,-27.733547039326588,nan,-429.9588501940153,-36.03087714458196,nan,-429.9588501940153,-36.03087714458196,nan,-428.56180969929915,-27.733547039326588,nan
1773116701.09415,-0.042912477079176725,-0.04293509959906051,-1.1159999999999999,-0.38262582210139334,-0.15707963267948966,-3.534,0.25161700765936623,0.030368728984701332,0.34199999999999997,0.17514875234927105,0.1434660645139339,2.8860000000000006,-0.15799496090942444,-0.18221237390820802,-0.40499999999999997,0.16109704420417892,0.1843067690106012,0.9204,-429.4191035600092,-26.670785503035876,nan,-431.08897466629196,-35.15866469270793,nan,-431.08897466629196,-35.15866469270793,nan,-429.4191035600092,-26.670785503035876,nan
1773116701.1260428,-0.04418933608211606,-0.04084070449666731,-0.49600000000000005,-0.3873890069113778,-0.15498523757709648,-3.1558,0.2524961364677782,0.02932153143350474,0.32399999999999995,0.1793110623343429,0.1350884841043611,3.0056,-0.16320767760871419,-0.16231562043547265,-0.46799999999999997,0.16651743585391154,0.16755160819145562,0.6656000000000001,-430.25946307882685,-25.81056713583577,nan,-432.21061446201725,-34.449730861054356,nan,-432.21061446201725,-34.449730861054356,nan,-430.25946307882685,-25.81056713583577,nan
1773116701.1580513,-0.04537230839366279,-0.04084070449666731,-0.372,-0.3919644183385771,-0.15079644737231007,-3.6642,0.2533235518168718,0.030368728984701332,0.33749999999999997,0.1834170403045792,0.13927727430914752,2.6312,-0.16799634394159346,-0.15917402778188283,-0.5715,0.1716311309784284,0.16545721308906244,0.6084,-431.05530747795063,-24.847601474567988,nan,-433.2893958959625,-33.681371859056306,nan,-433.2893958959625,-33.681371859056306,nan,-431.05530747795063,-24.847601474567988,nan
1773116701.1900513,-0.046505207803133476,-0.03560471674068433,-0.9424,-0.3963082425936746,-0.14870205226991687,-5.115,0.2542130233171474,0.027227136331111543,0.3015,0.18747294537273942,0.1361356816555577,2.3504,-0.17274363950701802,-0.16126842288427606,-0.6659999999999999,0.17671353053914768,0.17069320084504544,0.9099999999999999,-431.84472127715003,-24.052291070149636,nan,-434.37401380368635,-33.0467311857591,nan,-434.37401380368635,-33.0467311857591,nan,-431.84472127715003,-24.052291070149636,nan
1773116701.2060432,-0.04761307076156613,-0.03979350694547071,-1.7484,-0.4009274678101904,-0.15707963267948966,-3.7262,0.25499906789878635,0.024085543677521748,0.378,0.19144748197502606,0.12985249634837812,2.7664000000000004,-0.17761504737480666,-0.17174039839624203,-0.7965,0.18185226211470257,0.1759291886010284,1.1960000000000002,-432.572411471909,-23.301415208089864,nan,-435.3869524273274,-32.43537376175502,nan,-435.3869524273274,-32.43537376175502,nan,-432.572411471909,-23.301415208089864,nan
1773116701.238039,-0.048364164292706915,-0.04084070449666731,-0.6758000000000001,-0.40371903210093035,-0.14870205226991687,-2.79,0.2554851744163788,0.027227136331111543,0.32849999999999996,0.19381342659811954,0.1308996938995747,2.3348,-0.18074888300949868,-0.16964600329384885,-0.5715,0.1849880776072153,0.15812683023068624,0.45239999999999997,-432.93382190521294,-22.600900401881038,nan,-435.8963796811639,-31.857172801315613,nan,-435.8963796811639,-31.857172801315613,nan,-432.93382190521294,-22.600900401881038,nan
1773116701.2540896,-0.04952210015321561,-0.03665191429188092,-0.6572,-0.4079376741008377,-0.1350884841043611,-5.586200000000001,0.2563849886085181,0.031415926535897934,0.2835,0.19766278094521603,0.12566370614359174,2.4128000000000003,-0.1856202908772873,-0.15603243512829307,-0.6255000000000001,0.18983263088307337,0.16441001553786586,0.6136,-433.62144791157726,-21.855121546219134,nan,-436.878558122528,-31.21701188932854,nan,-436.878558122528,-31.21701188932854,nan,-433.62144791157726,-21.855121546219134,nan
1773116701.2860575,-0.05022312078228035,-0.03979350694547071,-0.5766,-0.4104600965429188,-0.1424188669627373,-4.6624,0.25693315127729266,0.03246312408709453,0.279,0.19995361621519542,0.12566370614359174,2.314,-0.18849555921538758,-0.16336281798666924,-0.6479999999999999,0.19273685920348438,0.16441001553786586,0.65,-433.9682303190717,-21.391142981842933,nan,-437.37852454154483,-30.840241385315412,nan,-437.37852454154483,-30.840241385315412,nan,-433.9682303190717,-21.391142981842933,nan
1773116701.3180358,-0.051631421153169314,-0.03665191429188092,-0.031000000000000003,-0.41566141924606875,-0.1466076571675237,-3.193,0.2579467350799323,0.028274333882308142,0.28800000000000003,0.20437254982340702,0.11833332328521555,2.7404,-0.19428746665904284,-0.16231562043547265,-0.5085000000000001,0.19845768826567337,0.15289084247470325,0.6136,-434.6334893483655,-20.703011167954056,nan,-438.351581479015,-30.281751553053216,nan,-438.351581479015,-30.281751553053216,nan,-434.6334893483655,-20.703011167954056,nan
1773116701.3500664,-0.05269547032228543,-0.03874630939427412,-0.8742,-0.4200115026139258,-0.1466076571675237,-2.7218,0.2587431223534349,0.027227136331111543,0.32849999999999996,0.20802161256219934,0.12147491593880533,2.6416,-0.1990037341488764,-0.16126842288427606,-0.5355,0.20312698638426524,0.16231562043547265,0.7852,-435.27429547552214,-20.29113790671658,nan,-439.2973517933297,-29.9478345517577,nan,-439.2973517933297,-29.9478345517577,nan,-435.27429547552214,-20.29113790671658,nan
1773116701.3820355,-0.054072475129376865,-0.03665191429188092,-0.9858,-0.4251189386256831,-0.1350884841043611,-3.1124,0.25978773423166557,0.028274333882308142,0.31500000000000006,0.21244680528317045,0.12252211349000192,2.4752,-0.20490941120303202,-0.16231562043547265,-0.477,0.20901681149096088,0.15917402778188283,0.4472,-435.894545499561,-19.43250520334823,nan,-440.23078282551097,-29.24450251805669,nan,-440.23078282551097,-29.24450251805669,nan,-435.894545499561,-19.43250520334823,nan
1773116701.4140162,-0.055267965666442605,-0.03874630939427412,-0.7006,-0.42911225256624824,-0.1382300767579509,-4.2656,0.26069789111566855,0.030368728984701332,0.2835,0.21612716358576028,0.11938052083641214,2.366,-0.20965670676845663,-0.15707963267948966,-0.4905,0.2138551056540594,0.16441001553786586,0.6812,-436.4891419832549,-18.73176870665012,nan,-441.13982395813065,-28.63782196503703,nan,-441.13982395813065,-28.63782196503703,nan,-436.4891419832549,-18.73176870665012,nan
1773116701.4300869,-0.056238128144166115,-0.03979350694547071,-0.4402,-0.43244835966706524,-0.1382300767579509,-2.387,0.26146325031358014,0.028274333882308142,0.279,0.21896254166581672,0.11414453308042916,2.6052,-0.2135352162173329,-0.16022122533307945,-0.40049999999999997,0.21774201467771298,0.16336281798666924,0.2184,-437.06077768888457,-17.90530158117001,nan,-442.03188067725614,-27.941824532912328,nan,-442.03188067725614,-27.941824532912328,nan,-437.06077768888457,-17.90530158117001,nan
1773116701.4460382,-0.05695792611150937,-0.04084070449666731,-0.4588,-0.4348581180794753,-0.12985249634837812,-2.6226,0.26200107029049097,0.027227136331111543,0.252,0.22102178976369438,0.11623892818282236,2.3608000000000002,-0.2163380857123875,-0.15079644737231007,-0.4455,0.22052731985569335,0.15184364492350666,0.4888,-437.33498853062235,-17.25645876966201,nan,-442.467586720411,-27.41956999856738,nan,-442.467586720411,-27.41956999856738,nan,-437.33498853062235,-17.25645876966201,nan
1773116701.478024,-0.05760887383849805,-0.03560471674068433,-0.8804,-0.43714269423669516,-0.12356931104119853,-3.2302000000000004,0.26247683411621986,0.025132741228718343,0.27449999999999997,0.22303096495949595,0.11100294042683936,2.6364,-0.21901684290507806,-0.1466076571675237,-0.38699999999999996,0.22322499745504068,0.1445132620651305,0.35880000000000006,-437.5987479873617,-16.708434041576407,nan,-442.89332622516196,-26.969423284236413,nan,-442.89332622516196,-26.969423284236413,nan,-437.5987479873617,-16.708434041576407,nan
1773116701.4940152,-0.058679182120373666,-0.03769911184307752,-0.9362,-0.4408293116520445,-0.12671090369478832,-3.0752,0.2632835640815861,0.02617993877991494,0.26549999999999996,0.2263983676241105,0.11100294042683936,2.314,-0.22328837464477383,-0.1466076571675237,-0.38699999999999996,0.22752500792082164,0.13927727430914752,0.45239999999999997,-438.12130792595786,-16.31042557044568,nan,-443.74708135664775,-26.647870414433037,nan,-443.74708135664775,-26.647870414433037,nan,-438.12130792595786,-16.31042557044568,nan
1773116701.526032,-0.05932387073460284,-0.03351032163829113,-0.7006,-0.4430450375689098,-0.11938052083641214,-3.0194,0.26380069867476963,0.027227136331111543,0.23399999999999999,0.2283637290305955,0.10786134777324956,2.2724,-0.22579130607578196,-0.13927727430914752,-0.351,0.23004117125014328,0.1350884841043611,0.43160000000000004,-438.37620015492666,-15.942052279943649,nan,-444.16822414093485,-26.340074436900785,nan,-444.16822414093485,-26.340074436900785,nan,-438.37620015492666,-15.942052279943649,nan
1773116701.5420175,-0.060356624339921415,-0.03560471674068433,-0.8680000000000001,-0.4466941003077021,-0.12461650859239512,-2.6536,0.2646384567157269,0.028274333882308142,0.2115,0.23154335831242484,0.10681415022205297,2.3816,-0.22977324244329497,-0.13404128655316452,-0.4725,0.23410959454382252,0.1350884841043611,0.5616,-438.8689512348612,-15.350775907497056,nan,-444.9980518671095,-25.85179411078679,nan,-444.9980518671095,-25.85179411078679,nan,-438.8689512348612,-15.350775907497056,nan
1773116701.5740497,-0.06122038190073331,-0.034557519189487726,-0.651,-0.4496108468536321,-0.11938052083641214,-2.4056,0.2653210743787291,0.02932153143350474,0.19799999999999998,0.2340720398672655,0.10262536001726658,2.3868,-0.2329174207698507,-0.1277581012459849,-0.4455,0.23737685140428494,0.1350884841043611,0.6084,-439.12908812507646,-14.992955302504674,nan,-445.44146362455155,-25.55597806382509,nan,-445.44146362455155,-25.55597806382509,nan,-439.12908812507646,-14.992955302504674,nan
1773116701.6060224,-0.062290690182608924,-0.03979350694547071,-0.8432000000000001,-0.45319731846482936,-0.12461650859239512,-2.1762,0.26616917511155,0.02932153143350474,0.2205,0.23719533713425925,0.10367255756846318,2.2308,-0.23683730098618164,-0.13404128655316452,-0.504,0.24143901558520464,0.1445132620651305,0.8736,-439.58238891753393,-14.406170230341075,nan,-446.23007576830076,-25.06256546999412,nan,-446.23007576830076,-25.06256546999412,nan,-439.58238891753393,-14.406170230341075,nan
1773116701.638061,-0.06344236693035812,-0.03769911184307752,-0.42160000000000003,-0.45682760386534316,-0.11728612573401896,-2.1018000000000003,0.26706898930368933,0.030368728984701332,0.1845,0.2403248935140125,0.10262536001726658,2.2048,-0.24098472042351332,-0.1319468914507713,-0.477,0.24567643492339059,0.1361356816555577,0.7488,-440.02702084578925,-13.932311446561611,nan,-447.01745928055396,-24.67225501246596,nan,-447.01745928055396,-24.67225501246596,nan,-440.02702084578925,-13.932311446561611,nan
1773116701.6700702,-0.064763039722614,-0.034557519189487726,-0.775,-0.46093984094833895,-0.10890854532444617,-2.7404,0.26805154503073797,0.02617993877991494,0.23399999999999999,0.24401777004212136,0.10262536001726658,2.1060000000000003,-0.24559756099471022,-0.12147491593880533,-0.6389999999999999,0.2506023566651222,0.1329940890019679,0.8424,-440.45822776133974,-13.35165612997313,nan,-447.7987831779127,-24.19248770708119,nan,-447.7987831779127,-24.19248770708119,nan,-440.45822776133974,-13.35165612997313,nan
1773116701.6860337,-0.06557672438134986,-0.03246312408709453,-0.7998000000000001,-0.4635624091945722,-0.10681415022205297,-3.0256,0.26876519076933125,0.02932153143350474,0.1845,0.2464588240183289,0.0952949771588904,2.08,-0.24837974510603744,-0.11309733552923257,-0.729,0.25379450417247057,0.12880529879718153,0.3848,-440.874531195427,-12.75644976276147,nan,-448.57260984019786,-23.71174517012908,nan,-448.57260984019786,-23.71174517012908,nan,-440.874531195427,-12.75644976276147,nan
1773116701.7180202,-0.06617759920626248,-0.034557519189487726,-0.9238,-0.46554654793933575,-0.11205013797803595,-2.6474,0.2692926680543784,0.031415926535897934,0.18,0.2482051164782312,0.0984365698124802,2.158,-0.25039657001945315,-0.11309733552923257,-0.8685,0.2560665621041714,0.12461650859239512,0.6344,-441.0585454758371,-12.090190315058697,nan,-448.925319421826,-23.17388606104076,nan,-448.925319421826,-23.17388606104076,nan,-441.0585454758371,-12.090190315058697,nan
1773116701.73402,-0.06726668482641661,-0.03769911184307752,-0.5828,-0.4689327279422288,-0.10890854532444617,-2.108,0.2701717968627904,0.031415926535897934,0.18,0.2510655310093257,0.09424777960769379,2.158,-0.25387171448564627,-0.12252211349000192,-0.8595,0.2598971391129894,0.12985249634837812,0.7124,-441.4371797715286,-11.677046938509982,nan,-449.66550993397044,-22.827407480259012,nan,-449.66550993397044,-22.827407480259012,nan,-441.4371797715286,-11.677046938509982,nan
1773116701.7660427,-0.06796144634272183,-0.03665191429188092,-0.527,-0.47086053467215677,-0.10681415022205297,-2.4676,0.27070961683970124,0.030368728984701332,0.16199999999999998,0.25277426879267095,0.0932005820564972,1.9656,-0.255981623625835,-0.11623892818282236,-0.9135000000000001,0.26216293793193074,0.12147491593880533,0.5096,-441.6200188330041,-11.36070712846,nan,-450.0286021570092,-22.56073933696152,nan,-450.0286021570092,-22.56073933696152,nan,-441.6200188330041,-11.36070712846,nan
1773116701.7820399,-0.06901923639907845,-0.03560471674068433,-0.6138,-0.4740589412922646,-0.10786134777324956,-2.0522,0.2715784029562495,0.02617993877991494,0.1845,0.2555720921961704,0.09424777960769379,1.9344000000000001,-0.25963259385371057,-0.12461650859239512,-0.891,0.2658683326855586,0.12671090369478832,0.5044000000000001,-441.9649998191665,-10.806062220612947,nan,-450.7344589032169,-22.110006708512433,nan,-450.7344589032169,-22.110006708512433,nan,-441.9649998191665,-10.806062220612947,nan
1773116701.8140292,-0.06959507477295304,-0.031415926535897934,-0.5022,-0.47596171157115463,-0.10157816246606997,-1.7979999999999998,0.272095537549433,0.02617993877991494,0.15300000000000002,0.2572370161901991,0.0921533845053006,1.8304,-0.26187695798812693,-0.11938052083641214,-0.756,0.26803398570034787,0.11309733552923257,0.13,-442.1283900235208,-10.484645833502878,nan,-451.07520774893953,-21.865637415019396,nan,-451.07520774893953,-21.865637415019396,nan,-442.1283900235208,-10.484645833502878,nan
1773116701.8460238,-0.0708030835355378,-0.03874630939427412,-0.8989999999999999,-0.4796420698737444,-0.10471975511965977,-2.1576,0.27311946404393633,0.030368728984701332,0.1845,0.26039786813374993,0.0879645943005142,2.2984,-0.26610711896036804,-0.12356931104119853,-0.8595,0.2722338503619767,0.12566370614359174,0.7488,-442.45639599644596,-9.965143986724817,nan,-451.781081095336,-21.44512635090814,nan,-451.781081095336,-21.44512635090814,nan,-442.45639599644596,-9.965143986724817,nan
1773116701.877987,-0.07189842826845144,-0.03665191429188092,-0.806,-0.48269025778762414,-0.10262536001726658,-2.7032000000000003,0.274070991695394,0.031415926535897934,0.135,0.2631643959734518,0.09110618695410401,1.7576000000000003,-0.2700166564848353,-0.12880529879718153,-0.6615,0.2760957229345923,0.12147491593880533,0.2964,-442.75745515745643,-9.66475604305714,nan,-452.4410731192699,-21.18740343351597,nan,-452.4410731192699,-21.18740343351597,nan,-442.75745515745643,-9.66475604305714,nan
1773116701.9101999,-0.07316902815863127,-0.031415926535897934,-0.7688,-0.48633306141365695,-0.09634217471008699,-2.3002000000000002,0.2751880024166704,0.027227136331111543,0.108,0.26636906170631913,0.08168140899333462,2.0124,-0.27454675552112284,-0.11519173063162576,-0.558,0.28028306937070213,0.10262536001726658,0.7020000000000001,-443.0420105144604,-9.068637891181654,nan,-453.0905499137053,-20.69850284834904,nan,-453.0905499137053,-20.69850284834904,nan,-443.0420105144604,-9.068637891181654,nan
1773116701.9419959,-0.07411415418531675,-0.03246312408709453,-0.8865999999999999,-0.48926232618510596,-0.0952949771588904,-1.9406,0.27590164815526363,0.02617993877991494,0.18,0.2688539294718432,0.08377580409572781,1.8876,-0.2777736753825879,-0.11309733552923257,-0.6300000000000001,0.283519030667367,0.10890854532444617,0.3276,-443.32049386155404,-8.57644112748444,nan,-453.74986017225933,-20.30475314322524,nan,-453.74986017225933,-20.30475314322524,nan,-443.32049386155404,-8.57644112748444,nan
1773116701.9579973,-0.07490906150577409,-0.03351032163829113,-0.8122,-0.49158445701888287,-0.0932005820564972,-2.0460000000000003,0.27654289505081114,0.02617993877991494,0.1755,0.2707191450741762,0.08063421144213803,2.1424,-0.28046277526714214,-0.11205013797803595,-0.5715,0.28614159891360025,0.10786134777324956,0.42640000000000006,-443.5775108258477,-7.984320088023419,nan,-453.71952161125586,0.9424777960769379,nan,-454.3882133103841,-19.830659030580655,nan,-443.5775108258477,-7.984320088023419,nan
1773116701.973999,-0.07547238165412967,-0.031415926535897934,-0.186,-0.49325564012567114,-0.0879645943005142,-1.6182,0.277080715027722,0.02932153143350474,0.1215,0.27214622278334366,0.07749261878854824,2.1112,-0.2824382294131031,-0.10053096491487337,-0.4545,0.28801933274145225,0.0900589894029074,0.0728,-443.69471369602167,-7.512888433835242,nan,-454.0227814017434,-19.43942984518886,nan,-454.69147310087163,-19.43942984518886,nan,-443.69471369602167,-7.512888433835242,nan
1773116702.006001,-0.07599188801316871,-0.02617993877991494,-0.5456,-0.49475782718795275,-0.08168140899333462,-2.294,0.27757716423717815,0.028274333882308142,0.1035,0.27351070936491606,0.07330382858376185,2.0384,-0.28415511626247236,-0.0890117918517108,-0.46349999999999997,0.28964044294616437,0.08587019919812101,0.1976,-443.8126696483265,-7.130955970508282,nan,-454.3391813284325,-19.127766782481434,nan,-455.0078730275608,-19.127766782481434,nan,-443.8126696483265,-7.130955970508282,nan
1773116702.0220535,-0.07682435001018308,-0.024085543677521748,-0.806,-0.49729902696831235,-0.08482300164692443,-1.4942,0.2783011526676351,0.02303834612632515,0.15750000000000003,0.2758265810859335,0.07330382858376185,2.0748,-0.28673044653652624,-0.08272860654453122,-0.522,0.2923005658689547,0.08587019919812101,0.3952,-444.0351587736291,-6.8626212596570815,nan,-454.9520734054265,-18.90450237391917,nan,-455.6207651045548,-18.90450237391917,nan,-444.0351587736291,-6.8626212596570815,nan
1773116702.054012,-0.07728752435438656,-0.028274333882308142,-0.5704,-0.4987886958050749,-0.08272860654453122,-1.7917999999999998,0.2787458884177729,0.024085543677521748,0.135,0.2771472538781894,0.07330382858376185,1.9968000000000001,-0.28823013685675836,-0.08168140899333462,-0.5175000000000001,0.29383404849503375,0.08377580409572781,0.5044000000000001,-444.1341167641403,-6.622179553120436,nan,-455.23167020514074,-18.710365889825315,nan,-455.900361904269,-18.710365889825315,nan,-444.1341167641403,-6.622179553120436,nan
1773116702.0700307,-0.07801984054724882,-0.025132741228718343,-1.2462000000000002,-0.501223490668523,-0.08168140899333462,-1.9468,0.27943884877263875,0.024085543677521748,0.1395,0.279193983750548,0.07016223593017205,2.1476,-0.29075375367149386,-0.08063421144213803,-0.495,0.2963627300498744,0.0890117918517108,0.6448,-444.33519717671567,-6.220541584933514,nan,-455.8257851175413,-18.3792964788723,nan,-456.49447681666953,-18.3792964788723,nan,-444.33519717671567,-6.220541584933514,nan
1773116702.1020393,-0.07871460206355405,-0.02932153143350474,-1.0230000000000001,-0.503188852075008,-0.08272860654453122,-1.7112000000000003,0.28000769682514065,0.025132741228718343,0.14850000000000002,0.2808902033083743,0.07225663103256524,2.08,-0.29280160666050054,-0.0900589894029074,-0.4545,0.29845327371154956,0.0932005820564972,0.4784,-444.4284086228799,-5.9878237373029215,nan,-456.1087850496038,-18.179674070005245,nan,-456.77747674873206,-18.179674070005245,nan,-444.4284086228799,-5.9878237373029215,nan
1773116702.1340528,-0.07965346897748003,-0.03351032163829113,-1.0230000000000001,-0.5056737198405321,-0.08587019919812101,-2.0274,0.2808247694823706,0.030368728984701332,0.1845,0.2831059292252396,0.07225663103256524,2.1996,-0.2954183077020091,-0.0932005820564972,-0.513,0.3011947651002134,0.09424777960769379,0.5512,-444.61000290207767,-5.60734610176211,nan,-456.6866804846166,-17.844503301871182,nan,-457.35537218374486,-17.844503301871182,nan,-444.61000290207767,-5.60734610176211,nan
1773116702.1660068,-0.08085521862730528,-0.03246312408709453,-0.6882,-0.5087406850926902,-0.08587019919812101,-1.5810000000000002,0.28194178020364696,0.02932153143350474,0.1125,0.2856784245693968,0.07435102613495843,2.2672,-0.29883139601702025,-0.0932005820564972,-0.432,0.3046936091327776,0.09424777960769379,0.40040000000000003,-444.7821000856277,-5.28775615081309,nan,-457.25915567774814,-17.589533781005432,nan,-457.9278473768764,-17.589533781005432,nan,-444.7821000856277,-5.28775615081309,nan
1773116702.1979876,-0.08181912199226928,-0.03351032163829113,-0.5828,-0.5112318119709739,-0.08168140899333462,-2.2568,0.2828622797795136,0.02932153143350474,0.126,0.2877627091183124,0.07225663103256524,1.9916,-0.3016446082039385,-0.0932005820564972,-0.4815,0.30752898721283406,0.0952949771588904,0.4732,-444.934958866683,-4.881744841858306,nan,-457.80006920046,-17.274779905733837,nan,-458.46876089958823,-17.274779905733837,nan,-444.934958866683,-4.881744841858306,nan
1773116702.2139611,-0.08258273374892908,-0.030368728984701332,-0.7192000000000001,-0.5132159507157374,-0.08168140899333462,-1.7546,0.2835448974425158,0.02932153143350474,0.1125,0.2894213739995817,0.06806784082777885,2.0696000000000003,-0.30387862964649126,-0.0890117918517108,-0.432,0.30974471312969937,0.0890117918517108,0.5616,-445.07471620588655,-4.372931526727604,nan,-458.3395200435631,-16.879125006022857,nan,-459.00821174269134,-16.879125006022857,nan,-445.07471620588655,-4.372931526727604,nan
1773116702.2459707,-0.0831836085738417,-0.031415926535897934,-0.8122,-0.514643028424905,-0.08063421144213803,-1.5066,0.2840516893438356,0.027227136331111543,0.135,0.29066693743872346,0.06387905062299246,2.3608000000000002,-0.3054920895772238,-0.08482300164692443,-0.4275,0.31137834155993055,0.0900589894029074,0.5356,-445.1380990863023,-3.962857149914364,nan,-458.60430245246044,-16.554862375898402,nan,-459.2729941515887,-16.554862375898402,nan,-445.1380990863023,-3.962857149914364,nan
1773116702.2619517,-0.08409117992397015,-0.02932153143350474,-1.0602,-0.5169964548224794,-0.07853981633974483,-1.271,0.2849101327685203,0.028274333882308142,0.11699999999999999,0.2926197806196895,0.06387905062299246,2.3244000000000002,-0.30805707715941394,-0.08377580409572781,-0.441,0.31400716891892333,0.0900589894029074,0.4732,-445.254860694584,-3.6360629032001315,nan,-459.1276479015642,-16.29745428354685,nan,-459.7963396006925,-16.29745428354685,nan,-445.254860694584,-3.6360629032001315,nan
1773116702.294041,-0.08464824095956623,-0.031415926535897934,-1.1284,-0.5183609414040518,-0.07644542123735162,-2.0336000000000003,0.28546863812915846,0.028274333882308142,0.108,0.2938090120439958,0.06702064327658226,2.0176000000000003,-0.30957745286337346,-0.08377580409572781,-0.432,0.3155782062215594,0.0900589894029074,0.39,-445.3080475841123,-3.396758497437348,nan,-459.3800700071994,-16.120832405549695,nan,-460.04876170632764,-16.120832405549695,nan,-445.3080475841123,-3.396758497437348,nan
1773116702.310001,-0.08558710787349222,-0.03351032163829113,-1.0354,-0.5206267402229932,-0.07330382858376185,-2.5544,0.28637879501316144,0.030368728984701332,0.1035,0.29567422764632867,0.06492624817418906,2.1216,-0.31211141236997264,-0.08377580409572781,-0.423,0.3182383291443497,0.08691739674931762,0.5720000000000001,-445.40801461643025,-3.0108599378472998,nan,-459.90509737315676,-15.813051820988074,nan,-460.573789072285,-15.813051820988074,nan,-445.40801461643025,-3.0108599378472998,nan
1773116702.3419905,-0.08622553737496187,-0.031415926535897934,-0.651,-0.5220037450300846,-0.07330382858376185,-1.6864000000000001,0.28692695768193593,0.030368728984701332,0.0675,0.2968008679430399,0.060737457969402664,2.2932,-0.3136731588413868,-0.08482300164692443,-0.3465,0.3197467753193908,0.07539822368615504,0.7904,-445.4501745027658,-2.787213789891062,nan,-460.1416581097562,-15.639163302042503,nan,-460.81034980888444,-15.639163302042503,nan,-445.4501745027658,-2.787213789891062,nan
1773116702.374033,-0.08733965944615404,-0.031415926535897934,-0.6882,-0.5246576088401154,-0.07330382858376185,-1.9282000000000001,0.2879405414845756,0.025132741228718343,0.1035,0.2990604076492217,0.06283185307179587,2.1112,-0.31644500026085043,-0.07539822368615504,-0.432,0.3226384854142828,0.08063421144213803,0.3796,-445.52678308069017,-2.4107494144333423,nan,-460.62932202494864,-15.346003409048352,nan,-461.2980137240769,-15.346003409048352,nan,-445.52678308069017,-2.4107494144333423,nan
1773116702.40599,-0.08826600813456101,-0.030368728984701332,-0.4712,-0.5268232618549046,-0.07016223593017205,-1.922,0.28875761414180556,0.024085543677521748,0.09899999999999999,0.30078792277084554,0.056548667764616284,2.2880000000000003,-0.3186997070871305,-0.07120943348136866,-0.40499999999999997,0.3250419847139333,0.07749261878854824,0.2028,-445.5959004433152,-2.16973393297522,nan,-461.112846221285,-15.178803362284961,nan,-461.78153792041326,-15.178803362284961,nan,-445.5959004433152,-2.16973393297522,nan
1773116702.4379861,-0.08938013020575317,-0.03351032163829113,-1.1036,-0.5295522350180494,-0.08377580409572781,-1.1780000000000002,0.2897815406363089,0.03246312408709453,0.1395,0.30292853933459674,0.06283185307179587,2.444,-0.3214612058147304,-0.08063421144213803,-0.495,0.3279524721471038,0.0932005820564972,0.7332,-445.6510124789365,-1.7267668783583658,nan,-461.5866545241832,-14.845332329193239,nan,-462.25534622331145,-14.845332329193239,nan,-445.6510124789365,-1.7267668783583658,nan
1773116702.469954,-0.09040036558555273,-0.028274333882308142,-1.0788,-0.53183055206251,-0.06806784082777885,-1.7731999999999999,0.2908158098226759,0.03246312408709453,0.07200000000000001,0.3047624593731322,0.05864306286700948,2.2464,-0.3240468787806479,-0.07749261878854824,-0.33299999999999996,0.33044359902538745,0.06911503837897545,0.806,-445.694635067632,-1.359643588045411,nan,-462.05407596607563,-14.568749480226284,nan,-462.7227676652039,-14.568749480226284,nan,-445.694635067632,-1.359643588045411,nan
1773116702.485939,-0.09109512710185796,-0.028274333882308142,-0.6324,-0.5334454031544625,-0.06911503837897545,-1.612,0.29152945556126914,0.027227136331111543,0.09,0.3061895370822997,0.05759586531581288,1.9812,-0.3257120521706988,-0.06702064327658226,-0.36,0.3321773732597707,0.06597344572538565,0.2704,-445.72329651957716,-0.9027273029245894,nan,-462.50532459393236,-14.212624592552926,nan,-463.1740162930606,-14.212624592552926,nan,-445.72329651957716,-0.9027273029245894,nan
1773116702.501923,-0.09155204233330193,-0.019896753472735354,-0.5456,-0.5346283754660093,-0.05969026041820607,-0.9176,0.2919948766951343,0.02303834612632515,0.063,0.30714092222174466,0.050265482457436686,2.1476,-0.32679803481638414,-0.050265482457436686,-0.279,0.3332727179926844,0.04084070449666731,-0.015600000000000001,-445.73147711783463,-0.5152332404606575,nan,-462.7264001152077,-13.923854176436349,nan,-463.39509181433596,-13.923854176436349,nan,-445.73147711783463,-0.5152332404606575,nan
1773116702.5340147,-0.09192132998611281,-0.02199114857512855,-0.5579999999999999,-0.5356799064096064,-0.05759586531581288,-1.1718,0.2923568709103627,0.020943951023931952,0.09,0.3080359753463541,0.047123889803846894,2.1944,-0.3275944220898868,-0.03979350694547071,-0.3825,0.33409266176417973,0.05131268000863329,0.041600000000000005,-445.73547219421397,-0.24988169965638724,nan,-462.94578940709897,-13.7222330534983,nan,-463.61448110622723,-13.7222330534983,nan,-445.73547219421397,-0.24988169965638724,nan
1773116702.5499787,-0.09255350037482298,-0.019896753472735354,-0.9734,-0.5373573486291541,-0.056548667764616284,-1.55,0.2929257189628646,0.016755160819145565,0.16649999999999998,0.3094943486193191,0.048171087355043496,2.3764000000000003,-0.32881485972979985,-0.041887902047863905,-0.4725,0.3356198852774993,0.053407075111026485,0.052000000000000005,-445.73730364174565,-0.05546613548283601,nan,-463.3937676703957,-13.567204419316155,nan,-464.06245936952394,-13.567204419316155,nan,-445.73730364174565,-0.05546613548283601,nan
1773116702.581985,-0.09294782447867188,-0.024085543677521748,-0.49600000000000005,-0.5383588066706751,-0.05550147021341968,-1.5624,0.2933083985618204,0.02303834612632515,0.09899999999999999,0.31037062440565005,0.047123889803846894,2.2880000000000003,-0.3295905616195751,-0.0439822971502571,-0.486,0.3365399748531468,0.05131268000863329,0.0572,-445.735562544287,0.11340414444916894,nan,-463.59997157097877,-13.430825949107621,nan,-464.268663270107,-13.430825949107621,nan,-445.735562544287,0.11340414444916894,nan
1773116702.5979264,-0.09361754954393908,-0.019896753472735354,-0.5828,-0.5399673986498683,-0.05235987755982988,-1.6368,0.29391861738177694,0.016755160819145565,0.15750000000000003,0.311791443002058,0.048171087355043496,2.08,-0.33092476886998856,-0.04084070449666731,-0.45,0.3379858299005928,0.0492182849062401,0.0364,-445.72318763532616,0.38359222959062195,nan,-464.02634980121303,-13.216693270367621,nan,-464.6950415003413,-13.216693270367621,nan,-445.72318763532616,0.38359222959062195,nan
1773116702.629993,-0.09421216525609219,-0.03351032163829113,-0.5704,-0.5413694399079978,-0.06283185307179587,-1.7608,0.29449780812614246,0.027227136331111543,0.16199999999999998,0.31300571087740225,0.050265482457436686,2.0748,-0.3320521222831286,-0.05131268000863329,-0.603,0.33928772535457014,0.061784655520599266,0.4628,-445.71467671802014,0.5459854161271084,nan,-464.23040053049556,-13.09009573618102,nan,-464.8990922296238,-13.09009573618102,nan,-445.71467671802014,0.5459854161271084,nan
1773116702.6621985,-0.09507592281690411,-0.028274333882308142,-0.5890000000000001,-0.5432283963975713,-0.061784655520599266,-2.0708,0.2953459088589634,0.027227136331111543,0.15750000000000003,0.3144703432631268,0.050265482457436686,2.1736,-0.33374832374877045,-0.05550147021341968,-0.5760000000000001,0.34117797740794115,0.060737457969402664,0.10400000000000001,-445.6886380961214,0.8120268507808661,nan,-464.64382723309876,-12.892909027571532,nan,-465.312518932227,-12.892909027571532,nan,-445.6886380961214,0.8120268507808661,nan
1773116702.6940415,-0.09600227150531107,-0.02199114857512855,-0.961,-0.5453627538485629,-0.056548667764616284,-1.7422000000000002,0.2963594926616031,0.025132741228718343,0.126,0.3161978583847506,0.0450294947014537,2.4492,-0.3357444632784588,-0.05131268000863329,-0.5175000000000001,0.34322470728029975,0.0492182849062401,0.48360000000000003,-445.6536455256009,1.0443990869570858,nan,-465.0699818941662,-12.719143872564558,nan,-465.73867359329444,-12.719143872564558,nan,-445.6536455256009,1.0443990869570858,nan
1773116702.7259214,-0.09667199657057826,-0.020943951023931952,-1.0044,-0.5470464551808703,-0.05131268000863329,-1.3578000000000001,0.29699039686528694,0.01884955592153876,0.189,0.317524790289766,0.0450294947014537,2.0488,-0.33703729976141755,-0.03874630939427412,-0.6120000000000001,0.34466430321498626,0.04293509959906051,0.48360000000000003,-445.6103926839667,1.364454532253072,nan,-465.46579599813623,-12.48635529336285,nan,-466.1344876972645,-12.48635529336285,nan,-445.6103926839667,1.364454532253072,nan
1773116702.7420855,-0.09716646647857928,-0.019896753472735354,-0.8184,-0.5483045368455309,-0.0492182849062401,-0.9114,0.2974661606910158,0.020943951023931952,0.17099999999999999,0.31861387590992013,0.041887902047863905,1.9812,-0.33795779933728426,-0.03560471674068433,-0.5985,0.34570331593306436,0.030368728984701332,0.3692,-445.55640538550443,1.7208537513585391,nan,-465.84895356197114,-12.213208474345516,nan,-466.5176452610994,-12.213208474345516,nan,-445.55640538550443,1.7208537513585391,nan
1773116702.7749536,-0.09747942211655461,-0.013613568165555772,-0.6076,-0.5491307397297859,-0.041887902047863905,-0.5084000000000001,0.2977867841387895,0.01466076571675237,0.16649999999999998,0.3193274147645039,0.03560471674068433,2.0748,-0.3385059620060587,-0.02303834612632515,-0.558,0.3462541178559009,0.017802358370342164,0.0,-445.5226784203012,2.0002502289265784,nan,-466.05120507280054,-11.99496095776872,nan,-466.7198967719288,-11.99496095776872,nan,-445.5226784203012,2.0002502289265784,nan
1773116702.7899852,-0.09789878267144153,-0.01884955592153876,-1.209,-0.5504075987327253,-0.047123889803846894,-1.2214,0.29826254796451834,0.019896753472735354,0.207,0.3203726865953414,0.034557519189487726,2.6052,-0.33911618082601525,-0.024085543677521748,-0.7335,0.34701147049980124,0.03874630939427412,0.3432,-445.4519070092485,2.2043695125151124,nan,-466.43121214039786,-11.8363613483371,nan,-467.0999038395261,-11.8363613483371,nan,-445.4519070092485,2.2043695125151124,nan
1773116702.8220026,-0.09823051564769539,-0.016755160819145565,-0.41540000000000005,-0.551221283391461,-0.04084070449666731,-0.7564,0.2985935141041558,0.015707963267948967,0.19799999999999998,0.32104241166060865,0.03874630939427412,2.1268,-0.33960228734360776,-0.02617993877991494,-0.6300000000000001,0.34756853153539724,0.016755160819145565,0.0,-445.41798324742035,2.3389437508571267,nan,-466.60138202293683,-11.73271364671103,nan,-467.2700737220651,-11.73271364671103,nan,-445.41798324742035,2.3389437508571267,nan
1773116702.83794,-0.09869368999189887,-0.013613568165555772,-0.6696,-0.5523792192519698,-0.03874630939427412,-1.3206,0.299120991389203,0.01884955592153876,0.1845,0.3221314972807628,0.03665191429188092,2.3400000000000003,-0.34029524769847364,-0.019896753472735354,-0.6975,0.3483321432920571,0.02932153143350474,0.0572,-445.3354285712621,2.5416341396431146,nan,-466.9769641010104,-11.563151553526307,nan,-467.6456558001387,-11.563151553526307,nan,-445.3354285712621,2.5416341396431146,nan
1773116702.8699677,-0.09893779538951962,-0.012566370614359171,-0.3782,-0.5530614625427559,-0.03351032163829113,-1.4569999999999999,0.2994002440695221,0.011519173063162575,0.207,0.32272611299291587,0.03246312408709453,2.4128000000000003,-0.3406572419137021,-0.017802358370342164,-0.6345,0.34868265360658945,0.013613568165555772,0.338,-445.2932011011885,2.678137243862714,nan,-467.1576879540842,-11.46181101846319,nan,-467.8263796532125,-11.46181101846319,nan,-445.2932011011885,2.678137243862714,nan
1773116702.9019516,-0.09927578747853297,-0.006283185307179586,-0.42160000000000003,-0.5542319166287837,-0.030368728984701332,-1.0416,0.29983463712779623,0.007330382858376185,0.19349999999999998,0.3239216035299816,0.03351032163829113,2.0436,-0.34115369112315824,-0.004188790204786391,-0.5535,0.3490519412594003,-0.003141592653589793,0.0,-445.2026142467234,2.864718708316774,nan,-467.5157124771108,-11.322167605955759,nan,-468.18440417623907,-11.322167605955759,nan,-445.2026142467234,2.864718708316774,nan
1773116702.9339721,-0.09950737465063472,-0.007330382858376185,-0.4526,-0.5551332288661526,-0.031415926535897934,-1.0416,0.30006217634879695,0.007330382858376185,0.252,0.3248479522183886,0.030368728984701332,2.236,-0.341257118041795,-0.004188790204786391,-0.621,0.3490394230338813,0.006283185307179586,0.3536,-445.10688139414265,2.974719169793176,nan,-467.8773209982394,-11.236307816637728,nan,-468.54601269736764,-11.236307816637728,nan,-445.10688139414265,2.974719169793176,nan
1773116702.9659636,-0.09992047609276215,-0.016755160819145565,-0.7068000000000001,-0.5563975696435729,-0.041887902047863905,-1.7360000000000002,0.3004862267152074,0.016755160819145565,0.30600000000000005,0.3259808516278593,0.03665191429188092,2.3816,-0.3417018537919328,-0.02303834612632515,-0.711,0.3496277796332749,0.028274333882308142,0.312,-445.00575104001217,3.1494294931211777,nan,-468.23350574177846,-11.092403917172184,nan,-468.9021974409067,-11.092403917172184,nan,-445.00575104001217,3.1494294931211777,nan
1773116702.9979517,-0.1004399824518012,-0.016755160819145565,-0.2666,-0.5576744286465123,-0.041887902047863905,-1.5872000000000002,0.3010240466921183,0.016755160819145565,0.3105,0.3270699372480134,0.034557519189487726,2.2984,-0.3424258422223897,-0.024085543677521748,-0.702,0.35048527808132734,0.028274333882308142,0.0,-444.900882509565,3.2872108168324523,nan,-468.5839943409782,-10.986421851753835,nan,-469.2526860401065,-10.986421851753835,nan,-444.900882509565,3.2872108168324523,nan
1773116703.0139375,-0.10079675187909307,-0.013613568165555772,-0.3472,-0.5587134413645904,-0.0450294947014537,-1.2400000000000002,0.3014274116748014,0.015707963267948967,0.34199999999999997,0.32787736279398977,0.03351032163829113,2.5792,-0.34298434758302787,-0.020943951023931952,-0.6120000000000001,0.35105485734244246,0.013613568165555772,0.0,-444.67108018370425,7.1567033998059015,nan,-468.813796666839,-7.1567033998059015,nan,-469.48248836596724,-7.1567033998059015,nan,-444.67108018370425,7.1567033998059015,nan
1773116703.0299518,-0.10099704348739727,-0.008377580409572783,-0.4588,-0.5595083486850477,-0.03979350694547071,-0.39680000000000004,0.3017376924307115,0.012566370614359171,0.3015,0.32848449673166186,0.031415926535897934,2.3452,-0.3432532575714833,-0.008377580409572783,-0.6120000000000001,0.35116752137211354,0.003141592653589793,0.1924,-444.55567621210344,7.183224275376827,nan,-468.9292006384398,-7.183224275376827,nan,-469.59789233756806,-7.183224275376827,nan,-444.55567621210344,7.183224275376827,nan
1773116703.0619605,-0.10115978041914445,-0.00942477796076938,-0.4402,-0.5601780737503148,-0.03560471674068433,-0.9548,0.3019755743435759,0.011519173063162575,0.33299999999999996,0.32901652131621995,0.031415926535897934,2.3608000000000002,-0.3433670271819837,-0.004188790204786391,-0.6435,0.3512676671762657,0.0020943951023931957,0.2912,-444.4419021059601,7.198228538156357,nan,-469.04297474458315,-7.198228538156357,nan,-469.7116664437114,-7.198228538156357,nan,-444.4419021059601,7.198228538156357,nan
1773116703.0779116,-0.10138510847848668,0.0010471975511965978,0.0,-0.5612108273556334,-0.03560471674068433,-1.054,0.30234791125066807,0.007330382858376185,0.2925,0.3299115744408294,0.030368728984701332,2.5844,-0.34343942602502936,0.003141592653589793,-0.135,0.35128644451454416,-0.031415926535897934,-2.0956,-444.2068075264549,7.205523288298053,nan,-469.27806932408834,-7.205523288298053,nan,-469.9467610232166,-7.205523288298053,nan,-444.2068075264549,7.205523288298053,nan
1773116703.109934,-0.1013037400126131,0.003141592653589793,0.0,-0.5618930706464197,-0.04084070449666731,-0.7874,0.30251339432048674,0.00942477796076938,0.3465,0.3305312266040205,0.03351032163829113,2.2256,-0.343325656414529,0.0010471975511965978,-0.2835,0.35059168299823895,-0.011519173063162575,0.1196,-444.0951401504379,7.211323679156046,nan,-469.38973670010535,-7.211323679156046,nan,-470.0584283992336,-7.211323679156046,nan,-444.0951401504379,7.211323679156046,nan
1773116703.125914,-0.1013099991253726,-0.004188790204786391,-0.1612,-0.5631261158600425,-0.03665191429188092,-0.5394,0.3029271019950336,0.011519173063162575,0.32399999999999995,0.3315076481945035,0.030368728984701332,2.3608000000000002,-0.343325656414529,0.0,-0.1215,0.35015980421783294,-0.01466076571675237,-0.005200000000000001,-443.8651828701745,7.219440991009502,nan,-469.6196939803687,-7.219440991009502,nan,-470.28838567949697,-7.219440991009502,nan,-443.8651828701745,7.219440991009502,nan
1773116703.1579413,-0.1013162582381321,0.0020943951023931957,-0.1674,-0.5640274280974115,-0.03874630939427412,-1.1346,0.3032477254428073,0.011519173063162575,0.32399999999999995,0.3322462235001253,0.03246312408709453,2.5376,-0.34318085872843757,0.012566370614359171,0.063,0.3495589293929203,-0.031415926535897934,-0.1404,-443.75203708713576,7.2080655263865125,nan,-469.73283976340747,-7.2080655263865125,nan,-470.40153146253573,-7.2080655263865125,nan,-443.75203708713576,7.2080655263865125,nan
1773116703.1899538,-0.10127244444881556,0.0020943951023931957,0.0,-0.5651603275068822,-0.03665191429188092,-1.0664,0.3035890342743085,0.00942477796076938,0.33299999999999996,0.33324768154164636,0.034557519189487726,2.1476,-0.3425706399084811,0.02199114857512855,0.09,0.34865761715555144,-0.02617993877991494,-0.4576,-443.51781348917046,7.189878639747922,nan,-469.96706336137277,-7.189878639747922,nan,-470.635755060501,-7.189878639747922,nan,-443.51781348917046,7.189878639747922,nan
1773116703.2219489,-0.10124114888501803,0.0,0.15500000000000003,-0.5663182633673908,-0.041887902047863905,-0.7874,0.3039200004139459,0.010471975511965976,0.32849999999999996,0.33419906668109134,0.03351032163829113,2.4388,-0.34182596609429683,0.031415926535897934,0.252,0.3475998270991948,-0.04293509959906051,-0.48360000000000003,-443.2901895191345,7.182063330102192,nan,-470.1946873314087,-7.182063330102192,nan,-470.863379030537,-7.182063330102192,nan,-443.2901895191345,7.182063330102192,nan
1773116703.2540572,-0.10084682478116912,0.011519173063162575,0.037200000000000004,-0.5677641184148368,-0.04084070449666731,-0.5518,0.3042406238617197,0.005235987755982988,0.3645,0.3353257069778025,0.031415926535897934,2.6312,-0.34028490500661,0.0492182849062401,0.2565,0.34586605286481154,-0.056548667764616284,-0.2704,-443.06082860736325,7.169629866556508,nan,-470.42404824318,-7.169629866556508,nan,-471.09273994230824,-7.169629866556508,nan,-443.06082860736325,7.169629866556508,nan
1773116703.270058,-0.10060897849630787,0.00942477796076938,0.5022,-0.5687155035542818,-0.03769911184307752,-0.5084000000000001,0.3044061069315384,0.004188790204786391,0.3735,0.33612061429825985,0.030368728984701332,2.6884,-0.3390851527504243,0.048171087355043496,0.29700000000000004,0.34457667563635314,-0.05235987755982988,-0.3432,-442.8307240273447,7.161605619895179,nan,-470.65415282319856,-7.161605619895179,nan,-471.3228445223268,-7.161605619895179,nan,-442.8307240273447,7.161605619895179,nan
1773116703.301915,-0.10042746422628218,0.008377580409572783,0.5704,-0.5692788237026374,-0.024085543677521748,-0.682,0.30451987654203877,0.004188790204786391,0.33299999999999996,0.3366964526721345,0.031415926535897934,2.1476,-0.33824739470946696,0.04084070449666731,0.31949999999999995,0.3436878816245032,-0.03979350694547071,-0.5512,-442.7159555197668,7.111910189473232,nan,-470.76892133077644,-7.111910189473232,nan,-471.4376130299047,-7.111910189473232,nan,-442.7159555197668,7.111910189473232,nan
1773116703.3179085,-0.10007695391174982,0.01884955592153876,1.1904000000000001,-0.5700674719103352,-0.030368728984701332,-0.9920000000000001,0.30463364615253913,0.0020943951023931957,0.3015,0.3374913599925918,0.028274333882308142,2.3764000000000003,-0.33702695706955393,0.053407075111026485,0.6885,0.3421168443218671,-0.06911503837897545,-1.4508,-442.4928467260352,7.08654547166022,nan,-470.992030124508,-7.08654547166022,nan,-471.66072182363627,-7.08654547166022,nan,-442.4928467260352,7.08654547166022,nan
1773116703.3499243,-0.09973896182273646,0.016755160819145565,0.8184,-0.5705807191566148,-0.025132741228718343,-0.8556000000000001,0.3046439888444028,0.0,0.29700000000000004,0.3380046072388713,0.024085543677521748,2.2880000000000003,-0.3358272048133682,0.06702064327658226,0.4905,0.3407148030637377,-0.07016223593017205,-0.2756,-442.379166913939,7.068471647920672,nan,-471.1057099366042,-7.068471647920672,nan,-471.7744016357325,-7.068471647920672,nan,-442.379166913939,7.068471647920672,nan
1773116703.3659127,-0.0991944190126594,0.016755160819145565,0.7130000000000001,-0.5714006629281101,-0.030368728984701332,-0.7936000000000001,0.3046646742281302,0.0,0.3015,0.33875570077001205,0.027227136331111543,2.314,-0.3338414079755435,0.06702064327658226,0.5625,0.33858670472550545,-0.06806784082777885,-0.2704,-442.1543724445899,7.03715714612422,nan,-471.3305044059533,-7.03715714612422,nan,-471.9991961050816,-7.03715714612422,nan,-442.1543724445899,7.03715714612422,nan
1773116703.3979056,-0.09893779538951962,0.011519173063162575,0.527,-0.5719827604147443,-0.034557519189487726,-0.8556000000000001,0.30470604499558485,0.0020943951023931957,0.31500000000000006,0.3392501706780131,0.028274333882308142,2.3452,-0.33278645340544916,0.05445427266222309,0.5535,0.3374851008798323,-0.047123889803846894,-0.7176000000000001,-442.04130748638454,7.010349590380364,nan,-471.4435693641587,-7.010349590380364,nan,-472.11226106328695,-7.010349590380364,nan,-442.04130748638454,7.010349590380364,nan
1773116703.4299164,-0.09845584370703762,0.015707963267948967,0.17980000000000002,-0.5732471011921645,-0.03560471674068433,-0.5642,0.30480947191422153,0.0020943951023931957,0.32399999999999995,0.34029544250885074,0.025132741228718343,2.548,-0.3308523700269429,0.05550147021341968,0.6839999999999999,0.3353882981053976,-0.06597344572538565,-0.2392,-441.81663153194506,6.964424671515805,nan,-471.66824531859817,-6.964424671515805,nan,-472.3369370177264,-6.964424671515805,nan,-441.81663153194506,6.964424671515805,nan
1773116703.461915,-0.09798015113731513,0.016755160819145565,0.29760000000000003,-0.5742861139102426,-0.03560471674068433,-0.7564,0.3048715280654036,0.0010471975511965978,0.33299999999999996,0.34111538628034604,0.02617993877991494,2.7144000000000004,-0.3290113708752096,0.06911503837897545,0.756,0.3334417140371911,-0.06806784082777885,-0.4732,-441.5968489591622,6.941237192762521,nan,-471.88802789138106,-6.941237192762521,nan,-472.5567195905093,-6.941237192762521,nan,-441.5968489591622,6.941237192762521,nan
1773116703.4939873,-0.09735423986136447,0.01884955592153876,0.42160000000000003,-0.5755629729131819,-0.03665191429188092,-1.0354,0.3049646122921766,0.0010471975511965978,0.34199999999999997,0.3421481398856646,0.031415926535897934,2.496,-0.3262188440720187,0.08587019919812101,0.621,0.3307440364378437,-0.07958701389094142,-0.1404,-441.3767646614275,6.895335708367706,nan,-472.10811218911573,-6.895335708367706,nan,-472.776803888244,-6.895335708367706,nan,-441.3767646614275,6.895335708367706,nan
1773116703.525901,-0.0967971788257684,0.01884955592153876,0.6696,-0.576652058533336,-0.034557519189487726,-0.8742,0.30502666844335863,0.0010471975511965978,0.32849999999999996,0.3430932659123502,0.031415926535897934,2.1528,-0.32372625533287414,0.08377580409572781,0.5895,0.3284344238295858,-0.07749261878854824,-0.312,-441.15680843848867,6.85143993876907,nan,-472.32806841205456,-6.85143993876907,nan,-472.9967601111828,-6.85143993876907,nan,-441.15680843848867,6.85143993876907,nan
1773116703.541894,-0.09639659560915997,0.007330382858376185,-0.024800000000000003,-0.5775095569813884,-0.03351032163829113,-0.11159999999999999,0.3050887245945406,0.0020943951023931957,0.33749999999999997,0.3437442136393388,0.030368728984701332,2.0592,-0.3217921719543678,0.07016223593017205,0.31500000000000006,0.32669439048244303,-0.0492182849062401,0.9880000000000001,-440.940236806182,6.797754724113718,nan,-472.54464004436124,-6.797754724113718,nan,-473.2133317434895,-6.797754724113718,nan,-440.940236806182,6.797754724113718,nan
1773116703.557867,-0.09624011779017232,0.012566370614359171,0.5766,-0.5780478406787061,-0.02303834612632515,-0.3782,0.30515078074572266,0.0010471975511965978,0.29700000000000004,0.34416983330698525,0.020943951023931952,2.6312,-0.3208406443029102,0.053407075111026485,0.5445,0.32604970186821386,-0.0492182849062401,-0.754,-440.8327728754562,6.7498280085245,nan,-472.652103975087,-6.7498280085245,nan,-473.3207956742153,-6.7498280085245,nan,-440.8327728754562,6.7498280085245,nan
1773116703.5899057,-0.095952198603235,0.019896753472735354,0.806,-0.5785485696994666,-0.02932153143350474,-0.17980000000000002,0.3051611234375863,0.0,0.279,0.34461423031291016,0.024085543677521748,2.3868,-0.31981671780840687,0.06597344572538565,0.711,0.32487924778218613,-0.07853981633974483,-0.7176000000000001,-440.7244209455822,6.715276711203203,nan,-472.760455904961,-6.715276711203203,nan,-473.4291476040893,-6.715276711203203,nan,-440.7244209455822,6.715276711203203,nan
1773116703.6058965,-0.09530125087624633,0.02617993877991494,0.7068000000000001,-0.579443622824076,-0.030368728984701332,-0.5332,0.3051611234375863,0.0,0.243,0.34536532384405094,0.024085543677521748,2.5012,-0.31743789867976274,0.0932005820564972,0.6885,0.32233804800182647,-0.09424777960769379,-0.7176000000000001,-440.509171707965,6.697577929969794,nan,-472.97570514257825,-6.697577929969794,nan,-473.6443968417065,-6.697577929969794,nan,-440.509171707965,6.697577929969794,nan
1773116703.6379297,-0.09482555830652385,0.02617993877991494,0.7068000000000001,-0.5799318336193174,-0.027227136331111543,-0.8618000000000001,0.3051611234375863,0.0,0.2115,0.345834757301014,0.030368728984701332,2.1164,-0.3155865568361658,0.10890854532444617,0.495,0.32072319690987383,-0.09634217471008699,-0.43160000000000004,-440.40310418123556,6.673911014338928,nan,-473.08177266930767,-6.673911014338928,nan,-473.7504643684359,-6.673911014338928,nan,-440.40310418123556,6.673911014338928,nan
1773116703.6539278,-0.09406194654986405,0.024085543677521748,0.9238,-0.5808268867439269,-0.030368728984701332,-0.372,0.3051611234375863,0.0,0.16199999999999998,0.34659836905767377,0.02617993877991494,2.3608000000000002,-0.31250443466079214,0.0973893722612836,0.4815,0.31788155971705784,-0.0921533845053006,-0.4212,-440.1863068729476,6.621944010888185,nan,-473.2985699775956,-6.621944010888185,nan,-473.96726167672387,-6.621944010888185,nan,-440.1863068729476,6.621944010888185,nan
1773116703.6859267,-0.09346733083771093,0.02303834612632515,1.1594,-0.5815091300347132,-0.02617993877991494,-0.5642,0.3051611234375863,0.0,0.1035,0.34718672565706743,0.025132741228718343,2.2464,-0.31031178398569403,0.08691739674931762,0.5085000000000001,0.3156282791236355,-0.0900589894029074,-0.33280000000000004,-440.0833205438036,6.581792609840326,nan,-473.4015563067396,-6.581792609840326,nan,-474.0702480058679,-6.581792609840326,nan,-440.0833205438036,6.581792609840326,nan
1773116703.7179446,-0.09279134665968422,0.016755160819145565,0.961,-0.5825481427527912,-0.05445427266222309,-1.3392,0.3051611234375863,0.0,0.243,0.34800041031580325,0.03874630939427412,2.6156,-0.3077571390953675,0.08168140899333462,0.5309999999999999,0.3131058566815544,-0.08168140899333462,-0.2184,-439.87075917861097,6.520590703335266,nan,-473.61411767193226,-6.520590703335266,nan,-474.2828093710605,-6.520590703335266,nan,-439.87075917861097,6.520590703335266,nan
1773116703.7499177,-0.09226558118788566,0.015707963267948967,0.3782,-0.5841880302957819,-0.050265482457436686,-0.5704,0.3052231795887684,0.0020943951023931957,0.2925,0.3491583461763119,0.041887902047863905,1.8928,-0.30538866265858705,0.06911503837897545,0.4275,0.31088387165192954,-0.05759586531581288,-0.8892000000000001,-439.66391226386804,6.474118312494978,nan,-473.8209645866752,-6.474118312494978,nan,-474.48965628580345,-6.474118312494978,nan,-439.66391226386804,6.474118312494978,nan
1773116703.781925,-0.09159585612261847,0.024085543677521748,0.4526,-0.5859343227556842,-0.0450294947014537,-0.6386,0.30530592112367766,0.0,0.31500000000000006,0.35041016872821323,0.031415926535897934,2.2568,-0.30289607391944257,0.07958701389094142,0.6525,0.3083614492098484,-0.08587019919812101,-1.3364,-439.4618196837264,6.4169455031337,nan,-474.02305716681684,-6.4169455031337,nan,-474.6917488659451,-6.4169455031337,nan,-439.4618196837264,6.4169455031337,nan
1773116703.7978885,-0.09101375863598436,0.025132741228718343,0.7068000000000001,-0.5870296674885979,-0.0439822971502571,-0.14880000000000002,0.30532660650740506,0.0,0.3015,0.3511424849210755,0.03246312408709453,2.2152,-0.30065170978502614,0.09634217471008699,0.5489999999999999,0.3061582415185021,-0.10053096491487337,-0.9672000000000001,-439.25234850574316,6.365048020890785,nan,-474.2325283448001,-6.365048020890785,nan,-474.90122004392833,-6.365048020890785,nan,-439.25234850574316,6.365048020890785,nan
1773116703.8299222,-0.09051928872798336,0.027227136331111543,0.8556000000000001,-0.5876868743283461,-0.025132741228718343,-0.037200000000000004,0.3053369491992687,0.0,0.22949999999999998,0.35163695482907653,0.025132741228718343,2.2412,-0.29874865448211085,0.10471975511965977,0.54,0.30436187615652377,-0.10262536001726658,-1.3780000000000001,-439.1516156940006,6.297879821483547,nan,-474.3332611565426,-6.297879821483547,nan,-475.0019528556709,-6.297879821483547,nan,-439.1516156940006,6.297879821483547,nan
1773116703.8459067,-0.08965553116717145,0.02932153143350474,0.9114,-0.5885694092274365,-0.031415926535897934,-0.39680000000000004,0.3053369491992687,0.0,0.17099999999999999,0.3523943074729768,0.027227136331111543,2.0904000000000003,-0.2955217346206458,0.10786134777324956,0.504,0.30123857888953004,-0.10786134777324956,-1.1024,-438.9556812395705,6.2464488752432485,nan,-474.52919561097275,-6.2464488752432485,nan,-475.197887310101,-6.2464488752432485,nan,-438.9556812395705,6.2464488752432485,nan
1773116703.8778968,-0.08910472924433488,0.03246312408709453,0.5579999999999999,-0.5891389884885516,-0.030368728984701332,-0.27899999999999997,0.3053369491992687,0.0,0.135,0.3527886315768257,0.01884955592153876,2.6936,-0.2935876512421395,0.10262536001726658,0.504,0.299323290385121,-0.10995574287564276,-1.1076,-438.85681847043264,6.205471240609196,nan,-474.6280583801106,-6.205471240609196,nan,-475.29675007923885,-6.205471240609196,nan,-438.85681847043264,6.205471240609196,nan
1773116703.8938708,-0.08817212144316841,0.031415926535897934,0.6448,-0.5900653371769585,-0.030368728984701332,-0.018600000000000002,0.3053369491992687,0.0,0.058499999999999996,0.3535146886569285,0.02303834612632515,2.4804,-0.29044347291558376,0.10053096491487337,0.522,0.29614366110329166,-0.11309733552923257,-0.7748,-438.66039439025127,6.1380382497704185,nan,-474.82448246029196,-6.1380382497704185,nan,-475.4931741594202,-6.1380382497704185,nan,-438.66039439025127,6.1380382497704185,nan
1773116703.9259024,-0.08764009685861035,0.02932153143350474,0.9362,-0.5905973617615166,-0.027227136331111543,-0.4092,0.30532660650740506,0.0,0.0135,0.3539528265500939,0.025132741228718343,2.3036000000000003,-0.2885611029963958,0.10262536001726658,0.5265000000000001,0.2942095952606042,-0.10681415022205297,-0.962,-438.56539335360003,6.093190590756967,nan,-474.9194834969432,-6.093190590756967,nan,-475.58817519607146,-6.093190590756967,nan,-438.56539335360003,6.093190590756967,nan
1773116703.9578855,-0.08655727035121573,0.030368728984701332,0.961,-0.5915925606902781,-0.024085543677521748,-0.7998000000000001,0.30528523573995037,0.0,0.0,0.35484162056194385,0.02303834612632515,2.3920000000000003,-0.2847653350824289,0.10995574287564276,0.477,0.29036024091350765,-0.10995574287564276,-1.066,-438.37221578866945,6.017092737331534,nan,-475.1126610618738,-6.017092737331534,nan,-475.78135276100204,-6.017092737331534,nan,-438.37221578866945,6.017092737331534,nan
1773116703.9898956,-0.08558710787349222,0.03351032163829113,0.5332,-0.5924250226872925,-0.030368728984701332,-0.8556000000000001,0.30510940997826796,-0.005235987755982988,-0.058499999999999996,0.35563026876964166,0.02617993877991494,2.1476,-0.28153841522096384,0.10890854532444617,0.522,0.2870554293764882,-0.10890854532444617,-0.6916000000000001,-438.1804327016594,5.976445400062175,nan,-475.3044441488838,-5.976445400062175,nan,-475.9731358480121,-5.976445400062175,nan,-438.1804327016594,5.976445400062175,nan
1773116704.0218816,-0.08444794935126201,0.02932153143350474,0.6138,-0.5935203674202062,-0.02932153143350474,-0.7874,0.3049128988328582,-0.005235987755982988,-0.1035,0.35655035834528914,0.025132741228718343,1.8252,-0.27776333269072423,0.0973893722612836,0.5175000000000001,0.2831872976911132,-0.10157816246606997,-0.6344,-437.99362370721093,5.8940182995554276,nan,-475.4912531433323,-5.8940182995554276,nan,-476.15994484246056,-5.8940182995554276,nan,-437.99362370721093,5.8940182995554276,nan
1773116704.0539823,-0.08364678291804518,0.02303834612632515,0.5890000000000001,-0.5944216796575751,-0.03246312408709453,-0.7564,0.3047267303793122,-0.003141592653589793,-0.0945,0.35721382429779686,0.025132741228718343,2.0852000000000004,-0.2750018339631243,0.08691739674931762,0.504,0.2803706969493352,-0.08063421144213803,-1.0036,-437.8067060475466,5.821111311908737,nan,-475.67817080299665,-5.821111311908737,nan,-476.3468625021249,-5.821111311908737,nan,-437.8067060475466,5.821111311908737,nan
1773116704.0699081,-0.08306468543141109,0.027227136331111543,1.0664,-0.5952165869780324,-0.03246312408709453,-0.372,0.3046750169199938,-0.0020943951023931957,-0.16199999999999998,0.35778966267167145,0.024085543677521748,2.0956,-0.27296432366598133,0.0879645943005142,0.6749999999999999,0.278267635062141,-0.0973893722612836,-1.586,-437.6186732961513,5.733534750519174,nan,-475.8662035543919,-5.733534750519174,nan,-476.5348952535202,-5.733534750519174,nan,-437.6186732961513,5.733534750519174,nan
1773116704.0858688,-0.08252640173409352,0.02932153143350474,0.7626000000000001,-0.595767388900869,-0.030368728984701332,-0.4092,0.3045819326932208,-0.005235987755982988,-0.16649999999999998,0.3581839867755203,0.020943951023931952,2.314,-0.27115435258983905,0.10262536001726658,0.585,0.276289755430137,-0.10786134777324956,-0.8112,-437.53311416961634,5.673056890876984,nan,-475.9517626809269,-5.673056890876984,nan,-476.62045438005515,-5.673056890876984,nan,-437.53311416961634,5.673056890876984,nan
1773116704.1178777,-0.08197559981125695,0.02932153143350474,0.7564,-0.5963307090492246,-0.02932153143350474,-0.062000000000000006,0.30446816308272046,-0.004188790204786391,-0.19799999999999998,0.35864716111972383,0.025132741228718343,1.8304,-0.269147870368287,0.10786134777324956,0.46349999999999997,0.27441202160228506,-0.10053096491487337,-0.49920000000000003,-437.44126635061275,5.627110155368597,nan,-476.0436104999305,-5.627110155368597,nan,-476.71230219905874,-5.627110155368597,nan,-437.44126635061275,5.627110155368597,nan
1773116704.1338823,-0.08111810136320455,0.02932153143350474,1.2462000000000002,-0.5971381345952008,-0.027227136331111543,-0.2046,0.3043440507803564,-0.003141592653589793,-0.26549999999999996,0.359266813282915,0.024085543677521748,1.9916,-0.26632431548950514,0.09634217471008699,0.603,0.2714890159435955,-0.10053096491487337,-0.8684000000000001,-437.2588968681785,5.588414578318403,nan,-476.2259799823647,-5.588414578318403,nan,-476.894671681493,-5.588414578318403,nan,-437.2588968681785,5.588414578318403,nan
1773116704.1659007,-0.08065492701900107,0.020943951023931952,0.744,-0.5977765640966706,-0.0460766922526503,-1.2896,0.30430268001290167,-0.0020943951023931957,-0.16649999999999998,0.35969243295056147,0.028274333882308142,2.652,-0.26456605787268117,0.0879645943005142,0.441,0.2697114279198956,-0.07435102613495843,-0.65,-437.1723302763317,5.54656312889022,nan,-476.3125465742115,-5.54656312889022,nan,-476.9812382733398,-5.54656312889022,nan,-437.1723302763317,5.54656312889022,nan
1773116704.1818335,-0.08003527485580993,0.020943951023931952,0.9362,-0.5991973826930785,-0.04293509959906051,-0.24800000000000003,0.30430268001290167,-0.003141592653589793,-0.1215,0.3606312998644874,0.031415926535897934,2.21,-0.2621975814359007,0.07539822368615504,0.5760000000000001,0.26727037394368813,-0.08482300164692443,-0.6604,-436.9838003479154,5.481226723495057,nan,-476.5010765026278,-5.481226723495057,nan,-477.1697682017561,-5.481226723495057,nan,-436.9838003479154,5.481226723495057,nan
1773116704.2139142,-0.07942814091813778,0.02932153143350474,0.48360000000000003,-0.6001362496070046,-0.034557519189487726,-0.6324,0.30430268001290167,0.0,-0.19349999999999998,0.3613510978318306,0.025132741228718343,2.0332000000000003,-0.260180756522485,0.09110618695410401,0.5895,0.2651610529437344,-0.0932005820564972,-0.4628,-436.9136297288876,5.446954415348588,nan,-476.57124712165563,-5.446954415348588,nan,-477.2399388207839,-5.446954415348588,nan,-436.9136297288876,5.446954415348588,nan
1773116704.245907,-0.0785831606956044,0.02932153143350474,0.5208,-0.6011940396633612,-0.034557519189487726,-0.4402,0.30430268001290167,0.0,-0.22949999999999998,0.36213348692676894,0.019896753472735354,2.3400000000000003,-0.2573985724111578,0.0932005820564972,0.5805,0.26235071131471593,-0.09634217471008699,-0.7176000000000001,-436.7344428605834,5.394832639220288,nan,-476.75043398995984,-5.394832639220288,nan,-477.4191256890881,-5.394832639220288,nan,-436.7344428605834,5.394832639220288,nan
1773116704.2778745,-0.07771940313479252,0.02932153143350474,0.7006,-0.6022393114941987,-0.03246312408709453,-0.0806,0.3042716519373107,-0.0020943951023931957,-0.27,0.36284076666859316,0.02199114857512855,2.158,-0.2544819333056028,0.10262536001726658,0.603,0.25937137364119084,-0.09948376736367678,-0.7228000000000001,-436.56534834106253,5.344081327254874,nan,-476.9195285094807,-5.344081327254874,nan,-477.58822020860896,-5.344081327254874,nan,-436.56534834106253,5.344081327254874,nan
1773116704.309927,-0.07666161307843591,0.03246312408709453,0.6882,-0.6033909882419479,-0.03351032163829113,-0.037200000000000004,0.304168225018674,-0.0010471975511965978,-0.31949999999999995,0.36364819221456957,0.02303834612632515,2.2204,-0.2507895923102726,0.10367255756846318,0.5625,0.25574108824067704,-0.10786134777324956,-0.6344,-436.3968162525108,5.273932823442793,nan,-477.0880605980324,-5.273932823442793,nan,-477.7567522971607,-5.273932823442793,nan,-436.3968162525108,5.273932823442793,nan
1773116704.3258748,-0.07592303777281414,0.031415926535897934,0.8494,-0.6041733773368863,-0.031415926535897934,-0.43400000000000005,0.3040958261756283,-0.0020943951023931957,-0.33749999999999997,0.3642177714756846,0.02199114857512855,2.1944,-0.24822460472808242,0.10681415022205297,0.522,0.2530934835434058,-0.10786134777324956,-0.41600000000000004,-436.2270347293844,5.205357070906668,nan,-477.25784212115883,-5.205357070906668,nan,-477.9265338202871,-5.205357070906668,nan,-436.2270347293844,5.205357070906668,nan
1773116704.357886,-0.07536597673721805,0.02932153143350474,0.806,-0.6046302925683302,-0.020943951023931952,-0.8246000000000001,0.30403377002444626,-0.003141592653589793,-0.3825,0.364605836466774,0.02199114857512855,1.9864000000000002,-0.2463008640414398,0.10471975511965977,0.513,0.2513221546324655,-0.10157816246606997,-0.338,-436.1497090836284,5.12406432391325,nan,-477.3351677669148,-5.12406432391325,nan,-478.0038594660431,-5.12406432391325,nan,-436.1497090836284,5.12406432391325,nan
1773116704.373909,-0.07449596006364664,0.027227136331111543,1.0974,-0.6054189407760281,-0.02617993877991494,-0.2852,0.3039200004139459,-0.0020943951023931957,-0.432,0.3652254886299652,0.01884955592153876,2.2204,-0.24322908455792977,0.09948376736367678,0.477,0.24816130268891468,-0.10157816246606997,-0.4368,-435.98844906680404,5.070096667434299,nan,-477.4964277837392,-5.070096667434299,nan,-478.16511948286745,-5.070096667434299,nan,-435.98844906680404,5.070096667434299,nan
1773116704.4058552,-0.07395141725356959,0.031415926535897934,1.1594,-0.6059071515712696,-0.027227136331111543,-0.018600000000000002,0.3038579442627639,-0.003141592653589793,-0.486,0.3655947762827761,0.01884955592153876,2.0696000000000003,-0.24143979886551484,0.10157816246606997,0.5805,0.24635241910141728,-0.10367255756846318,-1.0036,-435.9070531791923,5.026759435343228,nan,-477.5778236713509,-5.026759435343228,nan,-478.2465153704792,-5.026759435343228,nan,-435.9070531791923,5.026759435343228,nan
1773116704.4218125,-0.072918663648251,0.03560471674068433,0.4898,-0.6067020588917269,-0.02617993877991494,-0.403,0.3037131465766725,-0.004188790204786391,-0.5355,0.3661893919949292,0.017802358370342164,2.184,-0.23825424977150442,0.10471975511965977,0.6300000000000001,0.24309142135371437,-0.11205013797803595,-0.6864,-435.7457339803315,4.966438012784975,nan,-477.7391428702117,-4.966438012784975,nan,-478.40783456933997,-4.966438012784975,nan,-435.7457339803315,4.966438012784975,nan
1773116704.4539022,-0.0722364203574648,0.03979350694547071,0.6634,-0.6070650874317782,-0.016755160819145565,-0.6572,0.3035993769661721,-0.007330382858376185,-0.5985,0.3665023476329045,0.019896753472735354,2.0020000000000002,-0.23619605409063407,0.12147491593880533,0.6120000000000001,0.24111354172171032,-0.12671090369478832,-1.1544,-435.67158530022834,4.9252475007942955,nan,-477.8132915503149,-4.9252475007942955,nan,-478.48198324944315,-4.9252475007942955,nan,-435.67158530022834,4.9252475007942955,nan
1773116704.4858754,-0.07082186087381631,0.03874630939427412,0.9734,-0.6077974036246405,-0.020943951023931952,-0.2914,0.30311327044857966,-0.011519173063162575,-0.5940000000000001,0.3671595544726527,0.017802358370342164,2.0748,-0.23169698312993758,0.12042771838760875,0.558,0.2363879115882829,-0.12252211349000192,-0.3432,-435.5148190184093,4.845714617486409,nan,-477.97005783213393,-4.845714617486409,nan,-478.6387495312622,-4.845714617486409,nan,-435.5148190184093,4.845714617486409,nan
1773116704.517851,-0.0696639250133076,0.03665191429188092,0.6076,-0.6084295740133506,-0.024085543677521748,-0.2914,0.3027512762333512,-0.00942477796076938,-0.6120000000000001,0.36775417018480583,0.02199114857512855,1.7316000000000003,-0.22811841174510775,0.11623892818282236,0.603,0.23266999860913604,-0.12461650859239512,-0.5824,-435.36253450157966,4.791865474716419,nan,-478.12234234896357,-4.791865474716419,nan,-478.79103404809183,-4.791865474716419,nan,-435.36253450157966,4.791865474716419,nan
1773116704.5500798,-0.06837454778484928,0.03351032163829113,1.0044,-0.6093434044762386,-0.02617993877991494,-0.0682,0.30249270893675945,-0.005235987755982988,-0.6975,0.36844893170111104,0.017802358370342164,1.9344000000000001,-0.2238365373135483,0.11938052083641214,0.5625,0.22837624725611455,-0.11205013797803595,-0.52,-435.2122842891494,4.697109177395291,nan,-478.2725925613938,-4.697109177395291,nan,-478.9412842605221,-4.697109177395291,nan,-435.2122842891494,4.697109177395291,nan
1773116704.5818467,-0.06736057151780922,0.03351032163829113,0.43400000000000005,-0.6100569433308224,-0.02199114857512855,-0.5518,0.3022341416401677,-0.007330382858376185,-0.7155,0.3690310291877451,0.017802358370342164,1.7680000000000002,-0.22045447707412819,0.10786134777324956,0.4185,0.22511524950841166,-0.10157816246606997,-0.5772,-435.06003140234185,4.615818585051589,nan,-478.4248454482014,-4.615818585051589,nan,-479.09353714732964,-4.615818585051589,nan,-435.06003140234185,4.615818585051589,nan
1773116704.5978749,-0.06659070064838991,0.03246312408709453,0.35340000000000005,-0.610620263479178,-0.02303834612632515,-0.24800000000000003,0.3019652316517123,-0.008377580409572783,-0.7065,0.36939405772779654,0.016755160819145565,2.1112,-0.21807565794548406,0.0984365698124802,0.522,0.2226616773066851,-0.10471975511965977,-0.44200000000000006,-434.91842327897035,4.523831970990311,nan,-478.5664535715729,-4.523831970990311,nan,-479.23514527070114,-4.523831970990311,nan,-434.91842327897035,4.523831970990311,nan
1773116704.6139834,-0.06607119428935088,0.020943951023931952,0.012400000000000001,-0.6111335107254574,-0.03665191429188092,-1.0788,0.30183077665748453,-0.004188790204786391,-0.6389999999999999,0.3697445680423289,0.02303834612632515,2.262,-0.21638979917170587,0.0900589894029074,0.45,0.22099675331265636,-0.07435102613495843,0.015600000000000001,-434.7828794978427,8.213284773716794,nan,-478.57779854527865,-0.6874494648202423,nan,-479.2464902444069,-0.6874494648202423,nan,-434.7828794978427,8.213284773716794,nan
1773116704.6458786,-0.06567687018550196,0.02303834612632515,0.4774,-0.6117719402269272,-0.028274333882308142,-0.7812,0.30177906319816616,-0.0020943951023931957,-0.6885,0.3701764468227349,0.024085543677521748,1.9292,-0.21496250769451938,0.07435102613495843,0.5445,0.21958219382900787,-0.08482300164692443,-0.2028,-434.65407805719155,8.236843478071775,nan,-478.586442199733,-0.5527611217656013,nan,-479.2551338988613,-0.5527611217656013,nan,-434.65407805719155,8.236843478071775,nan
1773116704.6618345,-0.06498836778195624,0.02199114857512855,0.682,-0.6127295844791317,-0.028274333882308142,-0.4092,0.30169632166325683,-0.003141592653589793,-0.7065,0.3708524310007616,0.025132741228718343,1.8772,-0.21274917163569396,0.07225663103256524,0.6255000000000001,0.2171161034017623,-0.08272860654453122,-0.338,-434.38827831198984,8.269878606021393,nan,-478.60062694096166,-0.4413325826534945,nan,-479.2693186400899,-0.4413325826534945,nan,-434.38827831198984,8.269878606021393,nan
1773116704.6938648,-0.0645690072270693,0.025132741228718343,0.5766,-0.6131802405978161,-0.025132741228718343,-0.5642,0.30162392282021117,-0.004188790204786391,-0.7245,0.37120920042805344,0.01884955592153876,1.7576000000000003,-0.21134256554223485,0.08272860654453122,0.5940000000000001,0.2156514710160378,-0.08482300164692443,-0.3224,-434.25829344627743,8.331448863585303,nan,-478.605621372275,-0.32012072222064775,nan,-479.27431307140324,-0.32012072222064775,nan,-434.25829344627743,8.331448863585303,nan
1773116704.7098758,-0.06384920925972605,0.02303834612632515,0.7936000000000001,-0.613956370579995,-0.025132741228718343,-0.527,0.3014791251341198,-0.003141592653589793,-0.756,0.37170367033605445,0.016755160819145565,2.0228,-0.20884997680309034,0.08587019919812101,0.5535,0.21317286236327318,-0.08691739674931762,-0.44200000000000006,-433.9856101627106,8.41633879617651,nan,-478.6099701198275,-0.13422360278942128,nan,-479.27866181895575,-0.13422360278942128,nan,-433.9856101627106,8.41633879617651,nan
1773116704.7418525,-0.06325459354757293,0.025132741228718343,0.5828,-0.61452594984111,-0.02303834612632515,-0.3658,0.301344670139892,-0.004188790204786391,-0.7965,0.37210425355266286,0.017802358370342164,1.8928,-0.20682280919781101,0.08377580409572781,0.5489999999999999,0.2111574280547121,-0.08482300164692443,-0.33280000000000004,-433.84858662313326,8.448026807664416,nan,-478.6106682034369,-0.04303953221730552,nan,-479.27935990256515,-0.04303953221730552,nan,-433.84858662313326,8.448026807664416,nan
1773116704.7738898,-0.0625598320312677,0.02199114857512855,0.8122,-0.6152144522446558,-0.02199114857512855,-0.07440000000000001,0.30117918707007335,-0.004188790204786391,-0.8235,0.37259872346066386,0.01466076571675237,2.0020000000000002,-0.20438193391798484,0.07749261878854824,0.522,0.20878522431885915,-0.07435102613495843,-0.5096,-433.5779024341523,8.50767508089166,nan,-478.60684683281175,0.12010668138684517,nan,-479.27553853194,0.12010668138684517,nan,-433.5779024341523,8.50767508089166,nan
1773116704.8058589,-0.061896366078760014,0.024085543677521748,0.8742,-0.6160281369033915,-0.03769911184307752,-0.1426,0.30100336130839095,-0.0020943951023931957,-0.7739999999999999,0.37313074804522195,0.02199114857512855,2.0592,-0.20199277209747707,0.08063421144213803,0.504,0.20642553880852518,-0.0879645943005142,-0.16640000000000002,-433.3069155238916,8.545027224343743,nan,-478.59917077725413,0.24204897444135534,nan,-479.2678624763824,0.24204897444135534,nan,-433.3069155238916,8.545027224343743,nan
1773116704.8378425,-0.06108268142002417,0.02303834612632515,0.7378,-0.6171172225235458,-0.017802358370342164,-0.9796,0.30096199054093625,-0.0020943951023931957,-0.8235,0.3738693233508437,0.017802358370342164,1.8304,-0.19912784645124043,0.07435102613495843,0.5085000000000001,0.2035964198412282,-0.07539822368615504,-0.1976,-433.03134335474095,8.591868987285453,nan,-478.586759660646,0.38695739200256896,nan,-479.25545135977427,0.38695739200256896,nan,-433.03134335474095,8.591868987285453,nan
1773116704.853826,-0.06051310215890907,0.02199114857512855,0.1922,-0.6176617653336228,-0.017802358370342164,-0.031000000000000003,0.3008378782385722,-0.004188790204786391,-0.837,0.3743012021312497,0.016755160819145565,1.586,-0.19743164498559856,0.06806784082777885,0.4725,0.20190645939616145,-0.05969026041820607,-0.0676,-432.75538468798806,8.662135735684746,nan,-478.56925390639805,0.5494925063808409,nan,-479.2379456055263,0.5494925063808409,nan,-432.75538468798806,8.662135735684746,nan
1773116704.8858252,-0.060143814506098195,0.019896753472735354,0.3472,-0.6179246480695221,-0.007330382858376185,-0.1736,0.3007034232443445,-0.005235987755982988,-0.891,0.37454530752887044,0.010471975511965976,1.6796000000000002,-0.19630429157245852,0.05969026041820607,0.4815,0.20081111466324783,-0.056548667764616284,-0.312,-432.6159580880942,8.756775150443257,nan,-478.5570617663239,0.765735012639058,nan,-479.22575346545216,0.765735012639058,nan,-432.6159580880942,8.756775150443257,nan
1773116704.9017882,-0.05955545790670457,0.019896753472735354,0.35340000000000005,-0.6182688992712949,-0.005235987755982988,-0.1364,0.30050691209893476,-0.008377580409572783,-0.9405,0.37487704050512427,0.00942477796076938,1.508,-0.19460809010681662,0.05759586531581288,0.5535,0.1989897128502314,-0.061784655520599266,-0.026000000000000002,-432.33314263231614,8.785741873665183,nan,-478.5285934760791,0.8843754630998454,nan,-479.19728517520736,0.8843754630998454,nan,-432.33314263231614,8.785741873665183,nan
1773116704.933862,-0.059217465817691224,0.017802358370342164,0.42160000000000003,-0.6184191179775231,-0.006283185307179586,-0.3038,0.3002897155697977,-0.011519173063162575,-0.9045000000000001,0.3750648138879094,0.008377580409572783,1.5184,-0.19356347822858594,0.05759586531581288,0.5175000000000001,0.19795070013215335,-0.053407075111026485,-0.0468,-432.1943900925917,8.791657976514207,nan,-478.5136759257111,0.9452079287585275,nan,-479.18236762483934,0.9452079287585275,nan,-432.1943900925917,8.791657976514207,nan
1773116704.9658086,-0.05866666389485465,0.017802358370342164,0.5518,-0.6186945189389415,-0.007330382858376185,-0.006200000000000001,0.2997725809766142,-0.013613568165555772,-0.864,0.3753402148493277,0.007330382858376185,1.56,-0.19181556330362567,0.056548667764616284,0.558,0.1961981485594915,-0.06387905062299246,-0.21320000000000003,-431.91112210347126,8.79259740175923,nan,-478.4805005188428,1.029759829687561,nan,-479.14919221797106,1.029759829687561,nan,-431.91112210347126,8.79259740175923,nan
1773116704.981818,-0.05812212108477759,0.01884955592153876,0.5146000000000001,-0.6189511425620811,-0.008377580409572783,-0.186,0.2993899013776584,-0.00942477796076938,-0.909,0.37556554290866995,0.006283185307179586,1.8044,-0.19014004722171113,0.05550147021341968,0.5355,0.19444559698682967,-0.05759586531581288,-0.010400000000000001,-431.6323947434596,8.786207632592042,nan,-478.4466216554019,1.0679494418332822,nan,-479.11531335453014,1.0679494418332822,nan,-431.6323947434596,8.786207632592042,nan
1773116705.013885,-0.057677724078852625,0.017802358370342164,0.4712,-0.6191576932831448,-0.007330382858376185,-0.1736,0.29916236215665765,-0.008377580409572783,-0.9359999999999999,0.3757595754042147,0.008377580409572783,1.6588,-0.18875412651197934,0.05235987755982988,0.5265000000000001,0.1930998877435358,-0.056548667764616284,-0.1872,-431.4920399133011,8.785021684737073,nan,-478.42850976300906,1.1336508137464365,nan,-479.0972014621373,1.1336508137464365,nan,-431.4920399133011,8.785021684737073,nan
1773116705.045835,-0.05715821771981358,0.017802358370342164,0.5456,-0.6193705031169681,-0.004188790204786391,-0.29760000000000003,0.29884173870888386,-0.007330382858376185,-0.9585,0.37601619902735445,0.007330382858376185,1.5652,-0.1871406665812468,0.05131268000863329,0.4995,0.19146000020054504,-0.053407075111026485,-0.1456,-431.2094079608127,8.7824683866369,nan,-478.3898976540937,1.1998276306152131,nan,-479.058589353222,1.1998276306152131,nan,-431.2094079608127,8.7824683866369,nan
1773116705.077805,-0.056551083782141444,0.015707963267948967,0.7378,-0.6195770538380317,-0.004188790204786391,-0.15500000000000003,0.2985211152611101,-0.010471975511965976,-0.99,0.3763166364398108,0.005235987755982988,1.5756000000000001,-0.18528932473764986,0.048171087355043496,0.522,0.1895760072599336,-0.05235987755982988,-0.0936,-430.93007302622317,8.77693084478559,nan,-478.3499282800782,1.2558702410747589,nan,-479.01861997920645,1.2558702410747589,nan,-430.93007302622317,8.77693084478559,nan
1773116705.1098628,-0.05605661387414043,0.016755160819145565,0.8370000000000001,-0.6196771996421839,-0.0010471975511965978,-0.341,0.29806603681910865,-0.012566370614359171,-0.9765,0.37649815070983644,0.005235987755982988,1.6484,-0.18384134787673603,0.050265482457436686,0.54,0.18806130197213303,-0.05550147021341968,-0.15080000000000002,-430.7671497959854,5.03926354218837,nan,-478.1870050498404,5.03926354218837,nan,-478.8556967489687,5.03926354218837,nan,-430.7671497959854,5.03926354218837,nan
1773116705.1258051,-0.055643512432013,0.01884955592153876,0.8556000000000001,-0.61972727254426,-0.0010471975511965978,0.0,0.2976833572201529,-0.016755160819145565,-0.954,0.37661707385226706,0.003141592653589793,1.7316000000000003,-0.18260022485309563,0.053407075111026485,0.585,0.1868032203074722,-0.053407075111026485,-0.8008000000000001,-430.60679717555354,5.058674313700188,nan,-478.02665242940856,5.058674313700188,nan,-478.6953441285368,5.058674313700188,nan,-430.60679717555354,5.058674313700188,nan
1773116705.1577845,-0.05530552034299965,0.016755160819145565,0.6696,-0.6197335316570194,-0.0010471975511965978,-0.018600000000000002,0.29739376184797006,-0.012566370614359171,-0.9405,0.3767047014309001,0.004188790204786391,1.5652,-0.18155561297486494,0.05445427266222309,0.46349999999999997,0.18585809428078673,-0.0460766922526503,-0.7332,-430.52667435156644,5.064769108973587,nan,-477.94652960542146,5.064769108973587,nan,-478.6152213045497,5.064769108973587,nan,-430.52667435156644,5.064769108973587,nan
1773116705.1738176,-0.05480479132223913,0.017802358370342164,0.42780000000000007,-0.61972727254426,0.0,0.0,0.2970007395571506,-0.010471975511965976,-0.99,0.3768674383626473,0.003141592653589793,1.4976,-0.18007660803836015,0.048171087355043496,0.486,0.18443727568437873,-0.0439822971502571,-0.4888,-430.3629590405829,5.0654626138235574,nan,-477.7828142944379,5.0654626138235574,nan,-478.4515059935662,5.0654626138235574,nan,-430.3629590405829,5.0654626138235574,nan
1773116705.2058277,-0.05447931745874479,0.017802358370342164,0.4898,-0.6197084952059815,0.0010471975511965978,-0.006200000000000001,0.2967732003361499,-0.013613568165555772,-1.0350000000000001,0.3769362886030019,0.0020943951023931957,1.3208,-0.1792491926892665,0.053407075111026485,0.5265000000000001,0.18357351812356684,-0.05235987755982988,-0.3224,-430.28049287259296,5.060403852733898,nan,-477.700348126448,5.060403852733898,nan,-478.36903982557624,5.060403852733898,nan,-430.28049287259296,5.060403852733898,nan
1773116705.2218173,-0.053922256423148705,0.017802358370342164,0.2852,-0.6195144627104368,0.004188790204786391,0.0806,0.29622503766737535,-0.019896753472735354,-0.9405,0.37702391618163494,0.0020943951023931957,1.2688,-0.17779087313648903,0.048171087355043496,0.4905,0.18207133106128529,-0.05235987755982988,-0.2548,-430.11352504920694,5.04872759599024,nan,-477.6968849113615,0.10471975511965977,nan,-478.2020720021902,5.04872759599024,nan,-430.11352504920694,5.04872759599024,nan
1773116705.2537692,-0.05362181901069239,0.015707963267948967,0.2046,-0.6194080577935251,0.0020943951023931957,0.10540000000000001,0.29589407152773795,-0.01466076571675237,-0.9359999999999999,0.37706772997095156,0.0020943951023931957,1.2532,-0.1769324297118044,0.0439822971502571,0.45,0.18123886906427092,-0.0439822971502571,-0.2288,-430.03814945295363,5.040375597010804,nan,-477.6215093151082,5.040375597010804,nan,-478.1266964059369,5.040375597010804,nan,-430.03814945295363,5.040375597010804,nan
1773116705.2858396,-0.053127349102691374,0.012566370614359171,0.341,-0.6192828755383349,0.0,0.3038,0.29540796501014543,-0.012566370614359171,-0.954,0.3771553575495846,0.0020943951023931957,1.2792000000000001,-0.17549479554275427,0.034557519189487726,0.486,0.17983682780614144,-0.03560471674068433,-0.7228000000000001,-429.8787757306897,4.998293816222911,nan,-477.4621355928443,4.998293816222911,nan,-477.967322683673,4.998293816222911,nan,-429.8787757306897,4.998293816222911,nan
1773116705.3178256,-0.05270172943504493,0.012566370614359171,0.6262000000000001,-0.6191389159448664,0.006283185307179586,0.10540000000000001,0.2950046000274623,-0.006283185307179586,-0.828,0.3772304669026987,0.0010471975511965978,1.118,-0.17426401521097754,0.03665191429188092,0.4815,0.1785349323521641,-0.03351032163829113,-0.5616,-429.7191554312804,4.975347712918169,nan,-477.30251529343496,4.975347712918169,nan,-477.8077023842637,4.975347712918169,nan,-429.7191554312804,4.975347712918169,nan
1773116705.3498487,-0.05230740533119602,0.01466076571675237,0.5642,-0.6189135878855241,0.008377580409572783,0.3348,0.2945288362017334,-0.017802358370342164,-0.954,0.3772492442409772,0.0,1.014,-0.17318837525715583,0.03874630939427412,0.522,0.17743332850649096,-0.03665191429188092,-0.9099999999999999,-429.5531378178035,4.945919677578,nan,-477.13649767995804,4.945919677578,nan,-477.64168477078675,4.945919677578,nan,-429.5531378178035,4.945919677578,nan
1773116705.3818157,-0.05193811767838513,0.008377580409572783,0.5518,-0.618763369179296,-0.0010471975511965978,0.186,0.29397033084109525,-0.012566370614359171,-0.9,0.37726176246649623,0.0,1.1440000000000001,-0.17211273530333415,0.02617993877991494,0.4545,0.17643812957772942,-0.016755160819145565,-1.014,-429.40537214602756,4.91426414100059,nan,-476.9887320081821,4.91426414100059,nan,-477.49391909901084,4.91426414100059,nan,-429.40537214602756,4.91426414100059,nan
1773116705.4137957,-0.05164393937868833,0.010471975511965976,0.42160000000000003,-0.6187320736154984,0.0,0.21700000000000003,0.2936186793177305,-0.008377580409572783,-0.9359999999999999,0.3772930580302938,0.0010471975511965978,1.248,-0.1715025164833776,0.017802358370342164,0.5625,0.1756807769338291,-0.02932153143350474,-0.4628,-429.2499258905558,4.870696285133674,nan,-476.83328575271037,4.870696285133674,nan,-477.3384728435391,4.870696285133674,nan,-429.2499258905558,4.870696285133674,nan
1773116705.4457626,-0.05133098374071301,0.008377580409572783,0.3906,-0.6187445918410175,-0.0010471975511965978,0.018600000000000002,0.2933394266374114,-0.006283185307179586,-0.9359999999999999,0.3773306127068508,0.0010471975511965978,1.4196000000000002,-0.1708509268959664,0.02199114857512855,0.5355,0.1748921287261313,-0.02303834612632515,-0.4628,-429.09456147669493,4.84055802112478,nan,-476.6779213388495,4.84055802112478,nan,-477.1831084296782,4.84055802112478,nan,-429.09456147669493,4.84055802112478,nan
1773116705.4617884,-0.05108061923033274,0.004188790204786391,0.3224,-0.6187821465175745,-0.0010471975511965978,0.0,0.29320497164318365,-0.0020943951023931957,-0.972,0.37740572205996487,0.0020943951023931957,1.5704,-0.17016830923296417,0.019896753472735354,0.432,0.17429125390121866,-0.007330382858376185,-0.5408,-428.9407730356294,4.831521362995044,nan,-476.52413289778394,4.831521362995044,nan,-477.02931998861266,4.831521362995044,nan,-428.9407730356294,4.831521362995044,nan
1773116705.4937937,-0.050961696087902124,0.008377580409572783,0.5518,-0.6187946647430934,0.0,0.0,0.293132572800138,-0.005235987755982988,-1.0125,0.3774432767365219,0.0010471975511965978,1.3416000000000001,-0.16985802847705406,0.013613568165555772,0.5535,0.17402837116531938,-0.020943951023931952,-0.8112,-428.8643586232528,4.830145725101553,nan,-476.4477184854074,4.830145725101553,nan,-476.9529055762361,4.830145725101553,nan,-428.8643586232528,4.830145725101553,nan
1773116705.5098243,-0.05069255423924334,0.007330382858376185,0.6944,-0.618750850953777,0.005235987755982988,0.19840000000000002,0.2927498932011822,-0.01466076571675237,-0.9359999999999999,0.37747457230031944,0.0010471975511965978,1.3,-0.16913404004659716,0.024085543677521748,0.4725,0.1733523869872927,-0.020943951023931952,-0.9256,-428.7066568160196,4.832078086995293,nan,-476.29001667817414,4.832078086995293,nan,-476.79520376900285,4.832078086995293,nan,-428.7066568160196,4.832078086995293,nan
1773116705.541767,-0.05054233553301518,0.006283185307179586,0.6696,-0.6187007780517009,0.0010471975511965978,0.1736,0.2924809832127268,-0.013613568165555772,-0.882,0.37748709052583845,0.0010471975511965978,1.3832000000000002,-0.16872033237205036,0.02303834612632515,0.45,0.17294554465792475,-0.02199114857512855,-0.49400000000000005,-428.6315338745634,4.831932980277482,nan,-476.21489373671795,4.831932980277482,nan,-476.72008082754667,4.831932980277482,nan,-428.6315338745634,4.831932980277482,nan
1773116705.5738103,-0.050266934571596894,0.006283185307179586,0.7130000000000001,-0.6187132962772199,-0.0020943951023931957,0.0,0.29207761823004363,-0.005235987755982988,-0.8865000000000001,0.377530904315155,0.0010471975511965978,1.5704,-0.16806874278463915,0.013613568165555772,0.504,0.17225078314161954,-0.016755160819145565,-0.5148,-428.47719296347026,4.820671127322115,nan,-476.0605528256248,4.820671127322115,nan,-476.56573991645354,4.820671127322115,nan,-428.47719296347026,4.820671127322115,nan
1773116705.605802,-0.05007290207605219,0.0020943951023931957,0.5828,-0.618813442081372,-0.00942477796076938,-0.7006,0.29189144977649756,-0.0010471975511965978,-0.8775000000000001,0.3776185318937881,0.0020943951023931957,1.7784000000000002,-0.16763434972636498,0.003141592653589793,0.46349999999999997,0.1718439408122516,-0.005235987755982988,-0.2704,-428.3206544776434,4.809907590649464,nan,-475.904014339798,4.809907590649464,nan,-476.4092014306267,4.809907590649464,nan,-428.3206544776434,4.809907590649464,nan
1773116705.6378138,-0.050054124737773674,-0.0010471975511965978,0.1922,-0.6193392075531706,-0.02932153143350474,-0.42160000000000003,0.29187076439277027,0.0,-0.747,0.3777875279382948,0.00942477796076938,2.1996,-0.167603321650774,0.0,0.3825,0.1718189043612136,0.004188790204786391,0.0,-428.16848883650687,4.807979925043641,nan,-475.75184869866143,4.807979925043641,nan,-476.25703578949015,4.807979925043641,nan,-428.16848883650687,4.807979925043641,nan
1773116705.6698406,-0.050110456752609236,-0.0010471975511965978,0.006200000000000001,-0.6200527464077543,-0.017802358370342164,-0.5579999999999999,0.29187076439277027,0.0,-0.693,0.3781317791400677,0.010471975511965976,1.9188,-0.167603321650774,0.0,0.2835,0.17205675064607484,0.013613568165555772,0.0,-428.0121705125044,4.8204338012140635,nan,-475.59553037465895,4.8204338012140635,nan,-476.10071746548766,4.8204338012140635,nan,-428.0121705125044,4.8204338012140635,nan
1773116705.701836,-0.05016052965468528,-0.0010471975511965978,0.0,-0.6205597345412743,-0.011519173063162575,-0.5890000000000001,0.29187076439277027,0.0,-0.6659999999999999,0.37843221655252396,0.007330382858376185,1.9448,-0.167603321650774,0.0,0.252,0.17226330136713855,0.0020943951023931957,0.2912,-427.8566578705203,4.9055904227471725,nan,-475.44001773267485,4.9055904227471725,nan,-475.94520482350356,4.9055904227471725,nan,-427.8566578705203,4.9055904227471725,nan
1773116705.7340505,-0.0501793069929638,0.0,0.0,-0.6209039857430472,-0.004188790204786391,0.0,0.29187076439277027,0.0,-0.693,0.3786262490480687,0.003141592653589793,1.924,-0.167603321650774,0.0,0.30600000000000005,0.17236970628405018,-0.0020943951023931957,0.0,-427.6891396093888,5.0159997780471715,nan,-475.27249947154337,5.0159997780471715,nan,-475.7776865623721,5.0159997780471715,nan,-427.6891396093888,5.0159997780471715,nan
1773116705.7502244,-0.050110456752609236,0.004188790204786391,0.806,-0.6209853542089208,-0.0020943951023931957,0.0,0.29187076439277027,0.0,-0.7605000000000001,0.37872639485222076,0.0020943951023931957,1.8044,-0.16759297895891032,0.0,0.4815,0.17223200580334103,-0.016755160819145565,-0.6136,-427.526943271815,5.0918045327553925,nan,-475.1103031339696,5.0918045327553925,nan,-475.6154902247983,5.0918045327553925,nan,-427.526943271815,5.0918045327553925,nan
1773116705.7817602,-0.04999779272293812,0.004188790204786391,0.7130000000000001,-0.6209790950961612,0.0,0.0,0.29187076439277027,0.0,-0.7875,0.3787514313032588,0.0010471975511965978,1.8095999999999999,-0.16746886665654628,0.007330382858376185,0.4905,0.17190027282708717,-0.01466076571675237,-0.3224,-427.4478361999394,5.143703387362773,nan,-475.03119606209395,5.143703387362773,nan,-475.53638315292267,5.143703387362773,nan,-427.4478361999394,5.143703387362773,nan
1773116705.7977712,-0.04984131490395045,0.0020943951023931957,0.3224,-0.6208664310664901,0.004188790204786391,0.0,0.2918500790090429,-0.0010471975511965978,-0.8055,0.3787889859798158,0.0010471975511965978,1.8356,-0.16716892859249982,0.006283185307179586,0.414,0.1715122078359978,-0.0010471975511965978,-0.005200000000000001,-427.2835726029559,5.153165825234305,nan,-474.8669324651105,5.153165825234305,nan,-475.3721195559392,5.153165825234305,nan,-427.2835726029559,5.153165825234305,nan
1773116705.8300264,-0.0497975011146339,0.004188790204786391,1.0292000000000001,-0.6208163581644142,0.0010471975511965978,0.682,0.2918087082415882,-0.0020943951023931957,-0.873,0.37880776331809435,0.0,1.5704,-0.1670758443657268,0.007330382858376185,0.5535,0.17141206203184567,-0.010471975511965976,-0.78,-427.20513015186026,5.150548108198446,nan,-474.7884900140148,5.150548108198446,nan,-475.29367710484354,5.150548108198446,nan,-427.20513015186026,5.150548108198446,nan
1773116705.8617773,-0.049547136604253646,0.006283185307179586,0.6634,-0.6205284389774769,0.005235987755982988,0.186,0.29161219709617847,-0.004188790204786391,-0.8775000000000001,0.3788140224308539,0.0,1.5184,-0.1665276816969523,0.013613568165555772,0.5085000000000001,0.17082996454521157,-0.016755160819145565,-0.2808,-427.0380902670858,5.128249294933276,nan,-474.6214501292404,5.128249294933276,nan,-475.1266372200691,5.128249294933276,nan,-427.0380902670858,5.128249294933276,nan
1773116705.893769,-0.04937814055974697,0.0010471975511965978,0.5704,-0.6204345522860841,-0.0010471975511965978,0.0,0.2914984274856781,-0.0010471975511965978,-0.873,0.37884531799465143,0.0010471975511965978,1.6588,-0.1661450020979965,0.003141592653589793,0.45,0.17053578624551477,0.0,-0.3744,-426.8746008282293,5.118212322312568,nan,-474.45796069038386,5.118212322312568,nan,-474.96314778121257,5.118212322312568,nan,-426.8746008282293,5.118212322312568,nan
1773116705.9257677,-0.04927173564283536,0.005235987755982988,0.7130000000000001,-0.6204470705116032,0.0,0.0,0.29144671402635974,-0.003141592653589793,-0.909,0.3788703544456894,0.0,1.5964,-0.16600020441190513,0.011519173063162575,0.5175000000000001,0.17032297641169156,-0.01466076571675237,-0.4888,-426.71513243559104,5.065492250873337,nan,-474.2984922977456,5.065492250873337,nan,-474.8036793885743,5.065492250873337,nan,-426.71513243559104,5.065492250873337,nan
1773116705.9577668,-0.049134035162126215,0.0010471975511965978,0.5704,-0.6204595887371223,0.0,0.0,0.29138465787517775,0.0,-0.9225,0.3788953908967274,0.0010471975511965978,1.6380000000000001,-0.16564855288854033,0.004188790204786391,0.45,0.17006635278855176,0.0010471975511965978,-0.52,-426.5549534369049,5.046492375589305,nan,-474.13831329905946,5.046492375589305,nan,-474.6435003898882,5.046492375589305,nan,-426.5549534369049,5.046492375589305,nan
1773116705.973765,-0.049083962260050164,0.003141592653589793,1.2214,-0.6204721069626412,0.0,0.0,0.29135362979958673,-0.0010471975511965978,-0.99,0.37891416823500595,0.0,1.4300000000000002,-0.16554512596990364,0.005235987755982988,0.567,0.16992239319508312,-0.010471975511965976,-0.78,-426.3923865490044,5.047055304934918,nan,-473.975746411159,5.047055304934918,nan,-474.4809335019877,5.047055304934918,nan,-426.3923865490044,5.047055304934918,nan
1773116705.989748,-0.04896503911761954,0.005235987755982988,0.6200000000000001,-0.6204220340605652,0.005235987755982988,0.3348,0.2912605455728137,-0.004188790204786391,-0.9585,0.37891416823500595,0.0,1.4248,-0.16529690136517555,0.012566370614359171,0.477,0.16964699223366483,-0.013613568165555772,-0.1612,-426.3106983556738,5.047494602854414,nan,-473.8940582178284,5.047494602854414,nan,-474.3992453086571,5.047494602854414,nan,-426.3106983556738,5.047494602854414,nan
1773116706.0217261,-0.04886489331346743,0.005235987755982988,0.806,-0.6203031109181345,0.007330382858376185,0.5022,0.2911467759623133,-0.006283185307179586,-0.972,0.37891416823500595,0.0,1.2844,-0.1650693621441748,0.00942477796076938,0.4905,0.16943418239984162,-0.011519173063162575,-0.2444,-426.2317593353244,5.048589300183576,nan,-473.81511919747896,5.048589300183576,nan,-474.3203062883077,5.048589300183576,nan,-426.2317593353244,5.048589300183576,nan
1773116706.0377154,-0.04870215638172026,0.0020943951023931957,0.29760000000000003,-0.6201028193098304,0.0010471975511965978,0.0,0.2908675232819943,-0.006283185307179586,-0.9225,0.3789204273477655,0.0,1.3832000000000002,-0.16476942408012837,0.004188790204786391,0.414,0.16918381788946135,0.0,0.0,-426.0671831513633,5.0390814648377695,nan,-473.65054301351785,5.0390814648377695,nan,-474.15573010434656,5.0390814648377695,nan,-426.0671831513633,5.0390814648377695,nan
1773116706.0697384,-0.04866460170516322,0.004188790204786391,0.6262000000000001,-0.6201028193098304,0.0020943951023931957,0.21700000000000003,0.2907847817470849,-0.003141592653589793,-0.945,0.3789204273477655,0.0,1.3572000000000002,-0.16473839600453738,0.0020943951023931957,0.54,0.1691587814384233,-0.008377580409572783,-0.36400000000000005,-425.9897577320598,5.017341686051337,nan,-473.57311759421435,5.017341686051337,nan,-474.07830468504307,5.017341686051337,nan,-425.9897577320598,5.017341686051337,nan
1773116706.0857508,-0.04852690122445408,0.0,0.0,-0.6200903010843113,-0.0010471975511965978,0.0,0.29066066944472085,-0.0020943951023931957,-0.8955000000000001,0.3789329455732845,0.0010471975511965978,1.612,-0.1645108567835366,0.004188790204786391,0.4275,0.1689522307173596,0.003141592653589793,0.0,-425.8301831313053,4.980162495687742,nan,-473.4135429934599,4.980162495687742,nan,-473.9187300842886,4.980162495687742,nan,-425.8301831313053,4.980162495687742,nan
1773116706.1177318,-0.048445532758580497,0.006283185307179586,0.341,-0.6201028193098304,0.003141592653589793,0.5394,0.2905779279098115,-0.004188790204786391,-0.9359999999999999,0.37894546379880345,0.0,1.2168,-0.16440742986489992,0.008377580409572783,0.5445,0.16878323467285294,-0.013613568165555772,-0.26,-425.7491456964464,4.97979229595484,nan,-473.332505558601,4.97979229595484,nan,-473.8376926494297,4.97979229595484,nan,-425.7491456964464,4.97979229595484,nan
1773116706.149787,-0.04828905493959283,0.0020943951023931957,0.341,-0.6199964143929187,0.0010471975511965978,0.4588,0.2903607313806744,-0.006283185307179586,-0.9179999999999999,0.37894546379880345,0.0,1.1648,-0.16408680641712614,0.005235987755982988,0.486,0.16850783371143463,-0.003141592653589793,-0.40040000000000003,-425.59051015301316,4.976191886435686,nan,-473.1738700151677,4.976191886435686,nan,-473.67905710599643,4.976191886435686,nan,-425.59051015301316,4.976191886435686,nan
1773116706.181785,-0.048264018488554807,-0.0020943951023931957,0.12400000000000001,-0.6200089326184377,-0.0020943951023931957,0.0,0.29016422023526467,-0.0020943951023931957,-0.8685,0.3789579820243225,0.0,1.5236,-0.16398337949848943,0.0,0.3735,0.1684640199221181,0.005235987755982988,0.0,-425.4291183270637,4.9773338177735456,nan,-473.01247818921826,4.9773338177735456,nan,-473.51766528004697,4.9773338177735456,nan,-425.4291183270637,4.9773338177735456,nan
1773116706.2139187,-0.04823898203751679,0.003141592653589793,0.012400000000000001,-0.6200527464077543,-0.0010471975511965978,0.0,0.2901021640840827,-0.0020943951023931957,-0.891,0.3789705002498415,0.0,1.5184,-0.16397303680662578,0.0,0.4725,0.16853912927523218,-0.012566370614359171,-0.010400000000000001,-425.2730388075341,4.957336207766998,nan,-472.85639866968864,4.957336207766998,nan,-473.36158576051736,4.957336207766998,nan,-425.2730388075341,4.957336207766998,nan
1773116706.2297993,-0.048176390909921714,0.0020943951023931957,0.27899999999999997,-0.6200590055205139,0.0,0.0,0.2900194225491733,-0.003141592653589793,-0.891,0.378976759362601,0.0,1.3780000000000001,-0.16393166603917111,0.0020943951023931957,0.5085000000000001,0.168388910569004,-0.006283185307179586,-0.2392,-425.11377766850416,4.95828711334118,nan,-472.6971375306587,4.95828711334118,nan,-473.20232462148743,4.95828711334118,nan,-425.11377766850416,4.95828711334118,nan
1773116706.2617369,-0.04815135445888369,-0.0010471975511965978,0.0,-0.6200965601970709,-0.008377580409572783,-2.2382,0.289967709089855,-0.0010471975511965978,-0.7739999999999999,0.3790205731519176,0.004188790204786391,1.9500000000000002,-0.1639006379635801,0.0010471975511965978,0.3555,0.16835135589244699,0.004188790204786391,0.0,-425.0368829694832,4.9651882743848645,nan,-472.62024283163777,4.9651882743848645,nan,-473.1254299224665,4.9651882743848645,nan,-425.0368829694832,4.9651882743848645,nan
1773116706.277772,-0.04820142736095974,-0.0010471975511965978,0.0,-0.6206723985709455,-0.00942477796076938,0.0,0.289967709089855,0.0,-0.7515000000000001,0.3791958283091838,0.005235987755982988,1.8148,-0.1639006379635801,0.0,0.3465,0.16860172040282725,0.0010471975511965978,0.0,-424.87777875131906,4.965576551169298,nan,-472.4611386134736,4.965576551169298,nan,-472.96632570430233,4.965576551169298,nan,-424.87777875131906,4.965576551169298,nan
1773116706.3098571,-0.048264018488554807,-0.005235987755982988,-0.0434,-0.6208413946154522,-0.008377580409572783,-0.1674,0.289967709089855,0.0,-0.738,0.3793022332260954,0.004188790204786391,1.7108,-0.1639006379635801,0.0,0.243,0.1686580524176628,0.012566370614359171,0.13,-424.79598324573095,4.969925473640911,nan,-472.3793431078855,4.969925473640911,nan,-472.88453019871423,4.969925473640911,nan,-424.79598324573095,4.969925473640911,nan
1773116706.3257515,-0.048414237194782966,-0.0020943951023931957,-0.0682,-0.6211042773513514,-0.003141592653589793,-0.2666,0.289967709089855,0.0,-0.7155,0.3794274154812855,0.003141592653589793,1.7160000000000002,-0.1639006379635801,0.0,0.14850000000000002,0.1689522307173596,0.00942477796076938,0.18200000000000002,-424.6350486454795,5.063905881676139,nan,-472.2184085076341,5.063905881676139,nan,-472.7235955984628,5.063905881676139,nan,-424.6350486454795,5.063905881676139,nan
1773116706.357748,-0.04848934654789704,-0.0020943951023931957,0.0,-0.621185645817225,-0.0010471975511965978,0.0,0.289967709089855,0.0,-0.729,0.37947748838336154,0.0020943951023931957,1.6848,-0.1639006379635801,0.0,0.15300000000000002,0.16904611740875222,-0.0010471975511965978,0.34840000000000004,-424.55570715251037,5.089015557582369,nan,-472.13906701466493,5.089015557582369,nan,-472.64425410549364,5.089015557582369,nan,-424.55570715251037,5.089015557582369,nan
1773116706.389785,-0.04855193767549211,-0.006283185307179586,-0.018600000000000002,-0.621298309846896,-0.008377580409572783,-0.024800000000000003,0.289967709089855,0.0,-0.6885,0.37955259773647565,0.0020943951023931957,1.8148,-0.16394200873103476,-0.003141592653589793,0.0315,0.16929022280637296,0.010471975511965976,0.3952,-424.3856258909192,5.130132921614198,nan,-471.96898575307375,5.130132921614198,nan,-472.47417284390247,5.130132921614198,nan,-424.3856258909192,5.130132921614198,nan
1773116706.4217393,-0.04866460170516322,-0.0010471975511965978,0.0,-0.6214547876658838,-0.0010471975511965978,0.0,0.289967709089855,0.0,-0.6975,0.3796277070895897,0.0010471975511965978,1.7576000000000003,-0.1640040648822168,0.0,0.0,0.16957814199331026,0.004188790204786391,0.33280000000000004,-424.2240767479321,5.142407499426604,nan,-471.80743661008665,5.142407499426604,nan,-472.31262370091537,5.142407499426604,nan,-424.2240767479321,5.142407499426604,nan
1773116706.4537275,-0.04867711993068224,0.0,-0.10540000000000001,-0.6214547876658838,0.0010471975511965978,0.0,0.289967709089855,0.0,-0.711,0.37967152087890627,0.0010471975511965978,1.7004000000000001,-0.16406612103339882,-0.0020943951023931957,-0.009000000000000001,0.16975965626333595,0.0020943951023931957,0.0364,-424.05419671458117,5.1589809876006845,nan,-471.63755657673573,5.1589809876006845,nan,-472.14274366756445,5.1589809876006845,nan,-424.05419671458117,5.1589809876006845,nan
1773116706.4857452,-0.048720933719998784,-0.004188790204786391,-0.031000000000000003,-0.6214547876658838,0.0,0.0,0.289967709089855,0.0,-0.6975,0.37971533466822277,0.0010471975511965978,1.6900000000000002,-0.16417989064389918,-0.008377580409572783,-0.1035,0.16991613408232362,0.010471975511965976,0.35880000000000006,-423.89286833484323,5.183482762135058,nan,-471.4762281969978,5.183482762135058,nan,-471.9814152878265,5.183482762135058,nan,-423.89286833484323,5.183482762135058,nan
1773116706.501736,-0.04879604307311286,-0.0010471975511965978,0.0,-0.6214673058914028,-0.0010471975511965978,0.0,0.289967709089855,0.0,-0.711,0.3797528893447798,0.0010471975511965978,1.5288,-0.16443845794049092,-0.006283185307179586,-0.049499999999999995,0.1701915350437419,0.004188790204786391,0.0,-423.72761516339597,5.181401263161005,nan,-471.31097502555053,5.181401263161005,nan,-471.81616211637925,5.181401263161005,nan,-423.72761516339597,5.181401263161005,nan
1773116706.5177376,-0.048802302185872365,-0.0010471975511965978,0.0,-0.6214547876658838,0.0,0.0,0.289967709089855,0.0,-0.7155,0.37976540757029886,0.0010471975511965978,1.4664,-0.16450051409167296,-0.0010471975511965978,-0.09,0.17022283060753943,0.0020943951023931957,0.0728,-423.6445001071682,5.179421755188696,nan,-471.22785996932276,5.179421755188696,nan,-471.7330470601515,5.179421755188696,nan,-423.6445001071682,5.179421755188696,nan
1773116706.5500014,-0.04878352484759385,0.0010471975511965978,0.0,-0.6214547876658838,0.0,0.10540000000000001,0.289967709089855,0.0,-0.7695000000000001,0.37976540757029886,0.0,1.1492,-0.16450051409167296,0.0,0.0,0.17021657149477992,-0.004188790204786391,0.0,-423.5615842688876,5.1800442013029215,nan,-471.14494413104217,5.1800442013029215,nan,-471.6501312218709,5.1800442013029215,nan,-423.5615842688876,5.1800442013029215,nan
1773116706.565728,-0.04868337904344175,0.00942477796076938,0.037200000000000004,-0.6211418320279084,0.010471975511965976,0.2604,0.2899573663979913,0.0,-0.819,0.37976540757029886,0.0,0.9256,-0.16450051409167296,0.0,0.0945,0.169822247390931,-0.010471975511965976,0.0,-423.39292314899325,5.1772389842686835,nan,-470.9762830111478,5.1772389842686835,nan,-471.4814701019765,5.1772389842686835,nan,-423.39292314899325,5.1772389842686835,nan
1773116706.5977097,-0.048545678562732605,0.007330382858376185,0.006200000000000001,-0.6209540586451233,0.00942477796076938,0.4402,0.2899263383224003,-0.0010471975511965978,-0.8505,0.37976540757029886,0.0,0.6552,-0.16450051409167296,0.0,0.14850000000000002,0.16963447400814582,-0.011519173063162575,-0.0936,-423.31343540767284,5.177181101456894,nan,-470.8967952698274,5.177181101456894,nan,-471.4019823606561,5.177181101456894,nan,-423.31343540767284,5.177181101456894,nan
1773116706.6136982,-0.048389200743744934,0.003141592653589793,0.0,-0.620716212360262,0.0020943951023931957,0.24800000000000003,0.28984359678749094,-0.0020943951023931957,-0.8415,0.37976540757029886,0.0,0.6136,-0.1643040029462632,0.004188790204786391,0.08549999999999999,0.16935281393396803,-0.003141592653589793,-0.1924,-423.14975686307616,5.121346599370361,nan,-470.73311672523073,5.121346599370361,nan,-471.23830381605944,5.121346599370361,nan,-423.14975686307616,5.121346599370361,nan
1773116706.6457374,-0.04829531405235234,0.003141592653589793,0.049600000000000005,-0.6205972892178314,0.007330382858376185,0.6076,0.2897918833281726,-0.0020943951023931957,-0.873,0.37976540757029886,0.0,0.3172,-0.16429366025439954,0.0,0.17099999999999999,0.16919633611498036,-0.007330382858376185,-0.21320000000000003,-423.06811743322885,5.087527385054421,nan,-470.6514772953834,5.087527385054421,nan,-471.1566643862121,5.087527385054421,nan,-423.06811743322885,5.087527385054421,nan
1773116706.6777313,-0.048163872684402705,0.003141592653589793,0.25420000000000004,-0.6203531838202107,0.006283185307179586,0.41540000000000005,0.2896987991013995,-0.0020943951023931957,-0.882,0.37975914845753933,0.0,0.0676,-0.16420057602762653,0.004188790204786391,0.243,0.16889589870252403,-0.013613568165555772,-0.2028,-422.9072061365547,5.044626975528114,nan,-470.49056599870926,5.044626975528114,nan,-470.99575308953797,5.044626975528114,nan,-422.9072061365547,5.044626975528114,nan
1773116706.709782,-0.04802617220369356,0.003141592653589793,0.3348,-0.6201654104374255,0.005235987755982988,0.44639999999999996,0.2895953721827628,-0.0020943951023931957,-0.9,0.3797341120065013,-0.0010471975511965978,0.0,-0.1640350929578078,0.003141592653589793,0.31500000000000006,0.16848905637315612,-0.011519173063162575,-0.23399999999999999,-422.7466155909626,5.023101546570022,nan,-470.3299754531172,5.023101546570022,nan,-470.8351625439459,5.023101546570022,nan,-422.7466155909626,5.023101546570022,nan
1773116706.7417293,-0.04790724906126294,0.0010471975511965978,0.29760000000000003,-0.6200590055205139,-0.0020943951023931957,0.018600000000000002,0.28954365872344445,0.0,-0.909,0.3797215937809823,-0.0010471975511965978,0.1716,-0.1640040648822168,0.0,0.351,0.16819487807345931,-0.0020943951023931957,-0.3952,-422.58412857751114,4.979446830609641,nan,-470.1674884396657,4.979446830609641,nan,-470.6726755304944,4.979446830609641,nan,-422.58412857751114,4.979446830609641,nan
1773116706.7577324,-0.04785717615918689,0.0020943951023931957,0.42780000000000007,-0.6200590055205139,0.0020943951023931957,0.6324,0.2895333160315808,0.0,-0.9359999999999999,0.37971533466822277,-0.0010471975511965978,0.0,-0.16399372219035313,0.0,0.4095,0.1680696958182692,-0.006283185307179586,-0.4472,-422.42679155555487,4.946646386194231,nan,-470.01015141770944,4.946646386194231,nan,-470.51533850853815,4.946646386194231,nan,-422.42679155555487,4.946646386194231,nan
1773116706.789708,-0.04778832591883231,0.0020943951023931957,0.21700000000000003,-0.6199901552801592,0.0020943951023931957,0.5332,0.28949194526412614,-0.006283185307179586,-0.9045000000000001,0.37971533466822277,0.0,0.0,-0.1639626941147621,0.0010471975511965978,0.40499999999999997,0.16792573622480053,-0.006283185307179586,-0.2288,-422.34523739408587,4.927885925713961,nan,-469.92859725624044,4.927885925713961,nan,-470.43378434706915,4.927885925713961,nan,-422.34523739408587,4.927885925713961,nan
1773116706.8057647,-0.04773199390399675,-0.0020943951023931957,0.0,-0.6199275641525641,0.0,0.14880000000000002,0.2894298891129441,-0.0010471975511965978,-0.9045000000000001,0.37971533466822277,0.0,0.0,-0.16393166603917111,0.0010471975511965978,0.32399999999999995,0.1677692584058129,0.0010471975511965978,0.0,-422.19032371133164,4.928016053358985,nan,-469.7736835734862,4.928016053358985,nan,-470.2788706643149,4.928016053358985,nan,-422.19032371133164,4.928016053358985,nan
1773116706.8377051,-0.047719475678477744,0.003141592653589793,0.21080000000000002,-0.6199213050398047,0.0,0.5022,0.28939886103735313,-0.0010471975511965978,-0.9225,0.3796840391044252,-0.003141592653589793,-0.031200000000000002,-0.16393166603917111,0.0,0.4095,0.16785688598444598,0.003141592653589793,0.0,-422.1060988173827,4.915486726530202,nan,-469.68945867953727,4.915486726530202,nan,-470.194645770366,4.915486726530202,nan,-422.1060988173827,4.915486726530202,nan
1773116706.8537626,-0.04765688455088267,0.0010471975511965978,0.031000000000000003,-0.6199025277015262,0.0,0.46499999999999997,0.28930577681058006,-0.0020943951023931957,-0.909,0.37960892975131116,-0.0020943951023931957,0.0,-0.16391098065544374,0.0010471975511965978,0.4095,0.16773170372925583,0.0010471975511965978,-0.28600000000000003,-421.95515317954926,4.904044546368262,nan,-469.5385130417038,4.904044546368262,nan,-470.04370013253254,4.904044546368262,nan,-421.95515317954926,4.904044546368262,nan
1773116706.8857002,-0.047650625438123165,0.0,0.1922,-0.6199087868142856,-0.0010471975511965978,0.39680000000000004,0.289243720659398,-0.0020943951023931957,-0.8955000000000001,0.37958389330027315,-0.0010471975511965978,-0.041600000000000005,-0.16391098065544374,0.0,0.40049999999999997,0.16770666727821779,0.0,-0.1352,-421.8772617180947,4.904274405441144,nan,-469.46062158024927,4.904274405441144,nan,-469.965808671078,4.904274405441144,nan,-421.8772617180947,4.904274405441144,nan
1773116706.9177191,-0.04763184809984465,0.0010471975511965978,0.22319999999999998,-0.6198712321377285,0.0020943951023931957,0.7936000000000001,0.289119608357034,-0.003141592653589793,-0.9,0.37952756128543763,-0.0010471975511965978,-0.1924,-0.16391098065544374,0.0,0.423,0.16766911260166076,-0.003141592653589793,-0.0364,-421.7201496771125,4.9040530775211915,nan,-469.30350953926705,4.9040530775211915,nan,-469.80869663009577,4.9040530775211915,nan,-421.7201496771125,4.9040530775211915,nan
1773116706.9497762,-0.047588034310528105,0.0010471975511965978,0.2294,-0.619752308995298,0.0020943951023931957,0.651,0.28896446797907893,-0.003141592653589793,-0.864,0.3794962657216401,0.0,-0.3952,-0.16389029527171642,0.0,0.432,0.1675940032485467,-0.0010471975511965978,-0.13,-421.55755865704396,4.906147696373655,nan,-469.1409185191985,4.906147696373655,nan,-469.64610561002723,4.906147696373655,nan,-421.55755865704396,4.906147696373655,nan
1773116706.981742,-0.04749414761913551,0.005235987755982988,0.3906,-0.6195707947252723,0.00942477796076938,0.7130000000000001,0.2887989849092602,-0.005235987755982988,-0.8955000000000001,0.379471229270602,-0.0010471975511965978,-0.7072,-0.1637558402774887,0.00942477796076938,0.5355,0.16740622986576148,-0.012566370614359171,-0.5408,-421.40364878972457,4.901731904918589,nan,-468.98700865187914,4.901731904918589,nan,-469.49219574270785,4.901731904918589,nan,-421.40364878972457,4.901731904918589,nan
1773116707.0137079,-0.04732515157462883,0.003141592653589793,0.2604,-0.6193329484404111,0.003141592653589793,0.4898,0.28855076030453214,-0.006283185307179586,-0.846,0.3794524519323235,0.0,-0.8320000000000001,-0.16333178991107825,0.00942477796076938,0.477,0.1670494604384696,-0.006283185307179586,-0.4368,-421.2500745566117,4.88152506097852,nan,-468.8334344187663,4.88152506097852,nan,-469.338621509595,4.88152506097852,nan,-421.2500745566117,4.88152506097852,nan
1773116707.0297396,-0.047225005770476725,0.003141592653589793,0.19840000000000002,-0.6192265435234994,0.0020943951023931957,0.037200000000000004,0.28841630531030443,-0.003141592653589793,-0.8325,0.37944619281956404,0.0,-0.8736,-0.16309390799821383,0.007330382858376185,0.45899999999999996,0.1668491688301654,-0.008377580409572783,-0.20800000000000002,-421.091943488094,4.849748623758083,nan,-468.67530335024856,4.849748623758083,nan,-469.18049044107727,4.849748623758083,nan,-421.091943488094,4.849748623758083,nan
1773116707.0457325,-0.04718119198116018,0.0010471975511965978,0.1674,-0.6192140252979804,0.0010471975511965978,0.4588,0.2883542491591224,-0.0020943951023931957,-0.828,0.37944619281956404,0.0,-0.9152,-0.16296979569584977,0.005235987755982988,0.477,0.16671772746221578,-0.005235987755982988,-0.1872,-421.0195139007639,4.807226805699747,nan,-468.6028737629185,4.807226805699747,nan,-469.1080608537472,4.807226805699747,nan,-421.0195139007639,4.807226805699747,nan
1773116707.0777397,-0.04716867375564117,0.0,0.11159999999999999,-0.6192140252979804,-0.0020943951023931957,0.0,0.28833356377539504,-0.0010471975511965978,-0.8145,0.37943993370680446,0.0,-0.8164,-0.16289739685280408,0.0020943951023931957,0.4455,0.16667391367289922,-0.0010471975511965978,-0.2756,-420.94302875876156,4.787963563488723,nan,-468.5263886209161,4.787963563488723,nan,-469.03157571174484,4.787963563488723,nan,-420.94302875876156,4.787963563488723,nan
1773116707.093693,-0.04716867375564117,0.0,0.049600000000000005,-0.6192766164255755,-0.0020943951023931957,-0.0868,0.28833356377539504,0.0,-0.7965,0.37944619281956404,0.0,-0.6084,-0.16287671146907676,0.0,0.4455,0.1666363589963422,0.0,-0.010400000000000001,-420.78566467456835,4.785440019556756,nan,-468.3690245367229,4.785440019556756,nan,-468.87421162755163,4.785440019556756,nan,-420.78566467456835,4.785440019556756,nan
1773116707.1256795,-0.04716241464288166,0.0010471975511965978,0.012400000000000001,-0.6194017986807656,-0.004188790204786391,0.0,0.2883232210835314,0.0,-0.8055,0.37943993370680446,-0.0010471975511965978,-0.6136,-0.16287671146907676,0.0,0.441,0.1666363589963422,-0.0010471975511965978,-0.010400000000000001,-420.7124965402564,4.785642569640007,nan,-468.29585640241095,4.785642569640007,nan,-468.80104349323966,4.785642569640007,nan,-420.7124965402564,4.785642569640007,nan
1773116707.1416953,-0.047174932868400674,-0.0010471975511965978,0.09920000000000001,-0.6194268351318036,0.0,0.0,0.2883025356998041,0.0,-0.7919999999999999,0.37944619281956404,0.0,-0.5616,-0.16286636877721308,0.0,0.4275,0.16668017278565875,0.0020943951023931957,-0.156,-420.55713173088697,4.79645457921697,nan,-468.14049159304153,4.79645457921697,nan,-468.64567868387024,4.79645457921697,nan,-420.55713173088697,4.79645457921697,nan
1773116707.1736877,-0.04716241464288166,0.0010471975511965978,0.024800000000000003,-0.6194643898083607,-0.0010471975511965978,0.0,0.2882921930079404,0.0,-0.8145,0.37943993370680446,0.0,-0.7696,-0.16286636877721308,0.0,0.432,0.16669269101117773,0.0,0.0,-420.48254634055183,4.818911091062717,nan,-468.0659062027064,4.818911091062717,nan,-468.5710932935351,4.818911091062717,nan,-420.48254634055183,4.818911091062717,nan
1773116707.205736,-0.047174932868400674,-0.0010471975511965978,0.21700000000000003,-0.6194581306956012,0.0,0.0,0.2882508222404857,-0.0010471975511965978,-0.8099999999999999,0.37943993370680446,0.0,-0.8372,-0.1628560260853494,0.0,0.423,0.16671772746221578,-0.0020943951023931957,-0.005200000000000001,-420.324794577515,4.8230250273179625,nan,-467.90815443966954,4.8230250273179625,nan,-468.41334153049826,4.8230250273179625,nan,-420.324794577515,4.8230250273179625,nan
1773116707.2377057,-0.04718119198116018,-0.0010471975511965978,0.0,-0.6194205760190441,0.0,0.0,0.28823013685675836,0.0,-0.7919999999999999,0.37943993370680446,0.0,-0.8112,-0.1628560260853494,0.0,0.38699999999999996,0.1667615412515323,0.0020943951023931957,0.0,-420.1714297605305,4.829915137267434,nan,-467.75478962268505,4.829915137267434,nan,-468.25997671351377,4.829915137267434,nan,-420.1714297605305,4.829915137267434,nan
1773116707.2697418,-0.04716867375564117,0.003141592653589793,0.1302,-0.6193392075531706,0.006283185307179586,0.07440000000000001,0.2881991087811674,-0.0020943951023931957,-0.8235,0.3794274154812855,0.0,-1.1388,-0.1627939699341674,0.004188790204786391,0.4725,0.16677405947705135,-0.006283185307179586,-0.4472,-420.018427277692,4.828714022868231,nan,-467.6017871398466,4.828714022868231,nan,-468.1069742306753,4.828714022868231,nan,-420.018427277692,4.828714022868231,nan
1773116707.2857053,-0.047106082628046095,0.0010471975511965978,0.11159999999999999,-0.6192265435234994,0.0020943951023931957,0.2046,0.288147395321849,-0.0010471975511965978,-0.8145,0.3794148972557665,0.0,-1.2064000000000001,-0.1626595149399397,0.003141592653589793,0.4365,0.16659880431978516,-0.0020943951023931957,-0.2288,-419.86320249918504,4.822000846540835,nan,-467.4465623613396,4.822000846540835,nan,-467.9517494521683,4.822000846540835,nan,-419.86320249918504,4.822000846540835,nan
1773116707.3176858,-0.04708730528976758,0.0010471975511965978,0.19840000000000002,-0.619182729734183,0.003141592653589793,0.5579999999999999,0.2881267099381217,0.0,-0.837,0.379408638143007,0.0,-1.4092000000000002,-0.162618144172485,0.0010471975511965978,0.46349999999999997,0.1665424723049496,-0.0020943951023931957,-0.2652,-419.7871731270189,4.808025045580519,nan,-467.37053298917346,4.808025045580519,nan,-467.87572008000217,4.808025045580519,nan,-419.7871731270189,4.808025045580519,nan
1773116707.3336403,-0.047062268838729555,0.0,0.0806,-0.6190825839300308,-0.0010471975511965978,0.0,0.28809568186253065,-0.0010471975511965978,-0.8009999999999999,0.3793898608047285,0.0,-1.3468,-0.16255608802130297,0.0010471975511965978,0.4365,0.166473622064595,0.0020943951023931957,-0.23399999999999999,-419.6320303185867,4.788309367339016,nan,-467.2153901807413,4.788309367339016,nan,-467.72057727157,4.788309367339016,nan,-419.6320303185867,4.788309367339016,nan
1773116707.3656783,-0.047074787064248565,-0.0010471975511965978,0.1178,-0.6191451750576259,-0.003141592653589793,0.0,0.28809568186253065,0.0,-0.7875,0.3793898608047285,0.0,-1.3572000000000002,-0.16255608802130297,0.0,0.441,0.166461103839076,0.0,-0.0572,-419.5573184935487,4.780721820684608,nan,-467.14067835570324,4.780721820684608,nan,-467.64586544653196,4.780721820684608,nan,-419.5573184935487,4.780721820684608,nan
1773116707.3816643,-0.04708730528976758,0.0010471975511965978,0.006200000000000001,-0.6191952479597019,-0.0010471975511965978,0.1736,0.28809568186253065,0.0,-0.8009999999999999,0.3793898608047285,0.0,-1.4664,-0.16255608802130297,0.0,0.4365,0.166461103839076,0.0,-0.0884,-419.4048547860382,4.763686243322936,nan,-466.98821464819275,4.763686243322936,nan,-467.49340173902146,4.763686243322936,nan,-419.4048547860382,4.763686243322936,nan
1773116707.4136603,-0.047062268838729555,0.004188790204786391,0.10540000000000001,-0.6191514341703853,0.0020943951023931957,0.1612,0.2880749964788033,0.0,-0.8235,0.37938360169196894,0.0,-1.612,-0.16251471725384828,0.006283185307179586,0.504,0.16640477182424046,-0.005235987755982988,-0.6032000000000001,-419.3297969511726,4.774830286374323,nan,-466.9131568133272,4.774830286374323,nan,-467.4183439041559,4.774830286374323,nan,-419.3297969511726,4.774830286374323,nan
1773116707.4456992,-0.047030973274932025,-0.003141592653589793,0.0,-0.6191389159448664,-0.0020943951023931957,0.0,0.288054311095076,0.0,-0.7875,0.37937734257920946,0.0,-1.5704,-0.1622768353409839,0.0010471975511965978,0.3825,0.16622951666697425,0.004188790204786391,0.0,-419.1760938444161,4.7837520657416945,nan,-466.75945370657064,4.7837520657416945,nan,-467.26464079739935,4.7837520657416945,nan,-419.1760938444161,4.7837520657416945,nan
1773116707.477687,-0.04706852795148906,-0.0010471975511965978,0.0,-0.6192891346510945,-0.017802358370342164,-2.0646,0.288054311095076,0.0,-0.6255000000000001,0.37937734257920946,0.0,-0.6136,-0.1622768353409839,0.0,0.19799999999999998,0.16646736295183553,0.02199114857512855,0.031200000000000002,-419.02250690303515,4.776145521281393,nan,-466.6058667651897,4.776145521281393,nan,-467.11105385601843,4.776145521281393,nan,-419.02250690303515,4.776145521281393,nan
1773116707.5097058,-0.04731889246186932,-0.007330382858376185,-0.25420000000000004,-0.6201028193098304,-0.015707963267948967,-0.5208,0.288054311095076,0.0,-0.5175000000000001,0.3794023790302474,0.0,-0.10400000000000001,-0.1622975207247112,0.0,0.058499999999999996,0.1670181648746721,0.013613568165555772,0.0676,-418.8689110714652,4.774089207269649,nan,-466.4522709336198,4.774089207269649,nan,-466.9574580244485,4.774089207269649,nan,-418.8689110714652,4.774089207269649,nan
1773116707.541728,-0.04749414761913551,-0.0020943951023931957,-0.2914,-0.6205096616391983,-0.008377580409572783,-0.5394,0.288054311095076,0.0,-0.46799999999999997,0.379433674594045,0.0,0.0,-0.16235957687589325,-0.0010471975511965978,0.0135,0.16735615696368544,0.008377580409572783,0.1612,-418.7167012329827,4.800823142310268,nan,-466.30006109513727,4.800823142310268,nan,-466.805248185966,4.800823142310268,nan,-418.7167012329827,4.800823142310268,nan
1773116707.5576928,-0.047588034310528105,-0.0020943951023931957,-0.17980000000000002,-0.6207600261495786,-0.006283185307179586,-0.037200000000000004,0.288054311095076,0.0,-0.432,0.37943993370680446,0.0,0.0,-0.1623699195677569,0.0,0.0,0.16756896679750868,0.006283185307179586,0.0468,-418.55682117216406,4.944736247647736,nan,-466.14018103431863,4.944736247647736,nan,-466.64536812514734,4.944736247647736,nan,-418.55682117216406,4.944736247647736,nan
1773116707.5737364,-0.04762558898708514,-0.0010471975511965978,-0.3658,-0.6208852084047687,-0.003141592653589793,0.0,0.28806465378693963,0.0,-0.423,0.37943993370680446,0.0,0.0,-0.16238026225962057,0.0,-0.0045000000000000005,0.16768788993993927,0.006283185307179586,0.0572,-418.4762171636367,5.015970873927588,nan,-466.05957702579127,5.015970873927588,nan,-466.56476411662,5.015970873927588,nan,-418.4762171636367,5.015970873927588,nan
1773116707.6056788,-0.04763184809984465,0.0010471975511965978,0.0,-0.6209227630813257,-0.0010471975511965978,0.0,0.28806465378693963,0.0,-0.4905,0.37946497015784253,0.0010471975511965978,0.0,-0.16242163302707527,-0.0010471975511965978,0.0,0.16772544461649633,-0.003141592653589793,-0.062400000000000004,-418.3937271710216,5.060395175556762,nan,-465.9770870331762,5.060395175556762,nan,-466.4822741240049,5.060395175556762,nan,-418.3937271710216,5.060395175556762,nan
1773116707.6216655,-0.04759429342328761,0.0,0.0,-0.620678657683705,0.004188790204786391,0.0,0.28806465378693963,0.0,-0.5085000000000001,0.3794274154812855,0.0,-0.43160000000000004,-0.16242163302707527,0.0,0.126,0.16738119341472346,-0.006283185307179586,0.0,-418.2332678775619,5.082759718800808,nan,-465.81662773971647,5.082759718800808,nan,-466.3218148305452,5.082759718800808,nan,-418.2332678775619,5.082759718800808,nan
1773116707.6536617,-0.04753170229569254,0.006283185307179586,-0.018600000000000002,-0.6205659936540339,0.006283185307179586,0.09920000000000001,0.28806465378693963,0.0,-0.5085000000000001,0.3794274154812855,-0.0020943951023931957,-0.3952,-0.16242163302707527,0.0,0.1215,0.16727478849781185,-0.003141592653589793,-0.1976,-418.1535294981789,5.088247172531679,nan,-465.73688936033346,5.088247172531679,nan,-466.2420764511622,5.088247172531679,nan,-418.1535294981789,5.088247172531679,nan
1773116707.6696732,-0.047412779153261926,0.004188790204786391,0.0,-0.6203969976095272,0.004188790204786391,0.22319999999999998,0.28806465378693963,0.0,-0.522,0.3794274154812855,0.0,-0.6188,-0.16242163302707527,0.0,0.14400000000000002,0.16713082890434322,-0.0020943951023931957,-0.20800000000000002,-417.99022110403087,5.046616352706699,nan,-465.57358096618543,5.046616352706699,nan,-466.07876805701414,5.046616352706699,nan,-417.99022110403087,5.046616352706699,nan
1773116707.7016945,-0.04738148358946438,0.0,0.1922,-0.6203406655946916,0.0010471975511965978,0.2914,0.28806465378693963,0.0,-0.5175000000000001,0.3794274154812855,0.0,-0.6032000000000001,-0.16242163302707527,0.0,0.1305,0.16707449688950765,-0.0010471975511965978,-0.078,-417.9126091111896,5.026430199388917,nan,-465.4959689733442,5.026430199388917,nan,-466.0011560641729,5.026430199388917,nan,-417.9126091111896,5.026430199388917,nan
1773116707.7337089,-0.04731263334910982,0.004188790204786391,0.012400000000000001,-0.6203093700308941,0.0010471975511965978,0.31000000000000005,0.28806465378693963,0.0,-0.513,0.3794274154812855,0.0,-0.7072,-0.16242163302707527,0.0,0.18,0.16699312842363406,-0.004188790204786391,-0.2392,-417.74463291599733,4.996076340285789,nan,-465.3279927781519,4.996076340285789,nan,-465.8331798689806,4.996076340285789,nan,-417.74463291599733,4.996076340285789,nan
1773116707.765674,-0.047262560447033766,0.0,0.0,-0.6203281473691726,-0.006283185307179586,-1.8972,0.2880749964788033,0.0,-0.369,0.37944619281956404,0.0010471975511965978,0.0,-0.16242163302707527,0.0,0.049499999999999995,0.1669117599577605,0.004188790204786391,0.015600000000000001,-417.5876716346802,4.9859859651848195,nan,-465.17103149683476,4.9859859651848195,nan,-465.67621858766347,4.9859859651848195,nan,-417.5876716346802,4.9859859651848195,nan
1773116707.7977116,-0.047444074717059456,-0.003141592653589793,0.0,-0.6209665768706423,-0.006283185307179586,-0.9114,0.28813705262998535,0.0,-0.29700000000000004,0.37955259773647565,0.005235987755982988,0.0,-0.16242163302707527,0.0,0.0,0.16723723382125483,0.006283185307179586,0.005200000000000001,-417.42645058137566,4.980231289318842,nan,-465.0098104435302,4.980231289318842,nan,-465.51499753435894,4.980231289318842,nan,-417.42645058137566,4.980231289318842,nan
1773116707.813646,-0.04750040673189501,-0.004188790204786391,-0.12400000000000001,-0.6212607551703391,-0.012566370614359171,-0.1178,0.28816808070557637,0.0010471975511965978,-0.261,0.37963396620234924,0.0010471975511965978,0.3848,-0.16242163302707527,0.0,-0.0045000000000000005,0.16734363873816643,0.0010471975511965978,0.0572,-417.2679754215042,4.9825595616542016,nan,-464.8513352836588,4.9825595616542016,nan,-465.3565223744875,4.9825595616542016,nan,-417.2679754215042,4.9825595616542016,nan
1773116707.8456519,-0.047588034310528105,-0.005235987755982988,-0.31000000000000005,-0.6214047147638078,-0.003141592653589793,-0.39680000000000004,0.2881991087811674,0.0010471975511965978,-0.2475,0.3796464844278682,0.0,0.3744,-0.16246300379452996,-0.005235987755982988,-0.16199999999999998,0.16751889389543262,0.016755160819145565,0.2288,-417.19092186311144,5.091544679052875,nan,-464.774281725266,5.091544679052875,nan,-465.2794688160947,5.091544679052875,nan,-417.19092186311144,5.091544679052875,nan
1773116707.861669,-0.04775703035503478,-0.003141592653589793,-0.2046,-0.621592488146593,-0.0020943951023931957,0.0,0.28823013685675836,0.0010471975511965978,-0.225,0.37965900265338726,0.0,0.43160000000000004,-0.16288705416094043,-0.010471975511965976,-0.09,0.1679632909013576,0.010471975511965976,0.2756,-417.02417339524317,5.14015403366847,nan,-464.60753325739773,5.14015403366847,nan,-465.11272034822645,5.14015403366847,nan,-417.02417339524317,5.14015403366847,nan
1773116707.8936737,-0.047850917046427376,-0.005235987755982988,-0.341,-0.621617524597631,-0.005235987755982988,-0.3224,0.2882508222404857,0.0010471975511965978,-0.1845,0.37966526176614673,0.0,0.5876,-0.16310425069007747,-0.011519173063162575,-0.16649999999999998,0.16821365541173783,0.016755160819145565,0.3276,-416.94423480193296,5.165461369643733,nan,-464.52759466408753,5.165461369643733,nan,-465.03278175491624,5.165461369643733,nan,-416.94423480193296,5.165461369643733,nan
