t,x,y,z,qx,qy,qz,qw
1773449500.0990217,0.15148402750492096,0.7413254380226135,0.8888675570487976,0.9692767858505249,-0.13966087996959686,-0.02456539124250412,0.20098239183425903
1773449500.1090105,0.1512180119752884,0.7418503761291504,0.8886479139328003,0.971272885799408,-0.14041410386562347,-0.026222916319966316,0.19032905995845795
1773449500.118886,0.1513037383556366,0.7414070963859558,0.8888749480247498,0.9691972732543945,-0.1401667594909668,-0.024366382509469986,0.20103798806667328
1773449500.1290307,0.1514407992362976,0.7413715124130249,0.8889032602310181,0.9689685106277466,-0.14141248166561127,-0.02500666305422783,0.20118993520736694
1773449500.1389713,0.15131768584251404,0.7414671182632446,0.8888710141181946,0.9688832759857178,-0.14132022857666016,-0.02491651102900505,0.20167547464370728
1773449500.148891,0.15143424272537231,0.7413479089736938,0.8888884782791138,0.9688189029693604,-0.14205223321914673,-0.02518930286169052,0.2014366239309311
1773449500.1590042,0.15130722522735596,0.741410493850708,0.8888370990753174,0.9690377116203308,-0.14072121679782867,-0.024692537263035774,0.20137947797775269
1773449500.1689656,0.15112245082855225,0.7413196563720703,0.8889301419258118,0.9721570014953613,-0.1313328891992569,-0.024584593251347542,0.19250480830669403
1773449500.1789236,0.1514921635389328,0.7413170337677002,0.8889755606651306,0.9694045782089233,-0.1392746865749359,-0.023945897817611694,0.20070889592170715
1773449500.1889668,0.1513044536113739,0.7413946390151978,0.8888701796531677,0.9688680768013,-0.14078287780284882,-0.02489618957042694,0.2021266669034958
1773449500.1990733,0.15146487951278687,0.7413651943206787,0.8889156579971313,0.9689392447471619,-0.1409880667924881,-0.02495145983994007,0.20163503289222717
1773449500.208921,0.15146802365779877,0.7414502501487732,0.8888895511627197,0.9691770076751709,-0.14014488458633423,-0.024789681658148766,0.2010994404554367
1773449500.2190514,0.15152081847190857,0.7413965463638306,0.8889862895011902,0.969210147857666,-0.13995471596717834,-0.0240841843187809,0.20115748047828674
1773449500.2290928,0.15151061117649078,0.741301953792572,0.8888587355613708,0.9692515730857849,-0.13988903164863586,-0.024734973907470703,0.20092438161373138
1773449500.2389188,0.15153659880161285,0.7412034869194031,0.888854444026947,0.9693878889083862,-0.13937832415103912,-0.024848071858286858,0.20060782134532928
1773449500.2490234,0.15149551630020142,0.7416942715644836,0.8886372447013855,0.971289336681366,-0.1405038982629776,-0.026833131909370422,0.19009391963481903
1773449500.258918,0.15174131095409393,0.7411137819290161,0.8888828754425049,0.9688973426818848,-0.14189480245113373,-0.025146469473838806,0.20117506384849548
1773449500.2689664,0.15184561908245087,0.7410809993743896,0.8889191746711731,0.9689196944236755,-0.1422681212425232,-0.025633646175265312,0.20074225962162018
1773449500.2788815,0.1520441174507141,0.7410412430763245,0.888907253742218,0.9690263867378235,-0.14139103889465332,-0.025641586631536484,0.20084568858146667
1773449500.2889683,0.152227520942688,0.7409030199050903,0.8888750672340393,0.9690506458282471,-0.14167572557926178,-0.02574130706489086,0.20051532983779907
1773449500.2990055,0.15233910083770752,0.7404428720474243,0.888775646686554,0.9685852527618408,-0.1483170986175537,-0.02838035859167576,0.1975834220647812
1773449500.3190014,0.15443921089172363,0.7405335903167725,0.8904389142990112,0.9694532752037048,-0.12947344779968262,0.0010300069116055965,0.2083171308040619
1773449500.3289707,0.15326109528541565,0.7398316264152527,0.8892762064933777,0.9679163098335266,-0.14997370541095734,-0.024179020896553993,0.20015332102775574
1773449500.3389118,0.15452298521995544,0.7399152517318726,0.889372706413269,-0.03310149908065796,0.7024116516113281,0.0002479437389411032,0.7110007405281067
1773449500.3490274,0.15476477146148682,0.7398208975791931,0.8893922567367554,-0.03178254887461662,0.7023507356643677,0.000962253543548286,0.7111204862594604
1773449500.3589783,0.15467199683189392,0.7399513721466064,0.8899038434028625,-0.0311008021235466,0.704139232635498,0.0003953542036470026,0.7093805074691772
1773449500.3689086,0.15485253930091858,0.7390173077583313,0.8900996446609497,-0.04021168872714043,0.7078012228012085,-0.020695030689239502,0.7049626111984253
1773449500.3790138,0.15572232007980347,0.7398350238800049,0.8892518877983093,-0.039072729647159576,0.704089343547821,0.006432104855775833,0.7090064287185669
1773449500.3888972,0.15616630017757416,0.7395516037940979,0.8894797563552856,-0.039369434118270874,0.7010456919670105,0.013075183145701885,0.7119088172912598
1773449500.3992286,0.15690293908119202,0.739959180355072,0.8893651366233826,-0.04196937754750252,0.7028387188911438,0.006291121244430542,0.7100822925567627
1773449500.4090054,0.1568307727575302,0.7394866943359375,0.8899649977684021,-0.043746478855609894,0.7088117003440857,-0.020412251353263855,0.7037440538406372
1773449500.4189095,0.1579049825668335,0.7407682538032532,0.8895214796066284,-0.04269462451338768,0.7025538682937622,0.010507144033908844,0.7102710008621216
1773449500.4290342,0.15783999860286713,0.7403972148895264,0.8901588320732117,-0.05313027650117874,0.7078369855880737,-0.012040055356919765,0.7042720317840576
1773449500.438926,0.15777349472045898,0.7398673892021179,0.8904014229774475,-0.03633089363574982,0.701545774936676,-0.03667934611439705,0.7107519507408142
1773449500.4490063,0.15841476619243622,0.7419077754020691,0.8898782730102539,-0.05347781628370285,0.7084278464317322,0.01826515607535839,0.7035171985626221
1773449500.4589126,0.1594589203596115,0.7420905828475952,0.890090823173523,-0.06558574736118317,0.7098421454429626,-0.0019857909064739943,0.7012978792190552
1773449500.4690323,0.15992294251918793,0.7431941032409668,0.8899623155593872,-0.060541555285453796,0.7088785171508789,0.00806689914315939,0.7026812434196472
1773449500.479019,0.16119365394115448,0.7444891929626465,0.8897493481636047,-0.07130973786115646,0.6995413899421692,0.03699089586734772,0.7100623846054077
1773449500.488898,0.16135923564434052,0.7441105246543884,0.8906236886978149,-0.0765363872051239,0.7051373720169067,0.0072164046578109264,0.70489102602005
1773449500.499011,0.1620350331068039,0.7455905079841614,0.8904802799224854,-0.080387644469738,0.7002489566802979,0.04820571094751358,0.7077184915542603
1773449500.508908,0.16263261437416077,0.745367705821991,0.8905876874923706,-0.08836241811513901,0.7052028775215149,0.023783979937434196,0.703075647354126
1773449500.5190003,0.16389477252960205,0.7464298605918884,0.8899737596511841,-0.0902511402964592,0.6984723806381226,0.04952872544527054,0.7081934809684753
1773449500.5289118,0.16407142579555511,0.7459323406219482,0.890575110912323,-0.09399744868278503,0.7049495577812195,0.02591780200600624,0.7025232911109924
1773449500.5389652,0.16479049623012543,0.746121346950531,0.8905701637268066,-0.0960700660943985,0.705116331577301,0.030467098578810692,0.7018927335739136
1773449500.5490196,0.16566631197929382,0.7463340163230896,0.890680730342865,-0.10251294076442719,0.7059068083763123,0.031247710809111595,0.700150191783905
1773449500.558901,0.16734114289283752,0.746526837348938,0.8902497291564941,-0.09774149954319,0.6976614594459534,0.05159126594662666,0.7078513503074646
1773449500.5690181,0.1675485074520111,0.745771586894989,0.8906997442245483,-0.08975443989038467,0.704779863357544,0.03149617090821266,0.7030203342437744
1773449500.5789633,0.16862940788269043,0.7449406385421753,0.890738308429718,-0.0953776016831398,0.7053004503250122,0.02824222855269909,0.7018951773643494
1773449500.588909,0.16987378895282745,0.7442739009857178,0.8909468054771423,-0.09962885826826096,0.7047953009605408,0.029795588925480843,0.7017477750778198
1773449500.5989728,0.17172440886497498,0.7441348433494568,0.8902852535247803,-0.08971061557531357,0.6956906318664551,0.05395662039518356,0.7106723785400391
1773449500.6089737,0.1721457839012146,0.7427075505256653,0.8908938765525818,-0.08725663274526596,0.7039100527763367,0.02990422584116459,0.704274594783783
1773449500.618924,0.17394880950450897,0.7424612641334534,0.8908436894416809,-0.09093055874109268,0.6989112496376038,0.04773779958486557,0.7077965140342712
1773449500.6290083,0.17477118968963623,0.7404240965843201,0.8910211324691772,-0.08956724405288696,0.7056455612182617,0.019196931272745132,0.7026190161705017
1773449500.638969,0.17613418400287628,0.7397339940071106,0.8910722732543945,-0.08019949495792389,0.7042809128761292,0.02284535951912403,0.7050067782402039
1773449500.6489167,0.17763958871364594,0.7405915260314941,0.8912118077278137,-0.07298272103071213,0.6947056651115417,0.06713733822107315,0.7124255895614624
1773449500.6590312,0.17887243628501892,0.7370244860649109,0.8908969759941101,-0.08228234201669693,0.703829288482666,0.0014342648210003972,0.7055861949920654
1773449500.668978,0.1811356395483017,0.7372801303863525,0.8903543949127197,-0.08284690231084824,0.7025799751281738,0.019266463816165924,0.70650315284729
1773449500.67897,0.18202471733093262,0.7353845238685608,0.8912912607192993,-0.08439905196428299,0.7049310803413391,0.007828712463378906,0.7041929364204407
1773449500.6890101,0.18387123942375183,0.7350977659225464,0.8907962441444397,-0.07503221184015274,0.7009305357933044,0.03174695000052452,0.7085610032081604
1773449500.6990147,0.1852368414402008,0.7342992424964905,0.8909663558006287,-0.07341433316469193,0.6998428106307983,0.030339481309056282,0.7098661661148071
1773449500.7089694,0.18635587394237518,0.7328588962554932,0.8915788531303406,-0.07712958753108978,0.7059556245803833,0.004069135524332523,0.7040320634841919
1773449500.718932,0.18867971003055573,0.7325019836425781,0.8911808133125305,-0.07274831831455231,0.6998671293258667,0.02575039304792881,0.7100919485092163
1773449500.728915,0.1896580159664154,0.7310261726379395,0.8915848135948181,-0.06632093340158463,0.7045181393623352,0.007861788384616375,0.706536591053009
1773449500.7388918,0.19132646918296814,0.7299966216087341,0.8915091753005981,-0.05986572802066803,0.705204427242279,0.004016587045043707,0.70646071434021
1773449500.7490225,0.19315272569656372,0.730922281742096,0.8918386101722717,-0.050791505724191666,0.6964152455329895,0.05332021042704582,0.7138508558273315
1773449500.7589784,0.1947561353445053,0.7278456091880798,0.8919607400894165,-0.058401335030794144,0.704240620136261,0.0030693914741277695,0.7075486183166504
1773449500.7690117,0.19694912433624268,0.7269788980484009,0.8920836448669434,-0.06556522101163864,0.7010622024536133,0.00843146163970232,0.7100296020507812
1773449500.7789705,0.19827312231063843,0.7259874939918518,0.892281174659729,-0.06623372435569763,0.7057514786720276,0.008467000909149647,0.7053057551383972
1773449500.7889688,0.1999046802520752,0.7243810892105103,0.8919309973716736,-0.06448102742433548,0.7043508887290955,-0.01725609041750431,0.7067066431045532
1773449500.7989752,0.20172564685344696,0.723516047000885,0.8918310403823853,-0.0442049540579319,0.6969807147979736,0.003764799563214183,0.7157161831855774
1773449500.8090205,0.20350082218647003,0.7220878005027771,0.8923800587654114,-0.06420698016881943,0.7057164907455444,-0.017956474795937538,0.7053504586219788
1773449500.8189785,0.2057196944952011,0.7220568656921387,0.8917986154556274,-0.06292283535003662,0.7035928964614868,0.010765519924461842,0.7077301144599915
1773449500.8389328,0.2086324542760849,0.7195633053779602,0.8922203779220581,-0.04465533420443535,0.7070786952972412,-0.011981448158621788,0.7056218385696411
1773449500.8490064,0.21068058907985687,0.7184544205665588,0.8926793932914734,-0.047108110040426254,0.7047858834266663,-0.012347733601927757,0.7077466249465942
1773449500.8590322,0.21231089532375336,0.7196288108825684,0.892677903175354,-0.03178365156054497,0.6991222500801086,0.038814760744571686,0.7132400274276733
1773449500.869035,0.21426597237586975,0.7163081169128418,0.8929168581962585,-0.03962104022502899,0.7024692893028259,-0.0019433106062933803,0.7106077671051025
1773449500.8790293,0.21665063500404358,0.7160752415657043,0.8926530480384827,-0.03940625861287117,0.7014150023460388,0.00817891675978899,0.711616039276123
1773449500.8889768,0.21846407651901245,0.7141619324684143,0.8931061029434204,-0.03803878650069237,0.7051825523376465,-0.009588783606886864,0.7079398036003113
1773449500.8988967,0.2208348512649536,0.7131257057189941,0.892647385597229,-0.0413486547768116,0.7002403140068054,0.015193508937954903,0.7125468850135803
1773449500.9190254,0.22506722807884216,0.7112979888916016,0.8928318619728088,-0.043824028223752975,0.7044960856437683,0.004806722514331341,0.7083372473716736
1773449500.9489028,0.23077945411205292,0.7072594165802002,0.8937555551528931,-0.030499815940856934,0.704728364944458,-0.007001795805990696,0.7087867856025696
1773449500.9589093,0.23332951962947845,0.707991361618042,0.8936048150062561,0.010204766876995564,0.6991767287254333,0.003746235044673085,0.7148662805557251
1773449500.9690137,0.23512691259384155,0.7050746083259583,0.8941141366958618,-0.02680237591266632,0.7049615979194641,-0.026644838973879814,0.708237886428833
1773449500.9789758,0.23766085505485535,0.7042975425720215,0.8934922218322754,-0.023091265931725502,0.6959652304649353,0.0026991060003638268,0.7176991105079651
1773449500.9889748,0.23928844928741455,0.7030475735664368,0.8944663405418396,-0.027945376932621002,0.7036276459693909,-0.01489766500890255,0.7098628878593445
1773449500.998974,0.24198925495147705,0.7026532292366028,0.8935410380363464,-0.018648184835910797,0.6986119151115417,-0.006138874217867851,0.7152314186096191
1773449501.009003,0.24338389933109283,0.7007384896278381,0.8946066498756409,-0.029479458928108215,0.7062765955924988,-0.023372074589133263,0.7069357633590698
1773449501.0190225,0.24609635770320892,0.7008860111236572,0.8936054110527039,-0.020567800849676132,0.7021191716194153,-0.01094300951808691,0.7116782069206238
1773449501.0389261,0.24949540197849274,0.6976107358932495,0.8945996165275574,-0.02101794257760048,0.7077126502990723,-0.025487668812274933,0.7057276964187622
1773449501.0489712,0.25239643454551697,0.696593701839447,0.8947787284851074,-0.024685582146048546,0.7034120559692383,-0.03798814117908478,0.7093371152877808
1773449501.059012,0.2544596791267395,0.6958571076393127,0.895412802696228,-0.025115400552749634,0.7023628950119019,-0.026613984256982803,0.7108778357505798
1773449501.0690322,0.25730204582214355,0.6972422003746033,0.8941604495048523,0.02022790163755417,0.692955732345581,-0.006033286452293396,0.7206711173057556
1773449501.079009,0.25860244035720825,0.6943165063858032,0.895236611366272,-0.015831727534532547,0.7046691179275513,-0.027262933552265167,0.7088353633880615
1773449501.08892,0.26136863231658936,0.6938499808311462,0.8941904902458191,-0.01489367987960577,0.699021577835083,-0.0060854568146169186,0.7149195671081543
1773449501.0990188,0.26327046751976013,0.692437469959259,0.8947158455848694,-0.01073642261326313,0.7054319381713867,-0.03652113303542137,0.7077547311782837
1773449501.1089768,0.2657415568828583,0.6921390891075134,0.8943236470222473,-0.012851670384407043,0.6979241967201233,-0.006348093040287495,0.7160282135009766
1773449501.1190064,0.2675633132457733,0.6911461353302002,0.8949263095855713,-0.014540577307343483,0.7040656208992004,-0.02342628315091133,0.7095995545387268
1773449501.1289654,0.26988598704338074,0.6911581158638,0.8947989344596863,-0.015220928937196732,0.7016264200210571,-0.005655897781252861,0.7123600244522095
1773449501.1390116,0.2716280519962311,0.6897796988487244,0.8952466249465942,-0.011988009326159954,0.7051680088043213,-0.026410575956106186,0.7084468007087708
1773449501.148977,0.2740166485309601,0.6896508932113647,0.8952467441558838,-0.011577237397432327,0.7016468644142151,-0.008808806538581848,0.7123764157295227
1773449501.1589768,0.2757410705089569,0.6885237693786621,0.8954867720603943,-0.013499070890247822,0.7060781121253967,-0.024587560445070267,0.7075782418251038
1773449501.1690063,0.27867501974105835,0.687744140625,0.8956934809684753,-0.019769776612520218,0.7028318643569946,-0.00874723307788372,0.7110274434089661
1773449501.1790085,0.2800953984260559,0.6864728927612305,0.8958008885383606,-0.00782826729118824,0.7065539360046387,-0.028342992067337036,0.7070481181144714
1773449501.189033,0.2830033004283905,0.6861659288406372,0.8959459662437439,-0.005938840098679066,0.7011571526527405,-0.007028831634670496,0.7129474878311157
1773449501.2189753,0.2901654541492462,0.6826878786087036,0.89667147397995,-0.021593641489744186,0.7069607973098755,-0.03147422522306442,0.7062220573425293
1773449501.2290049,0.2930249273777008,0.6833187937736511,0.8956422209739685,0.007233740296214819,0.7004722952842712,-0.004858624190092087,0.7136263847351074
1773449501.2389421,0.295318067073822,0.6815968155860901,0.8953773379325867,-0.01517304964363575,0.7035086154937744,-0.014658543281257153,0.7103735208511353
1773449501.2490897,0.2970692217350006,0.6799131631851196,0.8953922986984253,-0.017746759578585625,0.7075051069259644,-0.036014623939991,0.7055668234825134
1773449501.259072,0.3001388907432556,0.6799550652503967,0.8949194550514221,-0.011436237953603268,0.7016871571540833,-0.021955469623208046,0.7120550274848938
1773449501.2790835,0.3045506775379181,0.678123950958252,0.8955196738243103,-0.006716069765388966,0.7039788961410522,-0.02066143788397312,0.7098885178565979
1773449501.2890704,0.30763673782348633,0.6779332160949707,0.8958714604377747,-0.025551563128829002,0.7048815488815308,-0.012534355744719505,0.7087538242340088
1773449501.2990122,0.3092452585697174,0.6766866445541382,0.8959930539131165,-0.006550954654812813,0.7043324708938599,-0.020585205405950546,0.7095414996147156
1773449501.3190129,0.3140060007572174,0.6751610040664673,0.8968173861503601,-0.00469086691737175,0.7042136788368225,-0.020811980590224266,0.7096675038337708
1773449501.3490078,0.3210121691226959,0.6725524663925171,0.8979317545890808,-0.010022486560046673,0.7032092213630676,-0.04138072207570076,0.7097069621086121
1773449501.358971,0.3229200541973114,0.6722778677940369,0.8978362083435059,0.008562731556594372,0.7029690146446228,-0.04305603355169296,0.7098643779754639
1773449501.3690228,0.325917512178421,0.67124342918396,0.8981395363807678,-0.006728233303874731,0.7063383460044861,-0.045403070747852325,0.7063847780227661
1773449501.3889725,0.33026447892189026,0.6701202988624573,0.8980512619018555,0.0018525698687881231,0.7038171887397766,-0.059456951916217804,0.7078862190246582
1773449501.4089186,0.3348982036113739,0.6702499985694885,0.8979714512825012,0.012458504177629948,0.7042115330696106,-0.04758438467979431,0.708284318447113
1773449501.428917,0.3394024670124054,0.6695951819419861,0.8982895612716675,0.016292449086904526,0.7052264213562012,-0.05064041540026665,0.7069836854934692
1773449501.4390256,0.34248802065849304,0.6698657274246216,0.8984684348106384,0.0051593175157904625,0.7066956162452698,-0.044396430253982544,0.706104576587677
1773449501.448998,0.3440267741680145,0.6695903539657593,0.8987151980400085,0.01380505133420229,0.7057610154151917,-0.05080451816320419,0.7064911723136902
1773449501.4689777,0.35014134645462036,0.6697211861610413,0.8989716172218323,-0.0009318529046140611,0.7048859596252441,-0.029784344136714935,0.7086944580078125
1773449501.4790084,0.3522821366786957,0.669457197189331,0.8995804190635681,0.006862424314022064,0.7044577598571777,-0.04385434463620186,0.7083566188812256
1773449501.4890301,0.35508379340171814,0.6699460744857788,0.8991738557815552,0.005490824114531279,0.7046826481819153,-0.03218083828687668,0.708771288394928
1773449501.5089746,0.359680712223053,0.6697478294372559,0.899238646030426,0.015265724621713161,0.70085209608078,-0.03683984652161598,0.7121910452842712
1773449501.5190153,0.36222824454307556,0.6699826717376709,0.8992026448249817,0.011677921749651432,0.7020923495292664,-0.03461621701717377,0.7111482620239258
1773449501.5289721,0.3649742603302002,0.669907808303833,0.8993094563484192,0.009555807337164879,0.7006742358207703,-0.02817019633948803,0.7128610610961914
1773449501.5389707,0.3672606647014618,0.6698870658874512,0.899319052696228,0.014803051948547363,0.7003107070922852,-0.037150416523218155,0.7127171158790588
1773449501.5490305,0.3701683580875397,0.669676661491394,0.8997797966003418,0.0015676444163545966,0.7064372301101685,-0.0483357273042202,0.7061216235160828
1773449501.5590353,0.3729790449142456,0.6699441075325012,0.8990643620491028,0.0053281220607459545,0.702724814414978,-0.029009239748120308,0.7108501195907593
1773449501.5690365,0.3751762807369232,0.6699327826499939,0.8994531035423279,0.008096077479422092,0.7056183815002441,-0.04414106905460358,0.7071695923805237
1773449501.5789773,0.37797945737838745,0.6704462170600891,0.8989360928535461,0.0009689318831078708,0.7062869668006897,-0.03542700409889221,0.7070379257202148
1773449501.5890217,0.37999847531318665,0.6701151728630066,0.8993255496025085,0.004150988068431616,0.7059198021888733,-0.042759258300065994,0.7069877982139587
1773449501.5990214,0.38282591104507446,0.6707723736763,0.8988926410675049,0.006282083690166473,0.7056993246078491,-0.03444964811205864,0.7076456546783447
1773449501.6090186,0.3846180737018585,0.6702190637588501,0.8995934128761292,0.011563051491975784,0.7071546316146851,-0.06069246307015419,0.704354465007782
1773449501.6389165,0.39332446455955505,0.6722811460494995,0.8997855186462402,0.04125920683145523,0.6934800744056702,-0.03297074884176254,0.718537449836731
1773449501.6490214,0.39457184076309204,0.670604944229126,0.9007415175437927,0.004248747136443853,0.709405779838562,-0.05615390092134476,0.7025468945503235
1773449501.659014,0.398112028837204,0.6710583567619324,0.9013890624046326,0.010772944428026676,0.7030109167098999,-0.05086079239845276,0.7092763185501099
1773449501.6789298,0.40373384952545166,0.6715520024299622,0.9013634920120239,0.021763604134321213,0.7022130489349365,-0.04246467724442482,0.7103660702705383
1773449501.6889207,0.4068574905395508,0.6713953614234924,0.9020928740501404,-0.0003831870562862605,0.7054834961891174,-0.046677157282829285,0.7071874737739563
1773449501.6990166,0.4096686840057373,0.6727319359779358,0.901766300201416,-0.0063659255392849445,0.7048752307891846,-0.03049776330590248,0.7086467742919922
1773449501.7090356,0.4123862385749817,0.6726603507995605,0.9020730257034302,0.006965282838791609,0.7008705139160156,-0.03804737702012062,0.7122390866279602
1773449501.7189767,0.41493189334869385,0.6724706292152405,0.9026774168014526,0.0041288817301392555,0.7023224234580994,-0.044067878276109695,0.7104817628860474
1773449501.729032,0.41832205653190613,0.6734001636505127,0.9020881056785583,-0.009449253790080547,0.7043187022209167,-0.02685442380607128,0.7093128561973572
1773449501.7390141,0.4209555387496948,0.6735736131668091,0.902524471282959,-0.0037200718652457,0.7029105424880981,-0.03844320401549339,0.7102289795875549
1773449501.748888,0.4239259958267212,0.6736576557159424,0.9018105268478394,0.007121026515960693,0.7026355266571045,-0.03518553450703621,0.7106438279151917
1773449501.7590127,0.4263717830181122,0.6734598278999329,0.9023550748825073,0.0025074868462979794,0.705509603023529,-0.044520214200019836,0.7072961926460266
1773449501.768911,0.4293619990348816,0.674213171005249,0.9026262760162354,-0.007393057458102703,0.7027894258499146,-0.041170645505189896,0.7101671695709229
1773449501.7789738,0.431892067193985,0.6742311716079712,0.9020949006080627,0.0022274204529821873,0.7034887671470642,-0.04316656291484833,0.7093908786773682
1773449501.7990322,0.4374949336051941,0.6754317283630371,0.902377724647522,-0.0014510044129565358,0.7038363814353943,-0.030756168067455292,0.7096945643424988
1773449501.8090246,0.43959182500839233,0.6758235096931458,0.9031656980514526,-0.010763898491859436,0.7045500874519348,-0.041444554924964905,0.7083612680435181
1773449501.819022,0.44307130575180054,0.6762632131576538,0.902715802192688,0.005431073717772961,0.7003167867660522,-0.03406095132231712,0.7129984498023987
1773449501.8390322,0.44918569922447205,0.6764107942581177,0.9031792283058167,-0.02740207500755787,0.7116724848747253,-0.032403357326984406,0.7012285590171814
1773449501.8489785,0.4525159001350403,0.6760479807853699,0.9041850566864014,-0.0006356706144288182,0.7038829922676086,-0.04336177557706833,0.7089908719062805
1773449501.8589683,0.45575448870658875,0.6766068935394287,0.903937816619873,-0.003492184914648533,0.7038367390632629,-0.03347056359052658,0.709564208984375
1773449501.8690345,0.45827415585517883,0.6766605973243713,0.9050981998443604,0.0021706402767449617,0.7026222348213196,-0.07914295792579651,0.7071447968482971
1773449501.8789177,0.46130892634391785,0.6773301959037781,0.9052051305770874,0.0006754326750524342,0.702601432800293,-0.080234095454216,0.7070454955101013
1773449501.8890355,0.46451494097709656,0.677280068397522,0.9055815935134888,-0.014051154255867004,0.7001684308052063,-0.09242570400238037,0.7078306674957275
1773449501.899022,0.46734747290611267,0.6779504418373108,0.9055735468864441,-0.003281520213931799,0.6981359124183655,-0.07867591083049774,0.7116218209266663
1773449501.9089737,0.47013935446739197,0.6789515614509583,0.9050242900848389,0.0016220142133533955,0.7050146460533142,-0.07466364651918411,0.7052496075630188
1773449501.9190164,0.4739138185977936,0.6796796321868896,0.9042499661445618,0.005265236832201481,0.7064019441604614,-0.04140728712081909,0.7065790891647339
1773449501.9289978,0.4762585461139679,0.6801907420158386,0.9049732089042664,-0.009936937130987644,0.7061980962753296,-0.07340306788682938,0.7041289806365967
1773449501.9389167,0.48015719652175903,0.6801024675369263,0.9044229388237,-0.0034884705673903227,0.7052035331726074,-0.04083111882209778,0.7078196406364441
1773449501.9490259,0.48243245482444763,0.6803426146507263,0.9050976634025574,-0.0036342365201562643,0.7077428102493286,-0.05541302263736725,0.7042843103408813
1773449501.9589236,0.485648512840271,0.6805193424224854,0.9053135514259338,-0.007079225964844227,0.7081193923950195,-0.05600666627287865,0.7038324475288391
1773449501.9689977,0.48873400688171387,0.6809824109077454,0.9053176641464233,-0.0011255291756242514,0.7051730155944824,-0.07489585131406784,0.7050677537918091
1773449501.9789164,0.49206024408340454,0.6812378168106079,0.9055824279785156,-0.007484640926122665,0.7069205045700073,-0.07622117549180984,0.7031342387199402
1773449501.988975,0.49541932344436646,0.6810631155967712,0.9059191346168518,-0.004683953244239092,0.7043313980102539,-0.07857280224561691,0.7054939270019531
1773449501.9989996,0.49836358428001404,0.6807616949081421,0.906162679195404,-0.020489582791924477,0.7137686610221863,-0.08708605170249939,0.6946441531181335
1773449502.0090065,0.5014469027519226,0.6804964542388916,0.9066938757896423,-0.02746477723121643,0.714871883392334,-0.0848628357052803,0.6935433149337769
1773449502.0190144,0.5048331618309021,0.6805782914161682,0.9070385098457336,-0.023679405450820923,0.7154700756072998,-0.08871220797300339,0.6925836205482483
1773449502.0290258,0.508309006690979,0.6813811659812927,0.9066581726074219,-0.016842816025018692,0.7137910723686218,-0.08644440025091171,0.6947993636131287
1773449502.038975,0.5129897594451904,0.6824630498886108,0.9061552882194519,-0.0065233707427978516,0.7068575024604797,-0.04363970085978508,0.705978512763977
1773449502.0490227,0.5149539709091187,0.6817522644996643,0.9068800210952759,-0.018035288900136948,0.7142598628997803,-0.0703977420926094,0.6960976123809814
1773449502.0589776,0.5192421674728394,0.6831951141357422,0.9061157703399658,-0.006299626547843218,0.706281840801239,-0.03624814748764038,0.7069741487503052
1773449502.0689697,0.521541178226471,0.6831678748130798,0.9068212509155273,-0.010212725959718227,0.708358645439148,-0.05480874329805374,0.7036474943161011
1773449502.079026,0.5241889953613281,0.6825329661369324,0.9070711135864258,-0.021914314478635788,0.7180151343345642,-0.07013052701950073,0.6921386122703552
1773449502.0890348,0.5284697413444519,0.6843511462211609,0.9062342643737793,-0.007110060192644596,0.7090267539024353,-0.04267541691660881,0.703853189945221
1773449502.0989761,0.5312941670417786,0.684318482875824,0.9069469571113586,-0.009303513914346695,0.7071990370750427,-0.04789355397224426,0.7053292393684387
1773449502.1089718,0.5340217351913452,0.6835337281227112,0.9073033332824707,-0.02131776325404644,0.7164466381072998,-0.07057478278875351,0.6937355995178223
1773449502.1190023,0.5379922389984131,0.6841470003128052,0.9075253009796143,-0.00940253958106041,0.7078747153282166,-0.04840657860040665,0.7046147584915161
1773449502.1290228,0.5412643551826477,0.6843975782394409,0.9079083800315857,-0.010531778447329998,0.7060829997062683,-0.06943801790475845,0.7046376466751099
1773449502.139032,0.5442937016487122,0.683626115322113,0.9085032939910889,-0.018306972458958626,0.7174529433250427,-0.0658392384648323,0.6932469010353088
1773449502.1490145,0.5476204752922058,0.6836414933204651,0.909373939037323,-0.021697763353586197,0.7156874537467957,-0.07654023170471191,0.6938748359680176
1773449502.1589694,0.5517103672027588,0.6849172115325928,0.9094403982162476,-0.006011593155562878,0.7068537473678589,-0.052145473659038544,0.7054094672203064
1773449502.1690276,0.5543042421340942,0.6847216486930847,0.9094774723052979,-0.02343524992465973,0.716903030872345,-0.06898694485425949,0.6933553814888
1773449502.1790104,0.5587338209152222,0.6858709454536438,0.9088319540023804,-0.011764063499867916,0.70625901222229,-0.029916973784565926,0.7072232961654663
1773449502.1890361,0.5611714124679565,0.6859495639801025,0.9095022678375244,-0.008030904456973076,0.7068324089050293,-0.0560477115213871,0.7051115036010742
1773449502.1988938,0.5638315677642822,0.6858118176460266,0.909275472164154,-0.020859017968177795,0.7145968675613403,-0.06376037746667862,0.6963123679161072
1773449502.2090187,0.5679442882537842,0.6871249079704285,0.9084210991859436,-0.007579832803457975,0.7062237858772278,-0.0377156063914299,0.7069427371025085
1773449502.2188869,0.5701730251312256,0.6864226460456848,0.9089997410774231,-0.026054473593831062,0.7171148061752319,-0.06693777441978455,0.6932438015937805
1773449502.229005,0.5746224522590637,0.6880407333374023,0.9081927537918091,-0.014316892251372337,0.7092282176017761,-0.03523297235369682,0.7039524912834167
1773449502.2390099,0.5773853063583374,0.6875326633453369,0.9090640544891357,-0.01227601245045662,0.7079750299453735,-0.04537564143538475,0.7046713829040527
1773449502.2491083,0.580730676651001,0.687702476978302,0.9094348549842834,-0.010320281609892845,0.7079415917396545,-0.050516147166490555,0.7043864727020264
1773449502.2590806,0.5841556787490845,0.6878806352615356,0.9096364378929138,-0.010777135379612446,0.7103624939918518,-0.05504881963133812,0.701597273349762
1773449502.269075,0.587897777557373,0.688520073890686,0.9097222685813904,-0.01410544104874134,0.7077298164367676,-0.036837536841630936,0.7053812146186829
1773449502.2791185,0.5902165174484253,0.6875556707382202,0.9111104011535645,-0.0261521115899086,0.717359721660614,-0.06444163620471954,0.693223237991333
1773449502.2890787,0.5935903787612915,0.6877456903457642,0.9116821885108948,-0.02525768242776394,0.7136838436126709,-0.056883133947849274,0.6976974606513977
1773449502.2990618,0.597540557384491,0.688355565071106,0.911631166934967,-0.009896100498735905,0.7078287601470947,-0.0487300269305706,0.7046318054199219
1773449502.308935,0.6001111268997192,0.6878597736358643,0.9116784930229187,-0.02243715152144432,0.7175570726394653,-0.06520569324493408,0.6930776834487915
1773449502.3190162,0.6031208038330078,0.6881471872329712,0.9119301438331604,-0.02676721103489399,0.7165928483009338,-0.06086680665612221,0.6943150162696838
1773449502.3290122,0.6071957945823669,0.6894813776016235,0.9113057851791382,-0.017173590138554573,0.7056682109832764,-0.02131754718720913,0.7080134749412537
1773449502.3390212,0.6097943782806396,0.6892947554588318,0.9118441343307495,-0.01201601978391409,0.7087296843528748,-0.04529581964015961,0.7039219737052917
1773449502.3490222,0.6124277114868164,0.6892316341400146,0.9117727875709534,-0.02899051085114479,0.7169071435928345,-0.06152132526040077,0.6938436031341553
1773449502.3589742,0.615576982498169,0.6891873478889465,0.9118162393569946,-0.02823066897690296,0.7185326814651489,-0.043211184442043304,0.6935752630233765
1773449502.369012,0.6201520562171936,0.6910741329193115,0.9107714295387268,-0.017292825505137444,0.7064855694770813,-0.028309764340519905,0.7069495320320129
1773449502.379009,0.623066246509552,0.6900231838226318,0.9114205241203308,-0.014707048423588276,0.7103405594825745,-0.03174862265586853,0.7029879689216614
1773449502.389034,0.6263397932052612,0.6903509497642517,0.9116978049278259,-0.015279424376785755,0.709358274936676,-0.05029447004199028,0.7028853893280029
1773449502.3989744,0.6301662921905518,0.6901596784591675,0.912137508392334,-0.014662614092230797,0.7104301452636719,-0.03283283859491348,0.7028486132621765
1773449502.4090168,0.6340672373771667,0.6907355189323425,0.9121723771095276,-0.016186829656362534,0.7085549831390381,-0.021239209920167923,0.7051502466201782
1773449502.4189148,0.6363453269004822,0.6897071003913879,0.913381040096283,-0.03283935412764549,0.7190734148025513,-0.0659162774682045,0.6910210847854614
1773449502.4290175,0.6396953463554382,0.6897231340408325,0.9141180515289307,-0.03236260637640953,0.7154959440231323,-0.038993511348962784,0.6967766284942627
1773449502.4390278,0.642500102519989,0.6898698806762695,0.914068341255188,-0.023778075352311134,0.7151718139648438,-0.05928807705640793,0.6960236430168152
1773449502.4490278,0.6460198163986206,0.6903041005134583,0.914129912853241,-0.029881082475185394,0.7171922922134399,-0.040341753512620926,0.6950647830963135
1773449502.4590275,0.6492195725440979,0.690863847732544,0.9141743183135986,-0.032384827733039856,0.7173697352409363,-0.04609380662441254,0.6944114565849304
1773449502.4690807,0.652458906173706,0.6919931769371033,0.9142295718193054,-0.023105060681700706,0.7082709074020386,-0.03628068417310715,0.704629123210907
1773449502.4790268,0.6558311581611633,0.6921634674072266,0.9142749309539795,-0.021335210651159286,0.7086828947067261,-0.023399461060762405,0.7048162221908569
1773449502.4890203,0.6591401100158691,0.6925318241119385,0.9142074584960938,-0.01910923421382904,0.7080525755882263,-0.027576662600040436,0.7053623795509338
1773449502.4990025,0.6620458960533142,0.6921293139457703,0.914188027381897,-0.03528042882680893,0.7162268161773682,-0.05480847880244255,0.6948168277740479
1773449502.5090253,0.6659685969352722,0.69228595495224,0.9139179587364197,-0.017964188009500504,0.7139673829078674,-0.03780389577150345,0.6989269256591797
1773449502.519029,0.6701206564903259,0.6931445002555847,0.9133713245391846,-0.020882824435830116,0.7076216340065002,-0.021586239337921143,0.705953061580658
1773449502.5290127,0.6729221343994141,0.692310631275177,0.9144164323806763,-0.017216645181179047,0.709880530834198,-0.025584133341908455,0.703646719455719
1773449502.5390272,0.676529586315155,0.6923233270645142,0.9147075414657593,-0.020788203924894333,0.7105374932289124,-0.0325254462659359,0.7025998830795288
1773449502.549026,0.6794642210006714,0.6918764710426331,0.9155596494674683,-0.0372295044362545,0.716815173625946,-0.03931262716650963,0.6951578855514526
1773449502.5590131,0.6826366782188416,0.6922959089279175,0.91612708568573,-0.0387229323387146,0.7169762849807739,-0.03587280958890915,0.6950961351394653
1773449502.568969,0.6853824257850647,0.6927610039710999,0.9165271520614624,-0.03793635591864586,0.7176927924156189,-0.05360725149512291,0.6932563185691833
1773449502.5790262,0.6886457800865173,0.6929984092712402,0.9168815612792969,-0.03918430581688881,0.7182025909423828,-0.04053947329521179,0.6935461759567261
1773449502.5890155,0.6915711760520935,0.6934357285499573,0.9171183109283447,-0.038213543593883514,0.7162434458732605,-0.03846030682325363,0.6957412958145142
1773449502.5990028,0.6954612731933594,0.6947864890098572,0.9164957404136658,-0.025769269093871117,0.7042824625968933,-0.007630188949406147,0.709411084651947
1773449502.6090147,0.6984110474586487,0.6945397257804871,0.9170737862586975,-0.02450857311487198,0.7096986770629883,-0.023887570947408676,0.7036736607551575
1773449502.6190138,0.7013174891471863,0.693803608417511,0.9171417951583862,-0.03705056011676788,0.7160446047782898,-0.04263841733336449,0.6957653760910034
1773449502.6289155,0.704589307308197,0.6939308643341064,0.9171127080917358,-0.03876310959458351,0.7153769731521606,-0.03250497207045555,0.6969050168991089
1773449502.6389158,0.708243191242218,0.6944535970687866,0.9168225526809692,-0.02553165704011917,0.7091832756996155,-0.02280247211456299,0.7041927576065063
1773449502.6490006,0.7116404175758362,0.6944454312324524,0.9167571663856506,-0.024387454614043236,0.7091929912567139,-0.023586370050907135,0.7041976451873779
1773449502.659015,0.7145130038261414,0.6939864158630371,0.9168709516525269,-0.04078143090009689,0.7193863391876221,-0.035598576068878174,0.6924975514411926
1773449502.6689968,0.7178882956504822,0.6941213607788086,0.9172853231430054,-0.042373694479465485,0.7195734977722168,-0.04187716171145439,0.6918560862541199
1773449502.678977,0.721146285533905,0.6940258741378784,0.9179030060768127,-0.04226504638791084,0.7162948846817017,-0.02967708185315132,0.695884108543396
1773449502.688999,0.724404513835907,0.6939512491226196,0.9184854626655579,-0.03993876278400421,0.7167198061943054,-0.036807868629693985,0.6952430009841919
1773449502.6990294,0.7280474901199341,0.6942130327224731,0.9188926219940186,-0.03654061257839203,0.7147554159164429,-0.031717993319034576,0.6976987719535828
1773449502.709,0.7312704920768738,0.693895697593689,0.9194157719612122,-0.04345310106873512,0.7190728783607483,-0.04142104834318161,0.692336916923523
1773449502.719015,0.7350696325302124,0.6948428153991699,0.9195982217788696,-0.030115177854895592,0.7076650857925415,-0.005121760070323944,0.7058874368667603
1773449502.7289782,0.7386135458946228,0.6955235004425049,0.920048177242279,-0.03646564111113548,0.7055567502975464,-0.009721438400447369,0.7076478600502014
1773449502.7389748,0.7413077354431152,0.6952415108680725,0.9198447465896606,-0.025845501571893692,0.709281861782074,-0.025759227573871613,0.7039799690246582
1773449502.7490134,0.7439987659454346,0.6948136687278748,0.9198901653289795,-0.04125348478555679,0.7183226943016052,-0.03465825319290161,0.6936205625534058
1773449502.75903,0.747667670249939,0.6960864663124084,0.9197120070457458,-0.027878737077116966,0.7090424299240112,-0.020718831568956375,0.7043098211288452
1773449502.7690122,0.7507578134536743,0.696300745010376,0.9198821783065796,-0.028766008093953133,0.7110041379928589,-0.02470233105123043,0.7021648287773132
1773449502.7789705,0.7540766000747681,0.6962594985961914,0.919750988483429,-0.025962555781006813,0.709007740020752,-0.020971037447452545,0.7044106125831604
1773449502.7890093,0.757610023021698,0.6964194178581238,0.9198756814002991,-0.04220116510987282,0.7056558132171631,0.002194075845181942,0.7072935104370117
1773449502.7990255,0.760230302810669,0.6951925754547119,0.9201968908309937,-0.0390116348862648,0.7160363793373108,-0.031529322266578674,0.6962586045265198
1773449502.808921,0.7638211250305176,0.6948568820953369,0.9207817912101746,-0.04252328351140022,0.717697262763977,-0.04132697731256485,0.6938260197639465
1773449502.8189228,0.7674955129623413,0.695124089717865,0.9212538599967957,-0.040378130972385406,0.7172921895980835,-0.03185594826936722,0.6948717832565308
1773449502.8288927,0.770956814289093,0.6955921053886414,0.9216882586479187,-0.026464173570275307,0.706680953502655,-0.01759837381541729,0.7068183422088623
1773449502.838977,0.7740575671195984,0.6957259178161621,0.9219677448272705,-0.02764633111655712,0.7087922692298889,-0.017302600666880608,0.7046629190444946
1773449502.848921,0.7767777442932129,0.6953403949737549,0.9222471714019775,-0.041045479476451874,0.7174214720726013,-0.03560233116149902,0.6945172548294067
1773449502.8590157,0.7797755599021912,0.6955606937408447,0.9225738048553467,-0.04405609518289566,0.7147917747497559,-0.02623467706143856,0.6974550485610962
1773449502.8689766,0.7837601900100708,0.6968729496002197,0.9225177764892578,-0.0345257930457592,0.7068606019020081,-0.015800828114151955,0.7063331007957458
1773449502.8789034,0.7864160537719727,0.6962857842445374,0.9223031401634216,-0.02118455059826374,0.7074074745178223,-0.022767433896660805,0.7061215043067932
1773449502.8890157,0.7888711094856262,0.6953831911087036,0.9224429130554199,-0.04208534210920334,0.7135807275772095,-0.017515230923891068,0.699088454246521
1773449502.898921,0.7928830981254578,0.6962947249412537,0.9222140908241272,-0.026228871196508408,0.7103619575500488,-0.020798223093152046,0.7030401825904846
1773449502.908975,0.7957159280776978,0.6953885555267334,0.9225400686264038,-0.038075827062129974,0.7179800271987915,-0.0436130166053772,0.6936518549919128
1773449502.9189339,0.799178957939148,0.6955230832099915,0.9229428172111511,-0.047881949692964554,0.710982620716095,-0.010590431280434132,0.7014976143836975
1773449502.9289174,0.802145779132843,0.6948708295822144,0.9229569435119629,-0.03677578270435333,0.7161865234375,-0.03878414258360863,0.6958593726158142
1773449502.938905,0.8057830929756165,0.6948594450950623,0.9231124520301819,-0.03325105458498001,0.7151182889938354,-0.03755757212638855,0.6972013115882874
1773449502.9489968,0.80874103307724,0.6941448450088501,0.9236034154891968,-0.03937045484781265,0.7166027426719666,-0.03391982987523079,0.6955429911613464
1773449502.9590192,0.8126316070556641,0.6939877867698669,0.9237156510353088,-0.03633798658847809,0.7207611203193665,-0.04148843511939049,0.6909860968589783
1773449502.969018,0.8157854080200195,0.694662868976593,0.9243266582489014,-0.03173723444342613,0.704681932926178,0.011355428025126457,0.7087222933769226
1773449502.978902,0.8186284303665161,0.693895161151886,0.9240074753761292,-0.033014483749866486,0.7161120772361755,-0.030092181637883186,0.69655442237854
1773449502.9890163,0.8217464089393616,0.6938526630401611,0.9240179061889648,-0.035057105123996735,0.7181448340415955,-0.03960500285029411,0.6938807964324951
1773449502.9988954,0.8251488208770752,0.694912314414978,0.9242315292358398,-0.017947839573025703,0.7110229134559631,-0.02446209266781807,0.7025140523910522
1773449503.0089197,0.8279979825019836,0.6947569847106934,0.9246600866317749,-0.020412372425198555,0.7063243389129639,0.002892501885071397,0.7075880765914917
1773449503.018881,0.8312076926231384,0.6941817998886108,0.9244768023490906,-0.0321614108979702,0.7145406007766724,-0.036725349724292755,0.6978887319564819
1773449503.0290306,0.8354888558387756,0.6953513622283936,0.9244393706321716,-0.027732837945222855,0.7091057896614075,-0.026959385722875595,0.7040404677391052
1773449503.0390177,0.8382940292358398,0.6941781044006348,0.9245442748069763,-0.03339189291000366,0.7188311219215393,-0.04920215532183647,0.6926369667053223
1773449503.048916,0.8414528369903564,0.6938959360122681,0.9244679808616638,-0.030749021098017693,0.7169491052627563,-0.04121022671461105,0.6952267289161682
1773449503.0590162,0.8450079560279846,0.6938040256500244,0.9245924949645996,-0.03589276596903801,0.7193006277084351,-0.05214951932430267,0.6918084025382996
1773449503.0689776,0.8485579490661621,0.6939163208007812,0.9250604510307312,-0.047945309430360794,0.7196882367134094,-0.03986925259232521,0.6914915442466736
1773449503.079004,0.8517135977745056,0.6937354207038879,0.9254553318023682,-0.04690505191683769,0.7147408723831177,-0.030066808685660362,0.6971667408943176
1773449503.0889015,0.8548628091812134,0.6932736039161682,0.925521194934845,-0.03452835604548454,0.7159326076507568,-0.03242819383740425,0.6965606212615967
1773449503.0989006,0.8583030700683594,0.6933863162994385,0.9258430004119873,-0.03585989400744438,0.7157341837882996,-0.031836915761232376,0.696724534034729
1773449503.1090195,0.8612992763519287,0.6929760575294495,0.9264613389968872,-0.03598586469888687,0.7130878567695618,-0.004471470136195421,0.7001363039016724
1773449503.118913,0.8649494647979736,0.6930525302886963,0.9265561103820801,-0.03490296006202698,0.7145282030105591,-0.02098725363612175,0.6984202265739441
1773449503.1289992,0.8694174289703369,0.694360613822937,0.9265384674072266,-0.03321126103401184,0.7080810070037842,-0.022041169926524162,0.7050052881240845
1773449503.1389244,0.8719326257705688,0.6942003965377808,0.927088737487793,-0.03673410788178444,0.7045876383781433,0.01499918568879366,0.7085068225860596
1773449503.1490045,0.873967170715332,0.6927842497825623,0.9273838400840759,-0.038348350673913956,0.7146129608154297,-0.013370738364756107,0.698340117931366
1773449503.1590033,0.8778005838394165,0.6934282779693604,0.927014946937561,-0.03391583636403084,0.7163940072059631,-0.040115658193826675,0.695715606212616
1773449503.1690178,0.8810672163963318,0.6935162544250488,0.9272830486297607,-0.038027651607990265,0.7122555375099182,-0.02224874682724476,0.7005361318588257
1773449503.1789784,0.8840993642807007,0.6933692693710327,0.9274080395698547,-0.0371418334543705,0.7138908505439758,-0.027516312897205353,0.6987298130989075
1773449503.1889386,0.8874000310897827,0.6936492323875427,0.9277241826057434,-0.0504937469959259,0.7175844311714172,-0.02686229534447193,0.6941191554069519
1773449503.199032,0.8905652761459351,0.6927187442779541,0.9277193546295166,-0.039979416877031326,0.716742217540741,-0.026770824566483498,0.6956764459609985
1773449503.209014,0.8941600918769836,0.6923344731330872,0.9280017614364624,-0.03890613466501236,0.7158199548721313,-0.029741093516349792,0.696565568447113
1773449503.219002,0.8980321884155273,0.6922658681869507,0.9278609752655029,-0.039676643908023834,0.7187721133232117,-0.046751320362091064,0.6925365328788757
1773449503.2290027,0.9019119739532471,0.6920408010482788,0.9280065298080444,-0.05029130354523659,0.7161885499954224,-0.02784649468958378,0.6955352425575256
1773449503.2389238,0.9046568274497986,0.690910279750824,0.9281829595565796,-0.032334357500076294,0.7115373015403748,-0.0024400337133556604,0.7018997073173523
1773449503.2490075,0.9081569314002991,0.6907168030738831,0.9280773401260376,-0.03784046694636345,0.7120813131332397,0.002763651544228196,0.7010711431503296
1773449503.259015,0.9115008115768433,0.6904830932617188,0.9275315999984741,-0.0383988581597805,0.7180404663085938,-0.02783900871872902,0.694383442401886
1773449503.269015,0.9148359894752502,0.6910980343818665,0.9275099635124207,-0.047852035611867905,0.7156996726989746,-0.029183318838477135,0.6961555480957031
1773449503.2790284,0.9174308180809021,0.6905804872512817,0.9273925423622131,-0.03633997589349747,0.7123326063156128,-0.00838534627109766,0.7008505463600159
1773449503.288915,0.9206095337867737,0.6905549764633179,0.927162230014801,-0.03604955971240997,0.7148327827453613,-0.02715914696455002,0.6978372931480408
1773449503.2990363,0.9240303635597229,0.6906692385673523,0.9273023009300232,-0.03651345893740654,0.7172537446022034,-0.04113147407770157,0.6946381330490112
1773449503.309083,0.9263091683387756,0.6899579167366028,0.9279833436012268,-0.03815057501196861,0.7148752212524414,-0.0042434921488165855,0.6981977224349976
1773449503.3189468,0.9308038949966431,0.6908595561981201,0.9279719591140747,-0.03685121238231659,0.7081906199455261,-0.004421109799295664,0.7050450444221497
1773449503.328939,0.9335303902626038,0.6892459392547607,0.9285065531730652,-0.03963794559240341,0.7149768471717834,-0.028036845847964287,0.6974602937698364
1773449503.3390684,0.9364516139030457,0.6888749599456787,0.9291050434112549,-0.036442454904317856,0.7169716358184814,-0.034822896122932434,0.6952776312828064
1773449503.348952,0.9393988251686096,0.689085066318512,0.9299221038818359,-0.03749438375234604,0.7164704203605652,-0.036087263375520706,0.6956738829612732
1773449503.3589003,0.9421775341033936,0.6887145042419434,0.930165708065033,-0.0375995896756649,0.7151991128921509,-0.03243840113282204,0.6971544027328491
1773449503.368918,0.9452754259109497,0.6890771985054016,0.9301679730415344,-0.03589174151420593,0.716793954372406,-0.04211778938770294,0.6950858235359192
1773449503.3790236,0.9474847316741943,0.688804566860199,0.930559515953064,-0.03569086268544197,0.7113654613494873,-0.0026725567877292633,0.7019104957580566
1773449503.3890104,0.9507898092269897,0.6895757913589478,0.9303292632102966,-0.048316482454538345,0.7123371362686157,-0.018568065017461777,0.6999261975288391
1773449503.3988812,0.9524259567260742,0.6891331672668457,0.9303646087646484,-0.03970411419868469,0.7144724726676941,-0.000895247794687748,0.6985356211662292
1773449503.409032,0.9554775357246399,0.6895299553871155,0.9299440979957581,-0.038312338292598724,0.7139288187026978,-0.01870085671544075,0.6989192962646484
1773449503.4190133,0.9581619501113892,0.6898613572120667,0.9298325777053833,-0.04328767582774162,0.7165212631225586,-0.025501122698187828,0.6957536935806274
1773449503.4289336,0.9604895114898682,0.6902331113815308,0.9295884370803833,-0.040800631046295166,0.7172152400016785,-0.03417191654443741,0.6948164701461792
1773449503.4389338,0.9633129239082336,0.6908543109893799,0.9294342994689941,-0.040892016142606735,0.7163907289505005,-0.03470807150006294,0.695634663105011
1773449503.4489975,0.9649034142494202,0.6903712153434753,0.9298595190048218,-0.039960797876119614,0.7139927744865417,-0.005927038844674826,0.6989867091178894
1773449503.4590154,0.9682011008262634,0.6913274526596069,0.9297522306442261,-0.03950988128781319,0.7153688669204712,-0.037039414048194885,0.6966451406478882
1773449503.4689198,0.9707034230232239,0.6914124488830566,0.930225670337677,-0.036886394023895264,0.7127290964126587,-0.025045255199074745,0.7000210285186768
1773449503.4789176,0.9727866053581238,0.6920912265777588,0.9307799339294434,-0.026219768449664116,0.7070187926292419,0.00879615731537342,0.706653892993927
1773449503.48903,0.9755204319953918,0.6919885873794556,0.931223452091217,-0.04586205631494522,0.7134614586830139,-0.025861278176307678,0.6987136006355286
1773449503.4989164,0.9782761335372925,0.6928383111953735,0.9312053322792053,-0.050212036818265915,0.714431881904602,-0.017995890229940414,0.6976689696311951
1773449503.5089178,0.9807542562484741,0.6928612589836121,0.9315457344055176,-0.05639734864234924,0.7153475284576416,-0.010456164367496967,0.6964108347892761
1773449503.5189998,0.9831892251968384,0.6929934024810791,0.9313123226165771,-0.036301273852586746,0.7137210369110107,-0.024906568229198456,0.6990452408790588
1773449503.5290244,0.9861328601837158,0.6940436959266663,0.9314429759979248,-0.04842446371912956,0.7151815295219421,-0.031210165470838547,0.6965605020523071
1773449503.5389051,0.9878186583518982,0.6938146948814392,0.9314042925834656,-0.039313867688179016,0.7134143710136414,-0.02100604958832264,0.6993233561515808
1773449503.5489237,0.990326464176178,0.6947087645530701,0.9311141967773438,-0.03947116434574127,0.716455340385437,-0.03661821782588959,0.6955522894859314
1773449503.5589263,0.9925143718719482,0.6949132680892944,0.9314188957214355,-0.046570248901844025,0.7134391069412231,-0.01742757111787796,0.6989507675170898
1773449503.5690365,0.9947346448898315,0.6956358551979065,0.9309954047203064,-0.04544484242796898,0.7173190116882324,-0.018688103184103966,0.6950101256370544
1773449503.5790167,0.9975373148918152,0.696249783039093,0.9309408664703369,-0.045264724642038345,0.715747594833374,-0.019005008041858673,0.6966313719749451
1773449503.5889037,1.0000770092010498,0.6962262988090515,0.9308963418006897,-0.04726076126098633,0.7172753214836121,-0.016739631071686745,0.694983720779419
1773449503.5989733,1.003066897392273,0.6967729330062866,0.9310126304626465,-0.04817916452884674,0.7199864387512207,-0.033260319381952286,0.6915143132209778
1773449503.6089284,1.0053541660308838,0.6968862414360046,0.9315986037254333,-0.046070583164691925,0.7117184996604919,-0.010204467922449112,0.7008780837059021
1773449503.6189198,1.0077768564224243,0.6969207525253296,0.9317575693130493,-0.053807567805051804,0.7190930247306824,-0.03842451795935631,0.6917611360549927
1773449503.6290379,1.0108968019485474,0.6978054642677307,0.9321101903915405,-0.06089676544070244,0.7148470282554626,-0.017162416130304337,0.6964128613471985
1773449503.638927,1.0132478475570679,0.6981349587440491,0.9323024153709412,-0.0549674853682518,0.7108030319213867,-0.010595343075692654,0.7011601328849792
1773449503.6489177,1.0154645442962646,0.6986371278762817,0.9324133992195129,-0.06423035264015198,0.7146682143211365,-0.018586473539471626,0.6962602734565735
1773449503.6590166,1.017676591873169,0.6993500590324402,0.9324870705604553,-0.05805600807070732,0.7124114632606506,-0.0019105813698843122,0.6993538737297058
1773449503.6690216,1.0200849771499634,0.7005429863929749,0.9322507977485657,-0.060232777148485184,0.7155677676200867,-0.020380578935146332,0.6956431865692139
1773449503.679017,1.0218815803527832,0.7007520198822021,0.932394802570343,-0.057470619678497314,0.7117910385131836,-0.0029046060517430305,0.7000302076339722
1773449503.6890147,1.0240697860717773,0.700992226600647,0.9321772456169128,-0.05327402800321579,0.7183055281639099,-0.03431018814444542,0.6928361654281616
1773449503.6990137,1.0262196063995361,0.7011364102363586,0.9323274493217468,-0.04799869284033775,0.7157279253005981,-0.02379032038152218,0.6963214874267578
1773449503.709016,1.0287039279937744,0.7018040418624878,0.9321221113204956,-0.05143820866942406,0.7180077433586121,-0.027663426473736763,0.6935804486274719
1773449503.7190266,1.0314862728118896,0.7016457319259644,0.9326202273368835,-0.054753296077251434,0.7147814035415649,-0.017902398481965065,0.6969714760780334
1773449503.7290184,1.0340900421142578,0.7016171813011169,0.9329302310943604,-0.04949033260345459,0.7166237831115723,-0.02747098170220852,0.695159375667572
1773449503.7390158,1.036583423614502,0.7015736699104309,0.9334537386894226,-0.0510212704539299,0.7146172523498535,-0.01258083339780569,0.6975390911102295
1773449503.749027,1.0400090217590332,0.7025575041770935,0.9337706565856934,-0.03863896429538727,0.7084895372390747,-0.017901388928294182,0.7044354677200317
1773449503.759017,1.041816234588623,0.7018538117408752,0.9342840909957886,-0.049175746738910675,0.7123612761497498,-0.009208498522639275,0.7000274658203125
1773449503.7690153,1.044378399848938,0.7019479274749756,0.934353232383728,-0.055223822593688965,0.7188146114349365,-0.0309700109064579,0.6923125982284546
1773449503.7790296,1.0477964878082275,0.7032468914985657,0.9340507388114929,-0.06649474054574966,0.7178990840911865,-0.0019100529607385397,0.6929616928100586
1773449503.7890322,1.0496474504470825,0.7040570974349976,0.9339327812194824,-0.07475879788398743,0.7215360999107361,-0.0034671889152377844,0.6883202791213989
1773449503.7989986,1.0519933700561523,0.7032142281532288,0.9343042969703674,-0.05392061918973923,0.7153064608573914,-0.012802551500499249,0.6966099143028259
1773449503.8090248,1.0539127588272095,0.7032275199890137,0.9340490102767944,-0.05235040560364723,0.7174251675605774,-0.02880840376019478,0.6940682530403137
1773449503.8190143,1.056374192237854,0.703602135181427,0.9339673519134521,-0.05191877856850624,0.7150112390518188,-0.015553711913526058,0.6970089077949524
1773449503.8290243,1.0590243339538574,0.7045612335205078,0.9333299398422241,-0.036749448627233505,0.7114294171333313,-0.012970604933798313,0.7016761302947998
1773449503.8390217,1.061398983001709,0.7042928338050842,0.9333489537239075,-0.07200239598751068,0.7216225266456604,0.0026913187466561794,0.6885269284248352
1773449503.8490164,1.0644928216934204,0.7044360637664795,0.9333487153053284,-0.06566116213798523,0.7195956707000732,-0.008867313154041767,0.6912251710891724
1773449503.8590183,1.066701054573059,0.7038045525550842,0.9342482686042786,-0.06748279184103012,0.7144135236740112,-0.007967468351125717,0.6964165568351746
1773449503.8690228,1.0695909261703491,0.7040258049964905,0.934435248374939,-0.05904773250222206,0.714876651763916,-0.017239155247807503,0.6965397000312805
1773449503.8790154,1.072008728981018,0.7031530737876892,0.9350612759590149,-0.05404350906610489,0.7141323089599609,-0.007902040146291256,0.6978767514228821
1773449503.889021,1.074272632598877,0.703177273273468,0.9354050755500793,-0.05108438804745674,0.7178584337234497,-0.026600083336234093,0.6938026547431946
1773449503.8990335,1.0767914056777954,0.7029027342796326,0.9358975291252136,-0.049451787024736404,0.7128541469573975,-0.0061678034253418446,0.6995394825935364
1773449503.9090183,1.0802618265151978,0.7036474943161011,0.936127781867981,-0.040718406438827515,0.7103227972984314,-0.014558069407939911,0.7025465965270996
1773449503.9190202,1.0818322896957397,0.7032837867736816,0.9367680549621582,-0.054716672748327255,0.7097944021224976,0.018759576603770256,0.7020299434661865
1773449503.929003,1.0846341848373413,0.7044048309326172,0.9364833235740662,-0.03908124566078186,0.7098906636238098,-0.011830581352114677,0.7031273245811462
1773449503.9390154,1.086279273033142,0.7036741375923157,0.936845064163208,-0.05549251660704613,0.715576708316803,-0.01934392936527729,0.6960577368736267
1773449503.9490376,1.089294195175171,0.7052986025810242,0.9363625645637512,-0.04144163057208061,0.7092657685279846,-0.005314519163221121,0.7037019729614258
1773449503.9590108,1.0909080505371094,0.7045269012451172,0.9364769458770752,-0.0534711517393589,0.7156983613967896,-0.008733740076422691,0.6963048577308655
1773449503.9689977,1.0948703289031982,0.7064271569252014,0.9359084367752075,-0.06579070538282394,0.7105717062950134,0.009074780158698559,0.700483500957489
1773449503.979018,1.0957045555114746,0.7042285203933716,0.9361811876296997,-0.0497160442173481,0.7147969603538513,-0.01601521298289299,0.6973788142204285
1773449503.98903,1.099046230316162,0.7049469947814941,0.9359598755836487,-0.038165777921676636,0.7126933932304382,-0.020314550027251244,0.7001420259475708
1773449503.9990313,1.1016777753829956,0.7037707567214966,0.9367069005966187,-0.051718857139348984,0.7125340700149536,-0.007453635800629854,0.6996890902519226
1773449504.0090172,1.10390043258667,0.7035093307495117,0.9370276927947998,-0.05058209225535393,0.7148447036743164,-0.01720910519361496,0.697239100933075
1773449504.0190017,1.1063388586044312,0.7029743790626526,0.937484622001648,-0.05581456795334816,0.7139328122138977,-0.011504308320581913,0.6978914737701416
1773449504.0290174,1.1094746589660645,0.7036983370780945,0.9376270771026611,-0.05642237886786461,0.7108055949211121,-0.00280183763243258,0.7011163234710693
1773449504.0390296,1.1115639209747314,0.7034600973129272,0.9380858540534973,-0.060407403856515884,0.7093863487243652,0.013715295121073723,0.7020924687385559
1773449504.0490212,1.1139917373657227,0.7038305997848511,0.9376252889633179,-0.05270112678408623,0.7142053246498108,-0.009014196693897247,0.6978912353515625
1773449504.0589976,1.116175889968872,0.7043879628181458,0.9376531839370728,-0.04462578147649765,0.7127997279167175,-0.01762113720178604,0.6997247338294983
1773449504.0690172,1.118111491203308,0.7054028511047363,0.9377209544181824,-0.05867159739136696,0.7120790481567383,-0.004384793806821108,0.6996297836303711
1773449504.0790045,1.1206899881362915,0.7050732374191284,0.9378101229667664,-0.05063776671886444,0.7126453518867493,-0.014258977957069874,0.6995492577552795
1773449504.0890355,1.1227598190307617,0.7054553627967834,0.9377078413963318,-0.05508800223469734,0.7143503427505493,-0.0040749371983110905,0.6976046562194824
1773449504.0990012,1.1252771615982056,0.7057150602340698,0.9377029538154602,-0.05650821328163147,0.7112976312637329,-0.007060963660478592,0.7005802392959595
1773449504.1190252,1.1310858726501465,0.7056928873062134,0.9381111860275269,-0.06402517855167389,0.708219051361084,0.0044695474207401276,0.7030693888664246
1773449504.1290162,1.1337637901306152,0.7042930722236633,0.9384464621543884,-0.051978714764118195,0.7151563167572021,-0.011401818133890629,0.6969359517097473
1773449504.1390002,1.1369930505752563,0.7045761942863464,0.9386093020439148,-0.037182144820690155,0.708865761756897,-0.014552270993590355,0.7042124271392822
1773449504.1490192,1.1392128467559814,0.7033647894859314,0.9390411972999573,-0.05322953686118126,0.7166656255722046,-0.017650244757533073,0.6951586604118347
1773449504.159011,1.141636610031128,0.70359867811203,0.9393213391304016,-0.050603270530700684,0.7166153788566589,-0.026044508442282677,0.6951428055763245
1773449504.1690197,1.1438175439834595,0.7036967873573303,0.9398126602172852,-0.05487635359168053,0.714767336845398,-0.017370110377669334,0.6969897150993347
1773449504.1790156,1.1463512182235718,0.7046443819999695,0.9399408102035522,-0.0563586950302124,0.716833770275116,-0.01857045479118824,0.6947144865989685
1773449504.1890216,1.147979497909546,0.7050574421882629,0.9398273825645447,-0.051871880888938904,0.7148308157920837,-0.011228122748434544,0.6972805857658386
1773449504.1989965,1.1508697271347046,0.7060509324073792,0.9397578835487366,-0.04836579039692879,0.7157520651817322,-0.024869415909051895,0.6962336897850037
1773449504.208977,1.1523122787475586,0.7061449885368347,0.9401195049285889,-0.06366632878780365,0.7125978469848633,-0.007843288592994213,0.6986339688301086
1773449504.218974,1.1557317972183228,0.7070003747940063,0.9393274188041687,-0.06374920159578323,0.7178724408149719,0.0013743084855377674,0.693248450756073
1773449504.2290308,1.1573219299316406,0.705630898475647,0.939538836479187,-0.048544228076934814,0.7142729759216309,-0.01481286808848381,0.6980245113372803
1773449504.2390296,1.1599582433700562,0.7054741978645325,0.939534068107605,-0.05517571419477463,0.7165660262107849,-0.01217594277113676,0.6952269673347473
1773449504.2490306,1.1627516746520996,0.7050876021385193,0.9399317502975464,-0.045644696801900864,0.7132143974304199,-0.008734435774385929,0.699403703212738
1773449504.2690187,1.1682310104370117,0.7058275938034058,0.9406291842460632,-0.07086123526096344,0.7167260646820068,-0.0013254552613943815,0.6937440037727356
1773449504.2790198,1.1713536977767944,0.7055987119674683,0.9412041306495667,-0.06914596259593964,0.7157482504844666,0.002116234740242362,0.6949236989021301
1773449504.288978,1.173106074333191,0.7049193978309631,0.9418075084686279,-0.05540703609585762,0.7129821181297302,-0.014709974639117718,0.6988348960876465
1773449504.2990475,1.1765990257263184,0.7073337435722351,0.9415425062179565,-0.06856086850166321,0.7066433429718018,0.031501270830631256,0.7035356163978577
1773449504.3091002,1.1790653467178345,0.7064597010612488,0.9418695569038391,-0.07804296910762787,0.712440550327301,0.00994204357266426,0.697308361530304
1773449504.3190868,1.1800904273986816,0.7057466506958008,0.9422093033790588,-0.05724059045314789,0.7131151556968689,-0.0017184460302814841,0.6987041234970093
1773449504.3290892,1.1829538345336914,0.7066085934638977,0.9418964982032776,-0.05430305376648903,0.7104624509811401,-0.004636515863239765,0.7016216516494751
1773449504.339081,1.1846860647201538,0.7066460251808167,0.942287802696228,-0.05544229596853256,0.7100790143013,0.016252031549811363,0.7017477750778198
1773449504.3491066,1.1877119541168213,0.7064561247825623,0.9419776201248169,-0.05307210609316826,0.7143004536628723,-0.01104248408228159,0.6977365016937256
1773449504.3590066,1.1900076866149902,0.70626300573349,0.9421937465667725,-0.05815912410616875,0.711190938949585,-0.017944471910595894,0.7003592252731323
1773449504.3690276,1.1928431987762451,0.7075474262237549,0.9418705105781555,-0.08743367344141006,0.7141621708869934,0.016548505052924156,0.6943010687828064
1773449504.379022,1.1950159072875977,0.7063642144203186,0.942416787147522,-0.06080194562673569,0.7099639177322388,-0.007822219282388687,0.7015649080276489
1773449504.389022,1.1977853775024414,0.7063395977020264,0.9431254863739014,-0.06638793647289276,0.7066675424575806,0.00194064702372998,0.7044217586517334
1773449504.3990207,1.2001564502716064,0.7059394717216492,0.9432457685470581,-0.05146748200058937,0.715276837348938,-0.007938358932733536,0.6968982815742493
1773449504.4090173,1.2033452987670898,0.7072696089744568,0.9434377551078796,-0.07398541271686554,0.7123069167137146,0.01268623024225235,0.6978424787521362
1773449504.4189558,1.2056409120559692,0.7069510817527771,0.9436910152435303,-0.054314129054546356,0.7048370242118835,0.01335052214562893,0.7071609497070312
1773449504.4289408,1.208068609237671,0.7068077921867371,0.9438400268554688,-0.06214462220668793,0.7101121544837952,0.005305437836796045,0.7013206481933594
1773449504.4390414,1.2100272178649902,0.7063659429550171,0.9442498087882996,-0.05660583823919296,0.7094305157661438,-0.005041418597102165,0.7024803757667542
1773449504.4490402,1.21280837059021,0.7067753076553345,0.9440665245056152,-0.058469876646995544,0.709566056728363,-0.003731398144736886,0.7021989226341248
1773449504.459028,1.2150180339813232,0.7064923644065857,0.9443613290786743,-0.06582219898700714,0.7113699316978455,-0.004394712392240763,0.6997150182723999
1773449504.469037,1.2176759243011475,0.7072297930717468,0.9443442225456238,-0.06077980622649193,0.7060281038284302,-0.0009745666175149381,0.7055701613426208
1773449504.4790292,1.2195173501968384,0.7071338295936584,0.9442091584205627,-0.05405758321285248,0.7098361253738403,0.021560395136475563,0.7019584774971008
1773449504.489005,1.2212040424346924,0.7048889398574829,0.9433097839355469,-0.04367531090974808,0.724614679813385,-0.05715147778391838,0.6853902339935303
1773449504.4990108,1.224284291267395,0.7072122693061829,0.9442781209945679,-0.0562463216483593,0.7112061381340027,0.023454982787370682,0.7003370523452759
1773449504.509028,1.2262170314788818,0.7052901983261108,0.9437607526779175,-0.03610672056674957,0.7207556366920471,-0.05766429007053375,0.6898424625396729
1773449504.5190318,1.229565978050232,0.7077450752258301,0.9445055723190308,-0.05546960234642029,0.7107611894607544,-0.010781937278807163,0.7011600732803345
1773449504.5290275,1.2320317029953003,0.707765519618988,0.944799542427063,-0.050657808780670166,0.7100282907485962,-0.00562684889882803,0.7023261785507202
1773449504.5390303,1.2335103750228882,0.7052913308143616,0.9448700547218323,-0.039915937930345535,0.7231135964393616,-0.06296712160110474,0.6866940259933472
1773449504.5490317,1.2375688552856445,0.7086142897605896,0.9453290700912476,-0.07633388042449951,0.7112371921539307,0.016994694247841835,0.6985885500907898
1773449504.5590549,1.2408276796340942,0.708652913570404,0.9450103640556335,-0.08182307332754135,0.7098509669303894,0.02259642258286476,0.6992181539535522
1773449504.5690084,1.242326021194458,0.7067543268203735,0.9453070759773254,-0.05352712422609329,0.7129424214363098,-0.01834893226623535,0.6989358067512512
1773449504.5790043,1.2454396486282349,0.7076215147972107,0.9452076554298401,-0.058551523834466934,0.7084358334541321,0.009080193936824799,0.7032837867736816
1773449504.5890079,1.246528148651123,0.705807089805603,0.9448860883712769,-0.04275977984070778,0.7213671803474426,-0.05443859100341797,0.6890845894813538
1773449504.599008,1.2494072914123535,0.7078489661216736,0.9452807903289795,-0.05721777305006981,0.7130515575408936,-0.005841013975441456,0.6987485289573669
1773449504.6090014,1.25233793258667,0.7086580395698547,0.9451425075531006,-0.05699539557099342,0.7094190716743469,-0.004556279629468918,0.7024639248847961
1773449504.6190388,1.25442373752594,0.7084893584251404,0.945296049118042,-0.0562831275165081,0.7096651196479797,-0.005016414448618889,0.7022695541381836
1773449504.628976,1.2576861381530762,0.7098981142044067,0.9445648193359375,-0.08146963268518448,0.7120647430419922,0.020777467638254166,0.6970615983009338
1773449504.6390295,1.2590436935424805,0.7079635262489319,0.9452490210533142,-0.05108970031142235,0.7081703543663025,0.007412333972752094,0.7041517496109009
1773449504.6490335,1.2611796855926514,0.706912636756897,0.9444218277931213,0.9603365659713745,-0.14014039933681488,-0.03999980539083481,0.2377275675535202
1773449504.659043,1.2637685537338257,0.7058579325675964,0.9448956847190857,-0.04226899892091751,0.7238072752952576,-0.060035623610019684,0.6860846877098083
1773449504.6690373,1.2669432163238525,0.7088350057601929,0.9449215531349182,0.9730203747749329,-0.11624504625797272,-0.026606420055031776,0.19751107692718506
1773449504.679007,1.2694295644760132,0.7060734033584595,0.9455465078353882,0.06105281412601471,-0.7227684855461121,0.03199917823076248,-0.6876440644264221
1773449504.6890368,1.2720698118209839,0.7084202766418457,0.9454938173294067,0.9689923524856567,-0.1280432790517807,-0.028374148532748222,0.20941291749477386
1773449504.69901,1.2749701738357544,0.7060666084289551,0.9460041522979736,-0.04858942702412605,0.7194265723228455,-0.05095324665307999,0.6909907460212708
1773449504.7090023,1.2771226167678833,0.708324670791626,0.9457114934921265,0.9692360758781433,-0.1297050267457962,-0.03166249766945839,0.20677408576011658
1773449504.7190306,1.279844045639038,0.7077003121376038,0.946818470954895,0.054593030363321304,-0.7118536233901978,0.012848223559558392,-0.7000850439071655
1773449504.7290072,1.282005786895752,0.7097797393798828,0.9457813501358032,0.9736596941947937,-0.13002954423427582,-0.02523648738861084,0.18558669090270996
1773449504.739037,1.284371256828308,0.7086968421936035,0.9467778205871582,0.05988723412156105,-0.7131509780883789,0.009011656977236271,-0.6983896493911743
1773449504.7490218,1.2863985300064087,0.7075153589248657,0.9461621046066284,0.025064365938305855,-0.7176344394683838,0.06312620639801025,-0.6931000351905823
1773449504.7590177,1.2896708250045776,0.7101396918296814,0.946444034576416,0.07245774567127228,-0.7122195363044739,-0.010578574612736702,-0.698127031326294
1773449504.769004,1.2914204597473145,0.709624707698822,0.9467195272445679,0.057967815548181534,-0.7123304605484009,0.010105794295668602,-0.6993733048439026
1773449504.7790294,1.2948501110076904,0.7114968299865723,0.946168839931488,0.06832735985517502,-0.7070648074150085,-0.02534375712275505,-0.7033836245536804
1773449504.789031,1.2959429025650024,0.7091692686080933,0.9470779895782471,0.05940063297748566,-0.7105299234390259,-0.006432663183659315,-0.7011258602142334
1773449504.7990348,1.2993252277374268,0.7098566889762878,0.9467480182647705,0.05803888291120529,-0.7057721018791199,-0.02939736284315586,-0.7054453492164612
1773449504.8090346,1.3011530637741089,0.7078191637992859,0.9464979767799377,0.044835589826107025,-0.719161868095398,0.04233010858297348,-0.6921013593673706
1773449504.8190417,1.3048344850540161,0.7086586952209473,0.9468418955802917,0.056835271418094635,-0.7067865133285522,-0.01749168150126934,-0.704923152923584
1773449504.8290298,1.3080461025238037,0.7095038890838623,0.9466808438301086,0.08243601024150848,-0.7116850018501282,-0.012088595889508724,-0.6975404024124146
1773449504.8389723,1.310661792755127,0.7090491652488708,0.9459859728813171,0.05072420462965965,-0.7089003324508667,-0.010239673778414726,-0.703407883644104
1773449504.8490484,1.3127566576004028,0.7085558772087097,0.946174681186676,0.05700206756591797,-0.7136860489845276,0.014162878505885601,-0.6979989409446716
1773449504.8590376,1.3154699802398682,0.7092016935348511,0.9459307789802551,0.05928735062479973,-0.7088546752929688,-0.009933882392942905,-0.7027883529663086
1773449504.8690188,1.317149043083191,0.7092987298965454,0.9460843205451965,0.05625906586647034,-0.7094753384590149,-0.01623913273215294,-0.7022933959960938
1773449504.8790002,1.3201922178268433,0.7099961042404175,0.9458314180374146,0.05921889469027519,-0.7096819281578064,-0.0038061204832047224,-0.702018678188324
1773449504.889015,1.3218629360198975,0.7098692059516907,0.9463480710983276,0.05587228387594223,-0.7098448276519775,-0.011379683390259743,-0.7020463943481445
1773449504.8990324,1.3239001035690308,0.708290159702301,0.9457874298095703,0.04063369333744049,-0.7236087322235107,0.09086450189352036,-0.6829955577850342
1773449504.9090314,1.3269630670547485,0.7105400562286377,0.9470282196998596,0.07502137869596481,-0.712387204170227,-0.02230812795460224,-0.6974084973335266
1773449504.919026,1.326602578163147,0.7025288343429565,0.9471058249473572,-0.0860196053981781,-0.7062183618545532,0.1078563705086708,-0.6944230794906616
1773449504.9290178,1.3318651914596558,0.7092535495758057,0.9481536149978638,0.05294323340058327,-0.7092649936676025,-0.01022427435964346,-0.7028768062591553
1773449504.9390557,1.3349411487579346,0.7102689146995544,0.9484574794769287,0.08215401321649551,-0.7093421816825867,-0.028578829020261765,-0.6994767785072327
1773449504.9490352,1.3370498418807983,0.7087612152099609,0.9485971331596375,0.05057290568947792,-0.7090325355529785,-0.0031556973699480295,-0.7033529281616211
1773449504.9590378,1.3403215408325195,0.7090402245521545,0.9484964609146118,0.05288177356123924,-0.706946611404419,-0.013802130706608295,-0.705152153968811
1773449504.9690313,1.3424618244171143,0.7071791291236877,0.947757363319397,0.056770384311676025,-0.7188103199005127,0.02335404045879841,-0.692490816116333
1773449504.9790335,1.3432399034500122,0.702612578868866,0.9474383592605591,-0.07250510156154633,-0.7100739479064941,0.12068638205528259,-0.6899077892303467
1773449504.9890068,1.3481519222259521,0.7094032168388367,0.9473847150802612,0.052501533180475235,-0.7121328711509705,0.016553957015275955,-0.6998831033706665
1773449504.9989989,1.3505101203918457,0.7097768783569336,0.947024405002594,0.07254783809185028,-0.7175908088684082,0.01028380636125803,-0.6925997734069824
1773449505.009009,1.353017807006836,0.7101359963417053,0.9469212293624878,0.06078212708234787,-0.7052170634269714,-0.0259966142475605,-0.7059026956558228
1773449505.0190449,1.3545194864273071,0.7099242210388184,0.9469671845436096,0.056211620569229126,-0.7126343250274658,-0.007987673394382,-0.6992344856262207
1773449505.0290093,1.3575729131698608,0.7107430696487427,0.9469429850578308,0.0612766295671463,-0.705165445804596,-0.023282913491129875,-0.7060062289237976
1773449505.0390346,1.3597002029418945,0.7105369567871094,0.947019636631012,0.056605663150548935,-0.7130729556083679,0.015837080776691437,-0.6986215114593506
1773449505.0490332,1.3626282215118408,0.7112858891487122,0.9473736882209778,0.0763208195567131,-0.7098522186279297,-0.0203388798981905,-0.6999081373214722
1773449505.058998,1.3648675680160522,0.7111250162124634,0.9478393793106079,0.06748849153518677,-0.7080530524253845,0.006216458976268768,-0.7028994560241699
1773449505.069034,1.3665457963943481,0.7087463736534119,0.9478502869606018,0.05438793823122978,-0.7187160849571228,0.03351552411913872,-0.6923625469207764
1773449505.0790095,1.3697086572647095,0.710083544254303,0.9482564330101013,0.05850544199347496,-0.7134085297584534,0.010446674190461636,-0.6982236504554749
1773449505.0890422,1.372361183166504,0.7096508145332336,0.948310136795044,0.04302714020013809,-0.7116275429725647,0.02483774721622467,-0.7007981538772583
1773449505.0990155,1.3752168416976929,0.7102642059326172,0.9482512474060059,0.05792940407991409,-0.7118980288505554,0.01950828917324543,-0.6996176242828369
1773449505.109008,1.377036213874817,0.7090392708778381,0.9478031396865845,0.05965553969144821,-0.7195092439651489,0.04641324281692505,-0.6903576254844666
1773449505.119008,1.3792778253555298,0.7098096609115601,0.9475692510604858,0.06010538712143898,-0.7211389541625977,0.044295549392700195,-0.6887552738189697
1773449505.129017,1.3816494941711426,0.7113587856292725,0.9481939077377319,0.06946025043725967,-0.7092541456222534,-0.007624328602105379,-0.7014811635017395
1773449505.13901,1.383682370185852,0.7097848057746887,0.9477387070655823,0.05823996663093567,-0.7144927382469177,0.030820131301879883,-0.6965330839157104
1773449505.149025,1.3866990804672241,0.7115581631660461,0.9477197527885437,0.060397353023290634,-0.7113524675369263,0.016160253435373306,-0.700049102306366
1773449505.1590276,1.388808250427246,0.7116840481758118,0.9478195905685425,0.06277237832546234,-0.7103806734085083,-0.004251616541296244,-0.7009999752044678
1773449505.169034,1.391486644744873,0.7119156122207642,0.9477165937423706,0.05840662494301796,-0.7116122245788574,0.015298510901629925,-0.6999732851982117
1773449505.1790295,1.3933237791061401,0.7098902463912964,0.9474038481712341,0.03878891468048096,-0.7146533727645874,0.048710670322179794,-0.69670170545578
1773449505.1890144,1.3967368602752686,0.71234130859375,0.9477733969688416,0.06105206534266472,-0.7132689952850342,0.023396063596010208,-0.697834312915802
1773449505.1990051,1.3983919620513916,0.7105541229248047,0.9477488398551941,0.04499959945678711,-0.7197958827018738,0.05267573148012161,-0.6907201409339905
1773449505.2090347,1.4012401103973389,0.7107879519462585,0.9477916955947876,0.05576660484075546,-0.721233606338501,0.05854518711566925,-0.6879568099975586
1773449505.219071,1.4047163724899292,0.7130217552185059,0.9479219317436218,0.06499087065458298,-0.7104943990707397,-0.007843333296477795,-0.7006514668464661
1773449505.2290418,1.4067059755325317,0.7125768661499023,0.9481021165847778,0.05901702120900154,-0.7117019295692444,0.019344449043273926,-0.6997308731079102
1773449505.2390246,1.4089003801345825,0.712661862373352,0.947969377040863,0.05181005969643593,-0.7137842774391174,0.021922176703810692,-0.6981025338172913
1773449505.2490208,1.4116005897521973,0.7142466902732849,0.9477214217185974,0.06639599800109863,-0.7102447152137756,-0.0019276977982372046,-0.7008141279220581
1773449505.2590196,1.4135997295379639,0.7139776349067688,0.947769284248352,0.05889282748103142,-0.7111743092536926,0.015841539949178696,-0.7003654837608337
1773449505.2690191,1.4151949882507324,0.7124641537666321,0.9473128318786621,0.0631459429860115,-0.7203867435455322,0.03532055765390396,-0.6897883415222168
1773449505.2790031,1.4182459115982056,0.7141368389129639,0.9478600025177002,0.06183097884058952,-0.7119773030281067,0.012615700252354145,-0.6993612051010132
1773449505.2890213,1.4199695587158203,0.711836576461792,0.9480078816413879,0.039927463978528976,-0.7159942388534546,0.04768410697579384,-0.6953303813934326
1773449505.2990122,1.4230374097824097,0.7142978310585022,0.9485628604888916,0.062304165214300156,-0.7138873934745789,0.01598992943763733,-0.6973000168800354
1773449505.3090012,1.4251896142959595,0.7147815227508545,0.9488731622695923,0.052767883986234665,-0.7104704976081848,0.0012288610450923443,-0.7017449140548706
1773449505.3190362,1.4279394149780273,0.7162022590637207,0.9488304257392883,0.061721429228782654,-0.7064657807350159,-0.02628033049404621,-0.7045609354972839
1773449505.3290284,1.4295350313186646,0.7158965468406677,0.9497035145759583,0.06234864518046379,-0.7092476487159729,-0.0015550382668152452,-0.7021951675415039
1773449505.339016,1.4324452877044678,0.7169391512870789,0.9493699669837952,0.0602303221821785,-0.7061012983322144,-0.02201383374631405,-0.7052012085914612
1773449505.3489785,1.434525728225708,0.7168213129043579,0.9494665265083313,0.06520411372184753,-0.7119868993759155,0.013040531426668167,-0.6990371942520142
1773449505.3590965,1.4360824823379517,0.7154754996299744,0.948768138885498,0.053183890879154205,-0.7226336598396301,0.06190146505832672,-0.6863966584205627
1773449505.36909,1.4390332698822021,0.7183741927146912,0.9491282105445862,0.05948701873421669,-0.7101604342460632,0.008114894852042198,-0.7014753222465515
1773449505.3790905,1.4409981966018677,0.719130277633667,0.9490036368370056,0.07111842930316925,-0.7137409448623657,0.014765764586627483,-0.6966334581375122
1773449505.3890712,1.4428129196166992,0.7194972634315491,0.9484748244285583,0.05316886678338051,-0.7119104266166687,0.012463799677789211,-0.7001438736915588
1773449505.3990698,1.4447473287582397,0.719965934753418,0.9483432769775391,0.06588872522115707,-0.7121949791908264,-0.001834713388234377,-0.6988803744316101
1773449505.4090264,1.4475741386413574,0.7215627431869507,0.9480296969413757,0.06100558489561081,-0.7077856659889221,-0.00754932314157486,-0.7037476897239685
1773449505.4190292,1.4486024379730225,0.7213872671127319,0.9485278129577637,0.06401430815458298,-0.7121402621269226,-0.005193239543586969,-0.6990934014320374
1773449505.4290056,1.4512988328933716,0.7229268550872803,0.948560357093811,0.06521956622600555,-0.7099905610084534,-0.003409262979403138,-0.7011763453483582
1773449505.4390197,1.4526268243789673,0.7234314680099487,0.9489768147468567,0.06052674725651741,-0.7102214097976685,-0.008176722563803196,-0.7013239860534668
1773449505.4490092,1.4543198347091675,0.7231504321098328,0.9491091370582581,0.05618973821401596,-0.7182910442352295,0.04390716180205345,-0.692078709602356
1773449505.459034,1.4565430879592896,0.7260115742683411,0.9497584700584412,0.061574939638376236,-0.7109283804893494,0.006289403419941664,-0.7005354762077332
1773449505.4690185,1.4587690830230713,0.7270734906196594,0.9501872062683105,0.06701822578907013,-0.7079360485076904,-0.013651625253260136,-0.7029571533203125
1773449505.4790184,1.460073709487915,0.727349042892456,0.9505159854888916,0.06889697909355164,-0.7075490355491638,-0.010167505592107773,-0.703224241733551
1773449505.4890354,1.4617972373962402,0.728295087814331,0.9503729343414307,0.06818626821041107,-0.7122604250907898,0.00826992653310299,-0.6985466480255127
1773449505.4990373,1.463297963142395,0.7296661138534546,0.950648844242096,0.06447344273328781,-0.7075023651123047,-0.012087641283869743,-0.7036600708961487
1773449505.5090039,1.4648404121398926,0.7309749126434326,0.9503622651100159,0.06330575793981552,-0.7102487087249756,0.005595043301582336,-0.7010762691497803
1773449505.5190063,1.4669697284698486,0.7331318855285645,0.9498088359832764,0.06404927372932434,-0.7034001350402832,-0.03905162587761879,-0.706824541091919
1773449505.5390058,1.470206618309021,0.7342449426651001,0.9496790170669556,0.06999213993549347,-0.7138051390647888,0.01126506831496954,-0.6967471241950989
1773449505.5489419,1.4718369245529175,0.7352322936058044,0.949783205986023,0.0653982162475586,-0.7098228335380554,0.004609087482094765,-0.7013226747512817
1773449505.5590022,1.4736993312835693,0.7371299266815186,0.9500462412834167,0.08082751929759979,-0.7106140851974487,0.0017803260125219822,-0.6989216804504395
1773449505.5690231,1.4752808809280396,0.7393954396247864,0.949852705001831,0.06303899735212326,-0.7033712863922119,-0.026329319924116135,-0.7075322270393372
1773449505.5790243,1.476568341255188,0.7398526072502136,0.9503201842308044,0.07344353199005127,-0.7112588286399841,0.0037092489656060934,-0.699073076248169
1773449505.5890312,1.4778454303741455,0.7411283254623413,0.9505996108055115,0.06678467988967896,-0.7089651823043823,0.0005541632999666035,-0.7020740509033203
1773449505.5990207,1.4793285131454468,0.7424131631851196,0.9507047533988953,0.07075104117393494,-0.7111560702323914,0.008135275915265083,-0.699417769908905
1773449505.6090198,1.480571985244751,0.7438588738441467,0.9504081606864929,0.06275482475757599,-0.7080258131027222,-0.001275344635359943,-0.7033916115760803
1773449505.6190157,1.4827980995178223,0.746310293674469,0.950210690498352,0.08470172435045242,-0.7078290581703186,-0.024889525026082993,-0.7008453011512756
1773449505.6390343,1.4845960140228271,0.7486230134963989,0.9506986737251282,0.0780792161822319,-0.7083424925804138,-0.005555403884500265,-0.7015153765678406
1773449505.6490252,1.4861518144607544,0.7515546679496765,0.9500423073768616,0.07374949753284454,-0.7039651870727539,-0.03446275740861893,-0.7055539488792419
1773449505.6589546,1.4869526624679565,0.7522192001342773,0.9502102136611938,0.0788838192820549,-0.708942711353302,-0.012302217073738575,-0.7007326483726501
1773449505.6690242,1.4883514642715454,0.7538949847221375,0.9501256942749023,0.07676659524440765,-0.7098560929298401,-0.007261205464601517,-0.7001132369041443
1773449505.6790063,1.4897953271865845,0.7556828856468201,0.9503564834594727,0.08232608437538147,-0.70982825756073,0.002387624466791749,-0.6995431780815125
1773449505.6890194,1.4909603595733643,0.757264256477356,0.9506728053092957,0.08223138004541397,-0.7080860137939453,-0.010532340034842491,-0.7012426853179932
1773449505.6990192,1.4920568466186523,0.7592432498931885,0.950747013092041,0.08333439379930496,-0.7114582657814026,-0.003860814729705453,-0.6977590918540955
1773449505.7090044,1.493216633796692,0.7609233260154724,0.9511519074440002,0.08779960125684738,-0.7102038860321045,-0.015028467401862144,-0.6983378529548645
1773449505.719001,1.4943878650665283,0.7627931833267212,0.9513515830039978,0.08757181465625763,-0.7090076804161072,-0.007184789516031742,-0.6997054219245911
1773449505.7290237,1.4953607320785522,0.764719545841217,0.9513126611709595,0.099083811044693,-0.7092995643615723,-0.03429201990365982,-0.6970657110214233
1773449505.7390196,1.496455430984497,0.766838788986206,0.9511697292327881,0.09655643999576569,-0.7121508717536926,-0.01446568127721548,-0.6952041387557983
1773449505.749037,1.4972082376480103,0.7682193517684937,0.9515875577926636,0.08957404643297195,-0.7061772346496582,-0.02509704977273941,-0.7018976807594299
1773449505.7590084,1.4985169172286987,0.7715091109275818,0.9506745934486389,0.08853012323379517,-0.7094309329986572,-0.018756145611405373,-0.6989409327507019
1773449505.7690265,1.4994189739227295,0.7729901075363159,0.950904905796051,0.11276928335428238,-0.7092523574829102,-0.04966241493821144,-0.6941022276878357
1773449505.7790058,1.5001929998397827,0.7738050818443298,0.9509801864624023,0.10015071928501129,-0.7112497687339783,-0.018831176683306694,-0.6955136060714722
1773449505.7890236,1.5011447668075562,0.775135338306427,0.9509337544441223,0.09759396314620972,-0.7097141742706299,-0.029413064941763878,-0.6970768570899963
1773449505.799005,1.502773642539978,0.7771953344345093,0.9504235982894897,0.08803714066743851,-0.7067047953605652,-0.030858295038342476,-0.7013312578201294
1773449505.8090413,1.5040779113769531,0.7791464924812317,0.950445830821991,0.11440929770469666,-0.7102128267288208,-0.04846332594752312,-0.6929354667663574
1773449505.819035,1.5048210620880127,0.7806746363639832,0.9506127834320068,0.1144445389509201,-0.7104014158248901,-0.0462581105530262,-0.6928871870040894
1773449505.8390167,1.506415605545044,0.784460186958313,0.9509466886520386,0.10782792419195175,-0.7096085548400879,-0.04727289825677872,-0.694689929485321
1773449505.8490415,1.507152795791626,0.7859828472137451,0.9511961936950684,0.1086592748761177,-0.7114291787147522,-0.03242214769124985,-0.6935492753982544
1773449505.8689451,1.5091625452041626,0.7887083292007446,0.951056718826294,0.0800957977771759,-0.7023252248764038,-0.05129107087850571,-0.705473780632019
1773449505.8790214,1.5101979970932007,0.7895867824554443,0.9514510035514832,0.10545018315315247,-0.7137870192527771,-0.0369270034134388,-0.6913933753967285
1773449505.889021,1.5111345052719116,0.7912704944610596,0.9517908096313477,0.1055421307682991,-0.710224986076355,-0.039907924830913544,-0.6948732137680054
1773449505.8990033,1.511465072631836,0.7928080558776855,0.9518803954124451,0.10314600169658661,-0.7096565365791321,-0.04286108911037445,-0.6956374645233154
1773449505.909003,1.5132105350494385,0.7952457070350647,0.9514618515968323,0.10942600667476654,-0.7111467123031616,-0.024102235212922096,-0.6940572261810303
1773449505.919025,1.5136103630065918,0.795753002166748,0.9513931274414062,0.08225630223751068,-0.7056168913841248,-0.0381246916949749,-0.7027696967124939
1773449505.9290042,1.513197898864746,0.794970691204071,0.9517099857330322,0.07853451371192932,-0.7146130204200745,0.0050269183702766895,-0.6950793862342834
1773449505.9390342,1.5141593217849731,0.796909511089325,0.9513921737670898,0.08371680974960327,-0.72042316198349,0.022030189633369446,-0.6881109476089478
1773449505.949013,1.5156896114349365,0.8002767562866211,0.9518728852272034,0.09509368985891342,-0.708919107913971,-0.03446612134575844,-0.6979992985725403
1773449505.9590259,1.5150787830352783,0.8006965517997742,0.9517778754234314,-0.9616305828094482,0.10671500116586685,0.030746154487133026,-0.2508651912212372
1773449505.9690266,1.5160231590270996,0.8029963374137878,0.9521952867507935,0.08632086962461472,-0.7145715951919556,-0.0021626970265060663,-0.6942128539085388
1773449505.9790227,1.515973687171936,0.8040722012519836,0.9526904225349426,-0.9677478075027466,0.10096071660518646,0.021501503884792328,-0.22980190813541412
1773449505.9890187,1.517759084701538,0.8083890080451965,0.9524914026260376,-0.09256083518266678,0.7060083150863647,0.039338547736406326,0.7010259032249451
1773449505.9990253,1.5170361995697021,0.8103419542312622,0.9522551894187927,0.9778256416320801,-0.052675724029541016,-0.016367515549063683,0.20202581584453583
1773449506.0090256,1.5183724164962769,0.8119995594024658,0.952793538570404,0.10524778813123703,-0.7092810869216919,-0.035960935056209564,-0.6960963606834412
1773449506.019014,1.518211007118225,0.8119868636131287,0.95230633020401,-0.9643056988716125,0.07494080811738968,0.02997930534183979,-0.25218987464904785
1773449506.0290406,1.5197566747665405,0.8160178065299988,0.952413022518158,0.12132275849580765,-0.7107075452804565,-0.044290415942668915,-0.6915302276611328
1773449506.039017,1.5198800563812256,0.8187240362167358,0.9513038396835327,-0.974186360836029,0.04129570722579956,0.01985291950404644,-0.22104643285274506
1773449506.0489485,1.5203851461410522,0.818989634513855,0.9524699449539185,0.11193238198757172,-0.7088214159011841,-0.041709356009960175,-0.6952005624771118
1773449506.0590131,1.5202288627624512,0.8215870261192322,0.9515753388404846,-0.9760302901268005,0.04499124363064766,0.016182316467165947,-0.21231812238693237
1773449506.0689456,1.5213147401809692,0.8228877782821655,0.9522997736930847,0.11636354774236679,-0.7092252373695374,-0.03599536418914795,-0.6943799257278442
1773449506.079019,1.5214262008666992,0.8268498778343201,0.9513472318649292,-0.9799713492393494,0.022302711382508278,0.0076669966802001,-0.197737455368042
1773449506.0890214,1.5226726531982422,0.8277819156646729,0.9518457651138306,-0.12448566406965256,0.7040655612945557,0.08078230172395706,0.6944561004638672
1773449506.0990243,1.5216004848480225,0.8298894762992859,0.9513664841651917,0.9744238257408142,-0.032766085118055344,-0.018116816878318787,0.221576988697052
1773449506.1090074,1.5221134424209595,0.8287684321403503,0.9521744251251221,0.9648973345756531,-0.06380956619977951,-0.02309511788189411,0.2537088096141815
1773449506.1190028,1.5234407186508179,0.8322586417198181,0.9523328542709351,-0.11580542474985123,0.7009052038192749,0.07144269347190857,0.7001549601554871
1773449506.1289992,1.5242998600006104,0.8337866067886353,0.9521533250808716,-0.1399112194776535,0.7087724208831787,0.07205895334482193,0.6876583099365234
1773449506.1390243,1.524388313293457,0.8350388407707214,0.9527887105941772,-0.11864926666021347,0.7016658782958984,0.07447968423366547,0.6985986828804016
1773449506.1490517,1.5244498252868652,0.8369705677032471,0.9523406028747559,-0.1295357346534729,0.7029571533203125,0.07200754433870316,0.6956197023391724
1773449506.1590378,1.5246738195419312,0.8392031192779541,0.9522007703781128,-0.14078547060489655,0.7039194107055664,0.08281856775283813,0.6912438869476318
1773449506.169037,1.5242644548416138,0.8393980860710144,0.9518803954124451,-0.9680523872375488,0.05188557878136635,0.014927247539162636,-0.24486681818962097
1773449506.1790044,1.5242778062820435,0.8409487009048462,0.9518989324569702,-0.9641819000244141,0.060480013489723206,0.018151938915252686,-0.257616251707077
1773449506.1890266,1.5255651473999023,0.8437621593475342,0.951620876789093,-0.1450965255498886,0.7034168839454651,0.08789500594139099,0.6902363300323486
1773449506.1990047,1.5255080461502075,0.8465478420257568,0.9513258337974548,-0.9813511371612549,-0.00975570548325777,0.002209635451436043,-0.19196341931819916
1773449506.2090242,1.526475429534912,0.8468056321144104,0.9516609311103821,0.13984204828739166,-0.7005112767219543,-0.08749066293239594,-0.6943151354789734
1773449506.2190878,1.5267006158828735,0.8476629257202148,0.9515694379806519,0.14295066893100739,-0.7038541436195374,-0.07927992194890976,-0.6912808418273926
1773449506.229098,1.5269297361373901,0.8493221998214722,0.9520986676216125,0.15234674513339996,-0.7020218372344971,-0.09862915426492691,-0.6886422634124756
1773449506.2390785,1.5258747339248657,0.8479213714599609,0.9521389007568359,0.9680702090263367,-0.04151678830385208,-0.015013789758086205,0.24676094949245453
1773449506.2491038,1.5276851654052734,0.8528079986572266,0.9518104195594788,0.15845705568790436,-0.7021384835243225,-0.10830739885568619,-0.6856839060783386
1773449506.259101,1.5264986753463745,0.854541540145874,0.9517191052436829,-0.9791299104690552,-0.028211252763867378,0.0056319935247302055,-0.20118896663188934
1773449506.2690153,1.5272765159606934,0.8553016781806946,0.9525726437568665,0.15985073149204254,-0.700790286064148,-0.10724347829818726,-0.6869058012962341
1773449506.2790046,1.52782142162323,0.8566336631774902,0.9519270658493042,0.14873558282852173,-0.7039753794670105,-0.08105501532554626,-0.6897292733192444
1773449506.2890184,1.5279247760772705,0.8578574061393738,0.9525754451751709,0.14950640499591827,-0.6947983503341675,-0.11454559862613678,-0.6941055059432983
1773449506.2990174,1.5286166667938232,0.8598024845123291,0.9526342153549194,0.15660642087459564,-0.6984392404556274,-0.09725146740674973,-0.6915196180343628
1773449506.3090405,1.5288565158843994,0.8604360222816467,0.9522494077682495,0.157187819480896,-0.6979138851165771,-0.1135571300983429,-0.6894294619560242
1773449506.319001,1.5288115739822388,0.8611100316047668,0.9528927206993103,0.1678251177072525,-0.6997527480125427,-0.10726705193519592,-0.6860573887825012
1773449506.3290105,1.5295896530151367,0.8628288507461548,0.9520868062973022,0.16294428706169128,-0.6963253021240234,-0.11835839599370956,-0.688891589641571
1773449506.339005,1.5291510820388794,0.8637506365776062,0.9517899751663208,0.14664971828460693,-0.6953891515731812,-0.10896720737218857,-0.6950209140777588
1773449506.3490224,1.5291575193405151,0.8650431632995605,0.9518118500709534,0.1508229672908783,-0.6923998594284058,-0.11945611238479614,-0.6953884959220886
1773449506.3590074,1.5292004346847534,0.866334855556488,0.9513881802558899,0.16344960033893585,-0.6967573761940002,-0.11827956885099411,-0.6883482933044434
1773449506.3690288,1.5292350053787231,0.8670182228088379,0.9513283371925354,0.17450658977031708,-0.6983146071434021,-0.12040315568447113,-0.6836718916893005
1773449506.3790236,1.5295735597610474,0.8681134581565857,0.9510749578475952,0.16532354056835175,-0.6953506469726562,-0.12111099064350128,-0.6888307929039001
1773449506.3890219,1.5300977230072021,0.8689411282539368,0.9509831666946411,0.1686697155237198,-0.6965748071670532,-0.11853602528572083,-0.687228798866272
1773449506.3990426,1.529924988746643,0.8693260550498962,0.9510073065757751,0.15557914972305298,-0.6947411298751831,-0.11603012681007385,-0.692579984664917
1773449506.4090962,1.5303822755813599,0.8704720735549927,0.9509438872337341,0.17081719636917114,-0.6979517340660095,-0.11868587881326675,-0.6852726936340332
1773449506.4190753,1.5301412343978882,0.8708106875419617,0.9510061144828796,0.1790810525417328,-0.6967319846153259,-0.1268816739320755,-0.6829316020011902
1773449506.429087,1.528956413269043,0.8693602681159973,0.9512284398078918,0.9707557559013367,0.005437860265374184,-0.004663444589823484,0.2399623543024063
1773449506.4390275,1.5298911333084106,0.8726878762245178,0.9506009817123413,0.17854157090187073,-0.6965565085411072,-0.12663915753364563,-0.683296799659729
1773449506.4489973,1.5299113988876343,0.8735975027084351,0.9503698945045471,0.1793915033340454,-0.6976907849311829,-0.12070168554782867,-0.6829915046691895
1773449506.4590323,1.5299400091171265,0.8747317790985107,0.9502338767051697,0.17109373211860657,-0.6951761245727539,-0.1237444207072258,-0.6871276497840881
1773449506.4689443,1.52994704246521,0.8750941157341003,0.9503515362739563,0.1625349521636963,-0.6947793960571289,-0.1110057458281517,-0.6917670965194702
1773449506.4790056,1.529900074005127,0.8755144476890564,0.9504745006561279,0.16287840902805328,-0.6918623447418213,-0.12431835383176804,-0.6923453211784363
1773449506.489018,1.5300014019012451,0.8765107989311218,0.9502041339874268,0.17621050775051117,-0.6941059827804565,-0.13262911140918732,-0.6852564215660095
1773449506.4990258,1.5299994945526123,0.8769649267196655,0.9502391815185547,0.17973126471042633,-0.6936095356941223,-0.1338355839252472,-0.6846098303794861
1773449506.509025,1.5299291610717773,0.8774990439414978,0.9502695202827454,0.17708903551101685,-0.693495512008667,-0.1335058957338333,-0.6854776740074158
1773449506.5190222,1.5298506021499634,0.878021240234375,0.950434148311615,0.17979520559310913,-0.6931936144828796,-0.13443471491336823,-0.6848968267440796
1773449506.5290408,1.5295546054840088,0.8777613639831543,0.951005220413208,0.18734310567378998,-0.6962719559669495,-0.12571579217910767,-0.6813982129096985
1773449506.539011,1.5295618772506714,0.8784449100494385,0.9510771036148071,0.17914152145385742,-0.6934629678726196,-0.12993744015693665,-0.6856630444526672
1773449506.5490057,1.5293588638305664,0.8789852261543274,0.9512943029403687,0.17971274256706238,-0.6929163932800293,-0.1306675523519516,-0.6859272718429565
1773449506.5590296,1.5293078422546387,0.8793083429336548,0.951420783996582,0.18093623220920563,-0.6928197145462036,-0.12935103476047516,-0.6859528422355652
1773449506.569078,1.5292353630065918,0.8798263669013977,0.9514116048812866,0.18113620579242706,-0.6922231912612915,-0.1354236900806427,-0.6853300333023071
1773449506.5790284,1.5291645526885986,0.8801568150520325,0.9515289664268494,0.18127161264419556,-0.6918639540672302,-0.13656994700431824,-0.6854294538497925
1773449506.589021,1.5289498567581177,0.8807029128074646,0.9515345692634583,0.1815061718225479,-0.6910630464553833,-0.14019981026649475,-0.6854425072669983
1773449506.5990267,1.5287898778915405,0.880922257900238,0.9514914751052856,0.18327762186527252,-0.6924382448196411,-0.1310500204563141,-0.6853936910629272
1773449506.6090333,1.52867591381073,0.8815017938613892,0.9512483477592468,0.18436680734157562,-0.6907233595848083,-0.1394694745540619,-0.6851704120635986
1773449506.6190279,1.528510332107544,0.8817234635353088,0.9510415196418762,0.1876702457666397,-0.6900051236152649,-0.1407879739999771,-0.6847273707389832
1773449506.629043,1.5283197164535522,0.8818594813346863,0.9507142305374146,0.1862938553094864,-0.6907391548156738,-0.13827158510684967,-0.6848759055137634
1773449506.639025,1.5281994342803955,0.8819279670715332,0.9507251381874084,0.18747857213020325,-0.6910325288772583,-0.1355566382408142,-0.6847994327545166
1773449506.6490223,1.5280708074569702,0.8822953701019287,0.9505360722541809,0.18919037282466888,-0.6902711391448975,-0.1402658224105835,-0.684147834777832
1773449506.6590269,1.528130292892456,0.8824952244758606,0.950259804725647,0.1888745129108429,-0.6911163926124573,-0.14503434300422668,-0.6823852062225342
1773449506.6690245,1.5280506610870361,0.8826228380203247,0.9501896500587463,0.18968848884105682,-0.6905696988105774,-0.1468096673488617,-0.68233323097229
1773449506.6790366,1.5279995203018188,0.8826897740364075,0.9501546621322632,0.1899588406085968,-0.6906956434249878,-0.14709873497486115,-0.6820683479309082
1773449506.6889975,1.5278693437576294,0.8827082514762878,0.9501916170120239,0.188987135887146,-0.6904294490814209,-0.14659777283668518,-0.6827152371406555
1773449506.6990244,1.5277395248413086,0.8828134536743164,0.9502109885215759,0.19022567570209503,-0.6901443004608154,-0.14682422578334808,-0.6826110482215881
1773449506.7090144,1.5273691415786743,0.8829087615013123,0.9503650069236755,0.18913568556308746,-0.6888396739959717,-0.14940014481544495,-0.6836718916893005
1773449506.7190096,1.5270830392837524,0.8829262256622314,0.9503704309463501,0.19034337997436523,-0.6892828941345215,-0.1507856696844101,-0.6825850009918213
1773449506.7290025,1.526902198791504,0.8829432725906372,0.9504354596138,0.190796360373497,-0.6897485852241516,-0.1489056497812271,-0.6824008226394653
1773449506.7390049,1.5268244743347168,0.8827743530273438,0.9506361484527588,0.19196639955043793,-0.6902823448181152,-0.14292402565479279,-0.6828117370605469
1773449506.7490242,1.526572823524475,0.8826071619987488,0.9508174061775208,0.182770237326622,-0.6874346137046814,-0.14547215402126312,-0.6876529455184937
1773449506.759004,1.5264798402786255,0.8825817704200745,0.9509715437889099,0.1835794895887375,-0.6874471306800842,-0.14543308317661285,-0.6874330639839172
1773449506.7689412,1.526537299156189,0.882932186126709,0.9509088397026062,0.1929001361131668,-0.6895233988761902,-0.15120020508766174,-0.6815318465232849
1773449506.7790246,1.526361107826233,0.8830137848854065,0.9510228037834167,0.19568827748298645,-0.688554048538208,-0.1525253802537918,-0.68142169713974
1773449506.7890048,1.5261508226394653,0.8830987811088562,0.9510695934295654,0.19609947502613068,-0.6881852149963379,-0.1519242525100708,-0.6818102598190308
1773449506.7990015,1.5259398221969604,0.8834839463233948,0.9508452415466309,0.19142423570156097,-0.6868011951446533,-0.15594355762004852,-0.6836245656013489
1773449506.8090284,1.5256801843643188,0.8837108016014099,0.9509194493293762,0.19451498985290527,-0.6862308979034424,-0.15953339636325836,-0.6824955940246582
1773449506.8190227,1.5255154371261597,0.883893609046936,0.9507825374603271,0.19562917947769165,-0.6855544447898865,-0.15920719504356384,-0.68293297290802
1773449506.829,1.5252524614334106,0.8836247324943542,0.9508563876152039,0.18773037195205688,-0.6825478076934814,-0.1575927436351776,-0.6885131597518921
1773449506.8389485,1.5251752138137817,0.8836610317230225,0.9508360028266907,0.18932917714118958,-0.6824184060096741,-0.1587120145559311,-0.6879463195800781
1773449506.8490238,1.5248956680297852,0.8839308023452759,0.9508973956108093,0.1914556473493576,-0.6821170449256897,-0.16531065106391907,-0.6861003041267395
1773449506.8590236,1.5251563787460327,0.8842843770980835,0.9505047798156738,0.20276103913784027,-0.6839548349380493,-0.167851984500885,-0.6803818941116333
1773449506.8690317,1.5252854824066162,0.8844636082649231,0.9503961205482483,0.20435871183872223,-0.6809841990470886,-0.17414239048957825,-0.681302011013031
1773449506.8790243,1.5250952243804932,0.8842726349830627,0.9502123594284058,0.20603720843791962,-0.6829805374145508,-0.171810120344162,-0.6793876886367798
1773449506.8890302,1.5251466035842896,0.8840480446815491,0.950037956237793,0.20658572018146515,-0.6830177307128906,-0.16671019792556763,-0.6804535388946533
1773449506.8990242,1.524849772453308,0.8842456936836243,0.949975848197937,0.20692266523838043,-0.6827237010002136,-0.17085756361484528,-0.6796169281005859
1773449506.909024,1.5247167348861694,0.8839957118034363,0.9499288201332092,0.20983490347862244,-0.6832038164138794,-0.17046333849430084,-0.6783392429351807
1773449506.919048,1.5246851444244385,0.8836723566055298,0.9499512910842896,0.2098548412322998,-0.6832789182662964,-0.17187529802322388,-0.6779010891914368
1773449506.9290297,1.5246977806091309,0.8833960294723511,0.9500135183334351,0.20958830416202545,-0.6830404996871948,-0.17251846194267273,-0.6780604124069214
1773449506.939037,1.524833083152771,0.8831064701080322,0.9500557780265808,0.2089700549840927,-0.6829996705055237,-0.17293305695056915,-0.6781867146492004
1773449506.9490185,1.5250884294509888,0.8823637366294861,0.950250506401062,0.2156892567873001,-0.6843276619911194,-0.16074594855308533,-0.6777423024177551
1773449506.9590106,1.5250591039657593,0.8817941546440125,0.9503597021102905,0.21454094350337982,-0.6871322989463806,-0.1565360724925995,-0.6762529015541077
1773449506.9690328,1.5254806280136108,0.881259024143219,0.9504508376121521,0.21391431987285614,-0.6862820982933044,-0.1542370468378067,-0.6778411269187927
1773449506.979033,1.5257236957550049,0.8808448314666748,0.9505201578140259,0.21502651274204254,-0.6861143708229065,-0.15386013686656952,-0.6777445673942566
1773449506.9890285,1.5259047746658325,0.8804663419723511,0.9504608511924744,0.21383725106716156,-0.6868739724159241,-0.1525484174489975,-0.6776479482650757
1773449506.9990368,1.526025652885437,0.8797834515571594,0.9504702687263489,0.20075403153896332,-0.6846588850021362,-0.14927880465984344,-0.6845844388008118
1773449507.0090053,1.5264959335327148,0.8792068958282471,0.9503986835479736,0.19782717525959015,-0.6849570274353027,-0.15584780275821686,-0.6836737990379333
1773449507.0190294,1.5270578861236572,0.879206657409668,0.9500806927680969,0.21061114966869354,-0.6870782375335693,-0.15731999278068542,-0.6773602366447449
1773449507.0290267,1.527275800704956,0.8788036108016968,0.9499127864837646,0.19110573828220367,-0.6830956339836121,-0.15799546241760254,-0.686947226524353
1773449507.0390036,1.5277098417282104,0.878025233745575,0.9498913884162903,0.19799278676509857,-0.6859994530677795,-0.15802057087421417,-0.6820799708366394
1773449507.0490386,1.5281684398651123,0.8775017857551575,0.9499512910842896,0.19974225759506226,-0.6864922046661377,-0.15961043536663055,-0.6807026267051697
1773449507.0590262,1.5288572311401367,0.8770597577095032,0.9498606324195862,0.20657978951931,-0.6866136789321899,-0.15639176964759827,-0.6792850494384766
1773449507.069002,1.529303789138794,0.8763183355331421,0.9500254988670349,0.19750329852104187,-0.6851651668548584,-0.1567760407924652,-0.6833465695381165
1773449507.0790284,1.530205488204956,0.8760050535202026,0.9499216675758362,0.20263716578483582,-0.6859479546546936,-0.16075168550014496,-0.6801269054412842
1773449507.0890005,1.5308202505111694,0.8755438327789307,0.9498968720436096,0.1989632248878479,-0.6849402785301208,-0.1645696610212326,-0.6813129782676697
1773449507.0990026,1.5314586162567139,0.8742549419403076,0.9502249360084534,0.1941174417734146,-0.6851182579994202,-0.14858758449554443,-0.6861873269081116
1773449507.109025,1.5323033332824707,0.8742377161979675,0.9501361846923828,0.2044113576412201,-0.6873705387115479,-0.15272851288318634,-0.6800087094306946
1773449507.1190205,1.532767415046692,0.8734168410301208,0.950209379196167,0.20318472385406494,-0.6894252300262451,-0.1522277593612671,-0.6784067153930664
1773449507.1290343,1.5333188772201538,0.8726443648338318,0.9502870440483093,0.1988993138074875,-0.6900133490562439,-0.14988434314727783,-0.679599404335022
1773449507.1390326,1.5345560312271118,0.8721393346786499,0.9501833915710449,0.19474157691001892,-0.686764121055603,-0.15800507366657257,-0.6822500824928284
1773449507.1490324,1.5351577997207642,0.8712204098701477,0.9502826929092407,0.19986514747142792,-0.6897087693214417,-0.15364332497119904,-0.6787853240966797
1773449507.1590085,1.5358444452285767,0.8706395626068115,0.9502183794975281,0.20047920942306519,-0.6895865201950073,-0.15447823703289032,-0.6785389184951782
1773449507.1690319,1.5367344617843628,0.8697543144226074,0.9501804709434509,0.19952546060085297,-0.6903253197669983,-0.15382152795791626,-0.6782179474830627
1773449507.1790037,1.537771224975586,0.8692575693130493,0.9498723149299622,0.19111204147338867,-0.6878705024719238,-0.15331502258777618,-0.6832311749458313
1773449507.1890075,1.5385136604309082,0.868122935295105,0.950120747089386,0.1838454306125641,-0.6870903372764587,-0.14881642162799835,-0.6869945526123047
1773449507.199029,1.5394762754440308,0.8673709630966187,0.9500556588172913,0.19575871527194977,-0.6918256878852844,-0.14349591732025146,-0.6800476312637329
1773449507.208935,1.540265679359436,0.8666810989379883,0.9500371813774109,0.1941690742969513,-0.6918803453445435,-0.14170926809310913,-0.68082195520401
1773449507.2190423,1.5413190126419067,0.8662196397781372,0.9499638676643372,0.19489474594593048,-0.6897408366203308,-0.1439397633075714,-0.6823158860206604
1773449507.2290075,1.5425280332565308,0.8650142550468445,0.9502930641174316,0.18227289617061615,-0.6837587952613831,-0.15221907198429108,-0.6899853944778442
1773449507.2390218,1.5432997941970825,0.8640946745872498,0.950261652469635,0.18047693371772766,-0.6873523592948914,-0.14426462352275848,-0.6885946393013
1773449507.2490048,1.5441102981567383,0.8632951378822327,0.9504581689834595,0.17828984558582306,-0.6878490447998047,-0.1408161222934723,-0.6893817782402039
1773449507.2590625,1.5453100204467773,0.8622617125511169,0.9505110383033752,0.18102756142616272,-0.6884641647338867,-0.1346288025379181,-0.6892904043197632
1773449507.269054,1.5462613105773926,0.8620778322219849,0.9503614902496338,0.18791641294956207,-0.6906274557113647,-0.13911914825439453,-0.6843734979629517
1773449507.279028,1.547027349472046,0.8616470098495483,0.9502604603767395,0.18749108910560608,-0.6902886033058167,-0.146487757563591,-0.6832935810089111
1773449507.2890253,1.5480990409851074,0.8610928058624268,0.9501421451568604,0.18303218483924866,-0.6939760446548462,-0.13301803171634674,-0.6835222244262695
1773449507.2990255,1.5490577220916748,0.8599076271057129,0.9503644108772278,0.18607519567012787,-0.694520890712738,-0.12252163141965866,-0.6841091513633728
1773449507.308995,1.5495681762695312,0.8587530255317688,0.9507401585578918,0.17406900227069855,-0.6904304027557373,-0.13128414750099182,-0.6897611021995544
1773449507.319025,1.5508431196212769,0.8583482503890991,0.9505305886268616,0.18261660635471344,-0.692925751209259,-0.13687565922737122,-0.6839373111724854
1773449507.3290122,1.5519300699234009,0.8579542636871338,0.9503169655799866,0.1857965588569641,-0.6951307058334351,-0.12498465925455093,-0.6831191778182983
1773449507.339009,1.5527286529541016,0.8567962646484375,0.9505670070648193,0.18122036755084991,-0.6947519779205322,-0.13776235282421112,-0.6822758316993713
1773449507.3490045,1.5542004108428955,0.8561691045761108,0.9505687355995178,0.18184886872768402,-0.6912744045257568,-0.1402185559272766,-0.6851346492767334
1773449507.3590345,1.5549790859222412,0.8552858829498291,0.9506394863128662,0.17798756062984467,-0.693556547164917,-0.13654877245426178,-0.6845831871032715
1773449507.369031,1.5562200546264648,0.8544027209281921,0.9506819844245911,0.18328359723091125,-0.6938162446022034,-0.13622044026851654,-0.6829861998558044
1773449507.379028,1.5572022199630737,0.8534510731697083,0.9504815936088562,0.17793342471122742,-0.6937045454978943,-0.13247160613536835,-0.6852481365203857
1773449507.3890257,1.5580663681030273,0.8523423075675964,0.9507156610488892,0.16648732125759125,-0.6921101808547974,-0.12721653282642365,-0.6907109022140503
1773449507.3990266,1.5591109991073608,0.8515693545341492,0.9506692886352539,0.16836585104465485,-0.6923456192016602,-0.1283249855041504,-0.6898139715194702
1773449507.409028,1.5603893995285034,0.8512234687805176,0.95041424036026,0.17605352401733398,-0.6933643817901611,-0.13507665693759918,-0.6855693459510803
1773449507.4190276,1.5615544319152832,0.8504495024681091,0.9504216909408569,0.17168302834033966,-0.6932001709938049,-0.1310715526342392,-0.6876181364059448
1773449507.429034,1.5625368356704712,0.8494017720222473,0.9502920508384705,0.17322757840156555,-0.6950197219848633,-0.12526491284370422,-0.6864754557609558
1773449507.4390893,1.563539743423462,0.8485050201416016,0.9503680467605591,0.17405934631824493,-0.6955800652503967,-0.12776079773902893,-0.685236394405365
1773449507.4490943,1.5643624067306519,0.8474399447441101,0.9505936503410339,0.15921016037464142,-0.692431628704071,-0.12133652716875076,-0.6931580305099487
1773449507.4590912,1.5655250549316406,0.846637487411499,0.95063716173172,0.15919391810894012,-0.693008542060852,-0.12294643372297287,-0.6923010349273682
1773449507.4690478,1.5666307210922241,0.8455991148948669,0.950801432132721,0.15810488164424896,-0.6938332915306091,-0.11688398569822311,-0.6927744746208191
1773449507.4790933,1.5674469470977783,0.8449565768241882,0.9506602883338928,0.15657570958137512,-0.692313015460968,-0.12434453517198563,-0.693343460559845
1773449507.4991865,1.569836974143982,0.8432353138923645,0.9508278369903564,0.17654383182525635,-0.6985962986946106,-0.11338227242231369,-0.6840614080429077
1773449507.5090308,1.5708988904953003,0.8427468538284302,0.950924813747406,0.17896965146064758,-0.6981850266456604,-0.12165746837854385,-0.6824272871017456
1773449507.519004,1.5720484256744385,0.8422850370407104,0.9506536722183228,0.17467087507247925,-0.6969266533851624,-0.12547294795513153,-0.6841344833374023
1773449507.5290403,1.5732518434524536,0.8418178558349609,0.9504475593566895,0.1632230430841446,-0.695955216884613,-0.12463720887899399,-0.6880916953086853
1773449507.5390036,1.5740360021591187,0.8407784700393677,0.9504423141479492,0.16230924427509308,-0.6967082619667053,-0.12086261808872223,-0.6882191896438599
1773449507.549013,1.5752280950546265,0.840306282043457,0.9503864645957947,0.16200780868530273,-0.6979921460151672,-0.11758040636777878,-0.6875574588775635
1773449507.5590134,1.5761072635650635,0.839467465877533,0.9503628015518188,0.1595858931541443,-0.6974479556083679,-0.1136670783162117,-0.6893320083618164
1773449507.5690439,1.5770992040634155,0.8381974101066589,0.9506092071533203,0.14742359519004822,-0.6965022683143616,-0.10466910153627396,-0.6944028735160828
1773449507.579047,1.578287124633789,0.8373045921325684,0.9506872296333313,0.1471242606639862,-0.6967148780822754,-0.10628917813301086,-0.6940068602561951
1773449507.5890174,1.5794713497161865,0.8370420336723328,0.9505926370620728,0.1581500768661499,-0.6987754702568054,-0.11149924993515015,-0.6886721849441528
1773449507.599033,1.5805120468139648,0.8356657028198242,0.9508927464485168,0.14251157641410828,-0.6957727074623108,-0.10316894203424454,-0.6963813900947571
1773449507.6090271,1.58180832862854,0.8349243402481079,0.951077401638031,0.14436405897140503,-0.6942457556724548,-0.10885676741600037,-0.6966577768325806
1773449507.6190286,1.583166241645813,0.834358811378479,0.9510640501976013,0.16497138142585754,-0.7002464532852173,-0.11123939603567123,-0.6856129765510559
1773449507.6290092,1.583878755569458,0.8332170844078064,0.9511361718177795,0.15928786993026733,-0.6992506384849548,-0.11035196483135223,-0.6881123185157776
1773449507.6390033,1.5852857828140259,0.8328889608383179,0.9511361122131348,0.15245512127876282,-0.6955738067626953,-0.1174461767077446,-0.6922000646591187
1773449507.649006,1.5861908197402954,0.8319218158721924,0.9510712027549744,0.15168684720993042,-0.6975226998329163,-0.10998169332742691,-0.6916338205337524
1773449507.659003,1.5871325731277466,0.8307210803031921,0.9513592720031738,0.13586711883544922,-0.6945731043815613,-0.10355997085571289,-0.6988446116447449
1773449507.6690314,1.5881571769714355,0.8295838236808777,0.9514190554618835,0.13505448400974274,-0.6964625716209412,-0.09818041324615479,-0.6978974938392639
1773449507.6790254,1.589329719543457,0.8291338682174683,0.9512826204299927,0.13587266206741333,-0.6949822306632996,-0.10422492027282715,-0.6983376741409302
1773449507.6890054,1.5892962217330933,0.8261850476264954,0.9515545964241028,-0.972375214099884,0.03058817982673645,0.007934397086501122,-0.23127461969852448
1773449507.6990259,1.5914936065673828,0.827609121799469,0.9515893459320068,0.13499398529529572,-0.6938654184341431,-0.10355950146913528,-0.699716329574585
1773449507.709042,1.5925278663635254,0.8269050121307373,0.9514759182929993,0.13592953979969025,-0.6942046880722046,-0.1016034409403801,-0.6994854211807251
1773449507.7190015,1.5932326316833496,0.8259149789810181,0.9514243602752686,0.13179230690002441,-0.6966286897659302,-0.09531890600919724,-0.6987515091896057
1773449507.729024,1.5942403078079224,0.8252843618392944,0.9514713287353516,0.1332341730594635,-0.6977055668830872,-0.09671462327241898,-0.6972101330757141
1773449507.7390077,1.5951331853866577,0.8249988555908203,0.9515921473503113,0.13160856068134308,-0.6951674818992615,-0.10206837952136993,-0.6992877721786499
1773449507.7490249,1.5958927869796753,0.8243867754936218,0.951614499092102,0.13174167275428772,-0.6947259902954102,-0.10213643312454224,-0.6996914744377136
1773449507.7590318,1.5963901281356812,0.8234521746635437,0.9524330496788025,0.1333315670490265,-0.6973148584365845,-0.09605985134840012,-0.6976727247238159
1773449507.7690122,1.597501277923584,0.8228684067726135,0.9518029689788818,0.1312830001115799,-0.6984689831733704,-0.09210363775491714,-0.6974402070045471
1773449507.789104,1.5991932153701782,0.8213828206062317,0.9518848657608032,0.12899360060691833,-0.6977512240409851,-0.09046942740678787,-0.6987983584403992
1773449507.7990327,1.6004215478897095,0.8208976984024048,0.9518025517463684,0.15261626243591309,-0.7049424052238464,-0.09349967539310455,-0.6863106489181519
1773449507.8090298,1.601251244544983,0.820523738861084,0.9516758918762207,0.15295885503292084,-0.7074218392372131,-0.08371839672327042,-0.6849446296691895
1773449507.819029,1.6019684076309204,0.8200539946556091,0.9517829418182373,0.15267381072044373,-0.7068697214126587,-0.08520180732011795,-0.6853951215744019
1773449507.8290288,1.6028790473937988,0.8195747137069702,0.9518349170684814,0.1493028700351715,-0.7050789594650269,-0.08869480341672897,-0.6875358819961548
1773449507.839009,1.6034741401672363,0.8189142942428589,0.9518705010414124,0.14877045154571533,-0.7057538032531738,-0.08867193758487701,-0.6869615912437439
1773449507.8490252,1.6038581132888794,0.8181619048118591,0.9518632292747498,0.14767830073833466,-0.7060859203338623,-0.09065259993076324,-0.6865973472595215
1773449507.8590071,1.6044282913208008,0.8177623748779297,0.951946496963501,0.1479634940624237,-0.7054741978645325,-0.09087128192186356,-0.6871357560157776
1773449507.8790438,1.6050701141357422,0.8171858787536621,0.952058732509613,0.14687524735927582,-0.7052536606788635,-0.09185697138309479,-0.6874643564224243
1773449507.8891222,1.6059257984161377,0.8161260485649109,0.951995313167572,0.14155948162078857,-0.7052643299102783,-0.08643975108861923,-0.6892687082290649
1773449507.8990266,1.6066516637802124,0.8157952427864075,0.9520127177238464,0.14579559862613678,-0.7052780985832214,-0.08697633445262909,-0.6883034706115723
1773449507.9190874,1.607003927230835,0.8145728707313538,0.9520130753517151,0.13373875617980957,-0.7026071548461914,-0.07785386592149734,-0.6945473551750183
1773449507.9290037,1.6072654724121094,0.8142332434654236,0.9519029855728149,0.13180376589298248,-0.7027239799499512,-0.0801013633608818,-0.6945434808731079
1773449507.939004,1.6077369451522827,0.8137543797492981,0.9517621397972107,0.13137319684028625,-0.7027229070663452,-0.07821652293205261,-0.6948407888412476
1773449507.9490292,1.6079317331314087,0.8135395646095276,0.9517311453819275,0.13135191798210144,-0.702463686466217,-0.07983532547950745,-0.6949228644371033
1773449507.9690945,1.6084343194961548,0.813507616519928,0.951663613319397,0.14298471808433533,-0.7048420906066895,-0.08736475557088852,-0.6892898678779602
1773449507.979018,1.608317255973816,0.8127493858337402,0.9520086646080017,0.12991490960121155,-0.7027496695518494,-0.07993636280298233,-0.6948923468589783
1773449507.9890118,1.608396291732788,0.8124592900276184,0.9520553946495056,0.13151371479034424,-0.701698899269104,-0.0822785347700119,-0.6953798532485962
1773449507.999028,1.6084378957748413,0.812292218208313,0.9521325826644897,0.1325853168964386,-0.7020291686058044,-0.08211100846529007,-0.6948626041412354
1773449508.0090275,1.6084727048873901,0.8122049570083618,0.9521594643592834,0.1329687237739563,-0.7019897103309631,-0.08271781355142593,-0.6947572231292725
1773449508.0190053,1.608474612236023,0.8121659755706787,0.9521620273590088,0.13315251469612122,-0.70185786485672,-0.08311351388692856,-0.6948080062866211
1773449508.0391088,1.6085448265075684,0.812480092048645,0.9520012736320496,0.12380889803171158,-0.6976847052574158,-0.08937927335500717,-0.6999419927597046
1773449508.0490358,1.6087315082550049,0.8130480051040649,0.951664388179779,0.1353834718465805,-0.7014570832252502,-0.08931289613246918,-0.694011926651001
1773449508.0690877,1.608078122138977,0.8129228353500366,0.9517634510993958,0.12665988504886627,-0.6983763575553894,-0.08852628618478775,-0.6988496780395508
1773449508.0790312,1.60784113407135,0.8131505250930786,0.9517637491226196,0.12900002300739288,-0.6984520554542542,-0.09007741510868073,-0.6981474161148071
1773449508.0890315,1.607283353805542,0.8136119246482849,0.951742947101593,0.13004080951213837,-0.6980592608451843,-0.09601390361785889,-0.6975557208061218
1773449508.09903,1.6067094802856445,0.813803493976593,0.9518228769302368,0.14645765721797943,-0.700360894203186,-0.09462685137987137,-0.6921637654304504
1773449508.1190298,1.606124997138977,0.813958466053009,0.9519096612930298,0.14777617156505585,-0.6980089545249939,-0.1041310727596283,-0.6928942203521729
1773449508.1290488,1.6052372455596924,0.8160741925239563,0.9516371488571167,0.1604517549276352,-0.698797345161438,-0.10950585454702377,-0.688437283039093
1773449508.1390257,1.604506254196167,0.816555380821228,0.9517338275909424,0.16171300411224365,-0.6966641545295715,-0.12268891930580139,-0.6880810260772705
1773449508.149024,1.6035783290863037,0.8165060877799988,0.9518583416938782,0.16695336997509003,-0.6987040638923645,-0.10667543858289719,-0.6874297261238098
1773449508.1590064,1.6028660535812378,0.8171164393424988,0.9520768523216248,0.16701389849185944,-0.6943686604499817,-0.12027712166309357,-0.6895593404769897
1773449508.1690304,1.6022237539291382,0.8182001113891602,0.9518283009529114,0.1811859905719757,-0.6978045105934143,-0.12611012160778046,-0.6814226508140564
1773449508.1790113,1.6015833616256714,0.818533718585968,0.9517328143119812,0.18256694078445435,-0.70098477602005,-0.11320675164461136,-0.6800543665885925
1773449508.18901,1.6007747650146484,0.8185515999794006,0.952085018157959,0.1882663071155548,-0.6958743929862976,-0.13062222301959991,-0.6806265711784363
1773449508.1990314,1.5997408628463745,0.8187445402145386,0.9528118968009949,0.1863178163766861,-0.6941139101982117,-0.13121390342712402,-0.6828429698944092
1773449508.2190933,1.5991432666778564,0.8195606470108032,0.9521187543869019,0.17790982127189636,-0.6944151520729065,-0.13569402694702148,-0.6839026808738708
1773449508.2289495,1.5985583066940308,0.81918865442276,0.9524531960487366,0.16781127452850342,-0.6903740763664246,-0.13219207525253296,-0.6911934614181519
1773449508.2390015,1.5981600284576416,0.8191277980804443,0.952475905418396,0.16923610866069794,-0.6912410259246826,-0.13233748078346252,-0.6899505853652954
1773449508.2590823,1.5972747802734375,0.8191841244697571,0.9524531364440918,0.18040995299816132,-0.6952024102210999,-0.1297713667154312,-0.6835972666740417
1773449508.2690907,1.596897840499878,0.8191242218017578,0.9524238109588623,0.1815659999847412,-0.6949695944786072,-0.12995512783527374,-0.6834931373596191
1773449508.2791193,1.5964598655700684,0.8189170360565186,0.9524204730987549,0.18121245503425598,-0.6953708529472351,-0.12782016396522522,-0.6835813522338867
1773449508.289105,1.5958569049835205,0.8185125589370728,0.95256108045578,0.16926847398281097,-0.6930333375930786,-0.11917891353368759,-0.6905428171157837
1773449508.2990258,1.5952043533325195,0.8178879022598267,0.9527146220207214,0.18058979511260986,-0.6934911012649536,-0.12772245705127716,-0.6856708526611328
1773449508.309033,1.5947773456573486,0.8181108236312866,0.9525916576385498,0.17723418772220612,-0.6925929188728333,-0.1271471232175827,-0.6875585317611694
1773449508.319005,1.5944395065307617,0.8179954886436462,0.9525965452194214,0.17664684355258942,-0.6923683285713196,-0.12753494083881378,-0.6878640055656433
1773449508.3289604,1.593963861465454,0.8180771470069885,0.9525007605552673,0.17598871886730194,-0.6920825242996216,-0.13141891360282898,-0.687589168548584
1773449508.3390088,1.5940687656402588,0.8183261752128601,0.9521877765655518,0.1810949146747589,-0.693712055683136,-0.13001202046871185,-0.6848833560943604
1773449508.3490067,1.5936428308486938,0.8184207677841187,0.9522689580917358,0.1808575987815857,-0.6940138339996338,-0.13218215107917786,-0.684224545955658
1773449508.359006,1.5929547548294067,0.8181287050247192,0.9523903131484985,0.17249099910259247,-0.6905649900436401,-0.1347724348306656,-0.689349889755249
1773449508.3690064,1.5925078392028809,0.8181713819503784,0.9523771405220032,0.1789831966161728,-0.6934807896614075,-0.13648265600204468,-0.6844135522842407
1773449508.3790116,1.591789722442627,0.8176830410957336,0.9524611830711365,0.1695217788219452,-0.6915245652198792,-0.13209982216358185,-0.6896418929100037
1773449508.399034,1.5913422107696533,0.8176741003990173,0.9523844122886658,0.16997553408145905,-0.6913847327232361,-0.132722407579422,-0.6895508170127869
1773449508.4090905,1.590136170387268,0.8172973394393921,0.9520447850227356,0.19185462594032288,-0.6974007487297058,-0.12897814810276031,-0.6783720254898071
1773449508.4190252,1.5895686149597168,0.816723108291626,0.9521064162254333,0.1817992776632309,-0.6963595747947693,-0.124290831387043,-0.6830697059631348
1773449508.4290454,1.5891680717468262,0.8167683482170105,0.9520467519760132,0.1734696626663208,-0.6902996301651001,-0.13684920966625214,-0.6889608502388
1773449508.4491093,1.588398814201355,0.8172346949577332,0.9520085453987122,0.1737123727798462,-0.6881217956542969,-0.14088594913482666,-0.6902634501457214
1773449508.4590483,1.5879311561584473,0.8169811964035034,0.9519621729850769,0.17075009644031525,-0.6881370544433594,-0.14115023612976074,-0.6909330487251282
1773449508.4690275,1.5876727104187012,0.8168794512748718,0.9519883990287781,0.17356538772583008,-0.6911486983299255,-0.1350209265947342,-0.6884459853172302
1773449508.4890969,1.587326169013977,0.817017674446106,0.9518024921417236,0.18218061327934265,-0.6929917335510254,-0.13819752633571625,-0.6837208271026611
1773449508.4990664,1.5866528749465942,0.8163149952888489,0.9519089460372925,0.1676245927810669,-0.6921126842498779,-0.12945742905139923,-0.6900165677070618
1773449508.5090907,1.5862599611282349,0.8160451650619507,0.9519428610801697,0.16875909268856049,-0.6943110823631287,-0.1266261488199234,-0.6880540251731873
1773449508.5191038,1.5862139463424683,0.8159838318824768,0.9518687129020691,0.16957560181617737,-0.693037211894989,-0.12931101024150848,-0.6886379718780518
1773449508.52911,1.5860731601715088,0.815832793712616,0.9518272876739502,0.17222826182842255,-0.6936742067337036,-0.12824322283267975,-0.6875371336936951
1773449508.5390887,1.5856988430023193,0.815237820148468,0.9520649313926697,0.18052203953266144,-0.6973580121994019,-0.12293076515197754,-0.6826357841491699
1773449508.549062,1.585671305656433,0.8152222633361816,0.9519522190093994,0.1827155351638794,-0.6970503330230713,-0.12479186058044434,-0.6820285320281982
1773449508.559104,1.5855741500854492,0.8150991797447205,0.9519073963165283,0.18140321969985962,-0.6968811750411987,-0.12608475983142853,-0.6823137998580933
1773449508.5690408,1.5855374336242676,0.8150634169578552,0.9519471526145935,0.1827983558177948,-0.6987913846969604,-0.1157166063785553,-0.6818247437477112
1773449508.5890548,1.5856666564941406,0.8152386546134949,0.9517430067062378,0.17287848889827728,-0.6952701210975647,-0.11919555068016052,-0.6873899102210999
1773449508.5991259,1.5856493711471558,0.8148171901702881,0.9516912698745728,0.16954965889453888,-0.695697009563446,-0.11825615912675858,-0.6879492402076721
1773449508.6090128,1.5854192972183228,0.8141354322433472,0.9519578218460083,0.16912123560905457,-0.6908212900161743,-0.1374361664056778,-0.689402163028717
1773449508.6291406,1.5855525732040405,0.8133651614189148,0.9525945782661438,0.16966569423675537,-0.6915383338928223,-0.13304953277111053,-0.6894100904464722
1773449508.6390543,1.5861879587173462,0.8135361671447754,0.9517977237701416,0.1693338006734848,-0.6924200654029846,-0.13039816915988922,-0.689113199710846
1773449508.649024,1.586431622505188,0.8132597208023071,0.9517717361450195,0.1677040308713913,-0.6921809315681458,-0.12812554836273193,-0.6901773810386658
1773449508.65901,1.5868271589279175,0.8133088946342468,0.9516425728797913,0.17910492420196533,-0.6944910883903503,-0.13168033957481384,-0.6842981576919556
1773449508.6690319,1.5870329141616821,0.8130645155906677,0.9516832828521729,0.17944744229316711,-0.6942673325538635,-0.1314074993133545,-0.6844878792762756
1773449508.6790967,1.587346076965332,0.8127401471138,0.9517228007316589,0.17787876725196838,-0.694327712059021,-0.13178473711013794,-0.6847634315490723
1773449508.6990955,1.587618112564087,0.811821460723877,0.9520726799964905,0.16716516017913818,-0.6888946890830994,-0.13870659470558167,-0.6915493011474609
1773449508.7090309,1.588384985923767,0.8116664290428162,0.9517925977706909,0.17950822412967682,-0.6947436928749084,-0.13177670538425446,-0.6839174032211304
1773449508.7290864,1.5887194871902466,0.8108248114585876,0.9516968131065369,0.17405548691749573,-0.6967841982841492,-0.1270417869091034,-0.6841468214988708
1773449508.7390113,1.5889415740966797,0.8104944229125977,0.9516893029212952,0.17286649346351624,-0.697378396987915,-0.12731441855430603,-0.6837921142578125
1773449508.7490091,1.5891635417938232,0.8101536631584167,0.9516047239303589,0.17324836552143097,-0.6977920532226562,-0.12586146593093872,-0.6835423707962036
1773449508.7590072,1.5893059968948364,0.8094451427459717,0.9517884850502014,0.16163642704486847,-0.6958227753639221,-0.12049105763435364,-0.6893376111984253
1773449508.769037,1.5895055532455444,0.8089488744735718,0.9519772529602051,0.16334573924541473,-0.69417804479599,-0.1256754994392395,-0.6896671056747437
1773449508.7790759,1.589843511581421,0.8085978031158447,0.952009379863739,0.16446475684642792,-0.6943129897117615,-0.12314877659082413,-0.6897211074829102
1773449508.7991648,1.5909734964370728,0.8084923028945923,0.9518061876296997,0.17269264161586761,-0.6964845657348633,-0.12215673923492432,-0.6856852769851685
1773449508.8190296,1.5911550521850586,0.8079272508621216,0.9518392086029053,0.17188386619091034,-0.6953564882278442,-0.1302708238363266,-0.685539722442627
1773449508.8291037,1.5916870832443237,0.8067014813423157,0.952071487903595,0.15839938819408417,-0.6929429769515991,-0.12416674196720123,-0.692331075668335
1773449508.8390093,1.5920279026031494,0.8063952326774597,0.952059268951416,0.15707838535308838,-0.6940206289291382,-0.12321505695581436,-0.6917224526405334
1773449508.8490105,1.5925307273864746,0.8058956265449524,0.95200115442276,0.1574152708053589,-0.6945909261703491,-0.11864812672138214,-0.6918717622756958
1773449508.8690138,1.592883825302124,0.8054723739624023,0.9519492983818054,0.15659785270690918,-0.6949065327644348,-0.11854427307844162,-0.6917580962181091
1773449508.8790388,1.5934244394302368,0.8054587841033936,0.9518336057662964,0.16865238547325134,-0.697573721408844,-0.12244771420955658,-0.6855317950248718
1773449508.88903,1.5941513776779175,0.8054317831993103,0.9520158767700195,0.16927655041217804,-0.6961763501167297,-0.12922154366970062,-0.6855550408363342
1773449508.8991115,1.594735860824585,0.8045094609260559,0.9519786238670349,0.16601626574993134,-0.6961432695388794,-0.12569774687290192,-0.6870395541191101
1773449508.9190133,1.5947915315628052,0.8038092255592346,0.9522726535797119,0.15345673263072968,-0.691713273525238,-0.12472642958164215,-0.6945697665214539
1773449508.9291527,1.5955510139465332,0.8030439615249634,0.9521390795707703,0.15357233583927155,-0.6920571327209473,-0.12188796699047089,-0.6947055459022522
1773449508.9490187,1.59610915184021,0.8030608892440796,0.952016294002533,0.1639314442873001,-0.6936115026473999,-0.13082902133464813,-0.6891395449638367
1773449508.959077,1.5967659950256348,0.8019421696662903,0.9520182609558105,0.16239146888256073,-0.6967028379440308,-0.12514039874076843,-0.6874402761459351
1773449508.979104,1.597236156463623,0.8007199168205261,0.9522743225097656,0.1484280228614807,-0.6947501301765442,-0.11699677258729935,-0.6939763426780701
1773449508.9990177,1.5973540544509888,0.8002007603645325,0.9528892040252686,0.14965449273586273,-0.6954525113105774,-0.11045481264591217,-0.6940814852714539
1773449509.0091643,1.598383903503418,0.7994832396507263,0.9523460268974304,0.1470993459224701,-0.6942396759986877,-0.11046427488327026,-0.6958380937576294
1773449509.0291011,1.5989407300949097,0.7988921403884888,0.9523625373840332,0.14539951086044312,-0.6948358416557312,-0.11252517253160477,-0.6952699422836304
1773449509.04903,1.599236011505127,0.7988615036010742,0.95219486951828,0.1446225941181183,-0.6952782273292542,-0.11432153731584549,-0.6946964859962463
1773449509.0591304,1.5998895168304443,0.7980562448501587,0.9524767398834229,0.14973223209381104,-0.695767343044281,-0.10899752378463745,-0.6939796209335327
1773449509.0791214,1.6006323099136353,0.7982327342033386,0.9521382451057434,0.15894381701946259,-0.6964573860168457,-0.11823044717311859,-0.6897141337394714
1773449509.089002,1.6007940769195557,0.7980060577392578,0.9521589875221252,0.15933142602443695,-0.6958842277526855,-0.11753617972135544,-0.6903216242790222
1773449509.1090372,1.6006921529769897,0.7973472476005554,0.9524343013763428,0.14783482253551483,-0.6937702298164368,-0.11236503720283508,-0.6958461999893188
1773449509.1190588,1.60065758228302,0.7971466183662415,0.9524657130241394,0.14648637175559998,-0.6935781240463257,-0.11120090633630753,-0.6965095400810242
1773449509.1290977,1.6006537675857544,0.7968985438346863,0.9524613618850708,0.14585278928279877,-0.6936448812484741,-0.1114860251545906,-0.6965304613113403
1773449509.1490123,1.6006580591201782,0.7968165874481201,0.9524133801460266,0.14454591274261475,-0.694277822971344,-0.1106850802898407,-0.6962999105453491
1773449509.1591516,1.6001603603363037,0.7956342101097107,0.9529552459716797,0.1541130244731903,-0.7027444839477539,-0.07232353836297989,-0.6907740831375122
1773449509.1790433,1.5992294549942017,0.7935991287231445,0.9527742862701416,0.9701858162879944,-0.02539149299263954,-0.009969442151486874,0.24082256853580475
1773449509.189131,1.5993024110794067,0.793268620967865,0.9526358842849731,-0.9708625674247742,0.027198517695069313,0.009151293896138668,-0.23791249096393585
1773449509.2091231,1.5996558666229248,0.7930357456207275,0.9525530934333801,-0.9705870151519775,0.02749294973909855,0.010728709399700165,-0.23893503844738007
1773449509.219025,1.6000851392745972,0.7934609055519104,0.9524074792861938,-0.9697367548942566,0.014423377811908722,0.012986155226826668,-0.24338045716285706
1773449509.2390292,1.5998374223709106,0.7928962111473083,0.9525442719459534,-0.9713444709777832,0.024865591898560524,0.01061822846531868,-0.23613353073596954
1773449509.2491224,1.6012823581695557,0.7950895428657532,0.952228844165802,0.15472200512886047,-0.7009475231170654,-0.10666335374116898,-0.6880091428756714
1773449509.2691195,1.6013519763946533,0.7950330376625061,0.9522011280059814,0.15439526736736298,-0.701856791973114,-0.10251277685165405,-0.6877865791320801
1773449509.2891312,1.6013132333755493,0.7948760986328125,0.9522380232810974,0.15465222299098969,-0.7017991542816162,-0.1026415228843689,-0.6877683401107788
1773449509.3091183,1.6003780364990234,0.7929714918136597,0.9524510502815247,0.9722939133644104,-0.015763631090521812,-0.009438308887183666,0.23303882777690887
1773449509.3291368,1.6003023386001587,0.7922824621200562,0.9523129463195801,-0.9695144295692444,0.016361821442842484,0.012751650996506214,-0.2441546767950058
1773449509.349123,1.6005232334136963,0.792564332485199,0.9524264335632324,0.15178139507770538,-0.7099378705024719,-0.0743338093161583,-0.6836850047111511
1773449509.3690898,1.6005256175994873,0.7919869422912598,0.952231228351593,-0.9693319797515869,0.016779404133558273,0.012937485240399837,-0.2448400855064392
1773449509.389164,1.600481629371643,0.7916332483291626,0.9524236917495728,-0.9693922996520996,0.013954762369394302,0.01372818648815155,-0.2447352111339569
1773449509.4091344,1.6006211042404175,0.7915394902229309,0.9524599313735962,-0.9701288938522339,0.014014624990522861,0.012964390218257904,-0.24183760583400726
1773449509.4190338,1.6005761623382568,0.7915295958518982,0.9524536728858948,-0.9699356555938721,0.014031384140253067,0.013654720969498158,-0.24257294833660126
1773449509.4390295,1.6005756855010986,0.7914376258850098,0.9524784684181213,-0.9696959257125854,0.015689020976424217,0.013546529226005077,-0.24343448877334595
1773449509.449042,1.6005797386169434,0.7914589047431946,0.9524487257003784,-0.9694737195968628,0.015323610045015812,0.013672229833900928,-0.2443338930606842
1773449509.4590445,1.6006174087524414,0.7945516705513,0.9519844055175781,-0.9822127819061279,-0.038240354508161545,0.00208780518732965,-0.18382422626018524
1773449509.4691586,1.6006114482879639,0.7914690971374512,0.9523839950561523,-0.9701626300811768,0.013863924890756607,0.012770040892064571,-0.24172130227088928
1773449509.4890592,1.6006081104278564,0.7914542555809021,0.9523389935493469,-0.9701218605041504,0.013285644352436066,0.012738245539367199,-0.24191917479038239
1773449509.4991844,1.6002743244171143,0.7911006212234497,0.9524692893028259,-0.9727250933647156,0.01867779530584812,0.007907229475677013,-0.23107270896434784
1773449509.5192387,1.6002811193466187,0.7909153699874878,0.9525562524795532,-0.972668468952179,0.022299889475107193,0.009256319142878056,-0.23094001412391663
1773449509.539126,1.600264310836792,0.7909868359565735,0.9525423645973206,-0.9724528789520264,0.01980462297797203,0.008898137137293816,-0.2320864498615265
1773449509.5492113,1.6006759405136108,0.7913717031478882,0.9524520039558411,-0.9701036810874939,0.015585568733513355,0.012959897518157959,-0.24184291064739227
1773449509.569033,1.600673794746399,0.7913857102394104,0.9524474143981934,-0.9702017903327942,0.014730328693985939,0.01305263303220272,-0.24149814248085022
1773449509.5790367,1.6006594896316528,0.7913109660148621,0.9524477124214172,-0.9703732132911682,0.01583516225218773,0.012801389209926128,-0.24075151979923248
1773449509.5890715,1.6006540060043335,0.7913432121276855,0.9524369239807129,-0.9702967405319214,0.014846994541585445,0.012778489850461483,-0.24112379550933838
1773449509.5990474,1.600297451019287,0.7909138798713684,0.9525743126869202,-0.9725039601325989,0.020685045048594475,0.008720374666154385,-0.23180192708969116
1773449509.6090438,1.6002603769302368,0.7908903956413269,0.952532172203064,-0.972430408000946,0.02014234848320484,0.008843649178743362,-0.2321537733078003
1773449509.6190507,1.6002565622329712,0.7909536957740784,0.9524942636489868,-0.9726369380950928,0.019083663821220398,0.009152034297585487,-0.23136462271213531
1773449509.6290433,1.6003155708312988,0.7908971309661865,0.9525224566459656,-0.9724928140640259,0.021111665293574333,0.008788670413196087,-0.2318079173564911
1773449509.6391394,1.6002978086471558,0.7908790111541748,0.9525179266929626,-0.9726454615592957,0.020300360396504402,0.008698159828782082,-0.2312423437833786
1773449509.6490784,1.600301742553711,0.7908662557601929,0.9525265693664551,-0.9724651575088501,0.020334569737315178,0.008975783362984657,-0.2319861799478531
1773449509.6691341,1.600374460220337,0.7907452583312988,0.9526316523551941,-0.9726787805557251,0.022822057828307152,0.008338904939591885,-0.23087996244430542
1773449509.6890485,1.6003166437149048,0.7908299565315247,0.9525925517082214,-0.9726267457008362,0.02112569473683834,0.009013461880385876,-0.23123520612716675
1773449509.699108,1.6006776094436646,0.7908652424812317,0.952570378780365,-0.9712516069412231,0.024383068084716797,0.008679767139256,-0.2366444319486618
1773449509.719037,1.6006418466567993,0.790923535823822,0.9525219202041626,-0.9710888862609863,0.019500045105814934,0.009812076576054096,-0.23771792650222778
1773449509.7290435,1.6007099151611328,0.790851354598999,0.9525641202926636,-0.9710677266120911,0.024954942986369133,0.009228960610926151,-0.23731768131256104
1773449509.7390306,1.6004788875579834,0.7906301617622375,0.9526345133781433,-0.9722381830215454,0.025456540286540985,0.007819254882633686,-0.23247329890727997
1773449509.7490437,1.6004358530044556,0.7906975150108337,0.952538013458252,-0.972585916519165,0.024750059470534325,0.007756188977509737,-0.23109322786331177
1773449509.7590275,1.601515769958496,0.7924748659133911,0.9524694085121155,0.14277741312980652,-0.6971599459648132,-0.10233169794082642,-0.6950618028640747
1773449509.7690442,1.6005439758300781,0.7905069589614868,0.9526060819625854,-0.9725017547607422,0.02713843807578087,0.008027749136090279,-0.23117007315158844
1773449509.7791343,1.6017699241638184,0.7927782535552979,0.9522337317466736,-0.15310074388980865,0.6996763348579407,0.10613750666379929,0.6897449493408203
1773449509.7990353,1.6017755270004272,0.7927803993225098,0.9522844552993774,-0.15324915945529938,0.6997705698013306,0.10646797716617584,0.6895654201507568
1773449509.8090158,1.6018507480621338,0.7928318977355957,0.9522848725318909,-0.1519802212715149,0.6993112564086914,0.10537981241941452,0.6904787421226501
1773449509.8190622,1.601560115814209,0.7923120856285095,0.9525284171104431,-0.14247754216194153,0.6971815824508667,0.1028832420706749,0.6950201392173767
1773449509.8291807,1.6016860008239746,0.7923051118850708,0.9524795413017273,-0.14132976531982422,0.6964606642723083,0.10206708312034607,0.6960968971252441
1773449509.8490179,1.6017035245895386,0.7922273278236389,0.9525231122970581,-0.14032922685146332,0.6962248682975769,0.10292918980121613,0.6964081525802612
1773449509.859021,1.6019260883331299,0.7926160097122192,0.9522742033004761,-0.15142446756362915,0.6986494660377502,0.10567881911993027,0.6912247538566589
1773449509.8691425,1.6017252206802368,0.7921645641326904,0.9525136351585388,-0.14088693261146545,0.6961898803710938,0.10140257328748703,0.69655442237854
1773449509.889015,1.6017526388168335,0.7921693921089172,0.9524778127670288,-0.14092271029949188,0.696547269821167,0.10007432848215103,0.6963820457458496
1773449509.8991613,1.6017420291900635,0.7920254468917847,0.952450692653656,-0.14106793701648712,0.696114182472229,0.10151298344135284,0.6965774297714233
1773449509.9190354,1.6017208099365234,0.7919349074363708,0.9524150490760803,-0.1397780179977417,0.6966903209686279,0.09913351386785507,0.6966041922569275
1773449509.9290125,1.601981282234192,0.7924538254737854,0.9522556662559509,-0.15158383548259735,0.6988341212272644,0.10477597266435623,0.6911405324935913
1773449509.939046,1.601995825767517,0.7924650311470032,0.9522792100906372,-0.15134885907173157,0.698952317237854,0.10447971522808075,0.6911174058914185
1773449509.9490178,1.6019954681396484,0.792407214641571,0.9522724747657776,-0.15229764580726624,0.6989211440086365,0.1037910059094429,0.6910442113876343
1773449509.9590273,1.6017999649047852,0.7919437885284424,0.9525438547134399,-0.1420769989490509,0.6960705518722534,0.10090325772762299,0.696504533290863
1773449509.9690363,1.6018120050430298,0.7919069528579712,0.9525346159934998,-0.14182697236537933,0.6960928440093994,0.10100150108337402,0.6965188980102539
1773449509.9790385,1.601793885231018,0.791824460029602,0.9525235295295715,-0.13883478939533234,0.6963008046150208,0.10042769461870193,0.6969967484474182
1773449509.989006,1.601809024810791,0.791763186454773,0.9524626135826111,-0.13967035710811615,0.6965179443359375,0.0991530492901802,0.6967952847480774
1773449509.9990458,1.6018437147140503,0.791748583316803,0.952490508556366,-0.13962766528129578,0.6967213749885559,0.09880035370588303,0.6966505646705627
1773449510.009039,1.60196053981781,0.7918913960456848,0.9524529576301575,-0.14146989583969116,0.695691704750061,0.10145309567451477,0.6969266533851624
1773449510.0190358,1.601980447769165,0.7918818593025208,0.9524300694465637,-0.14147579669952393,0.6955329179763794,0.10132521390914917,0.697102427482605
1773449510.0290337,1.6019783020019531,0.7918553352355957,0.9524247050285339,-0.14161817729473114,0.6955094933509827,0.10173046588897705,0.6970378756523132
1773449510.0390456,1.6019470691680908,0.7917450070381165,0.9523982405662537,-0.13958832621574402,0.6957414746284485,0.10097290575504303,0.6973259449005127
1773449510.0490346,1.6019608974456787,0.7917113900184631,0.9523826241493225,-0.13952849805355072,0.695623517036438,0.1016312763094902,0.6973599791526794
1773449510.059023,1.601969599723816,0.7917023301124573,0.9523763060569763,-0.13911381363868713,0.695476770401001,0.10169326514005661,0.6975800395011902
1773449510.0690348,1.6009504795074463,0.789314866065979,0.9527173638343811,-0.9717799425125122,0.041185345500707626,0.007069296669214964,-0.23215873539447784
1773449510.079035,1.6019654273986816,0.7916126847267151,0.9524264931678772,-0.13870024681091309,0.6954946517944336,0.10211902111768723,0.6975823640823364
1773449510.0890422,1.6019972562789917,0.7915926575660706,0.952470600605011,-0.13854016363620758,0.695431649684906,0.10122788697481155,0.6978068947792053
1773449510.0990412,1.6020467281341553,0.7914982438087463,0.9525561928749084,-0.13796719908714294,0.6955488324165344,0.1065993458032608,0.697003185749054
1773449510.1090362,1.602023720741272,0.7915493845939636,0.9523986577987671,-0.13880555331707,0.6955808401107788,0.10171642899513245,0.6975343227386475
1773449510.1190495,1.6020339727401733,0.7914607524871826,0.9523821473121643,-0.13892604410648346,0.6955015659332275,0.10383123904466629,0.6972777247428894
1773449510.1290252,1.6020402908325195,0.7914324402809143,0.952385425567627,-0.13909581303596497,0.6953362822532654,0.10399404913187027,0.6973844170570374
1773449510.1390164,1.6017625331878662,0.7914020419120789,0.953104555606842,-0.1391109824180603,0.6966225504875183,0.09195852279663086,0.6977885961532593
1773449510.149013,1.602064847946167,0.7913856506347656,0.9524362087249756,-0.13904115557670593,0.6957386136054993,0.10404155403375626,0.696986973285675
1773449510.159037,1.602062463760376,0.7913551926612854,0.9524502158164978,-0.138495534658432,0.6957230567932129,0.10423635691404343,0.697081983089447
1773449510.1690388,1.6021016836166382,0.7913252711296082,0.9524025321006775,-0.1388033628463745,0.6953903436660767,0.10526696592569351,0.6971977949142456
1773449510.1790402,1.6021159887313843,0.791359543800354,0.9523605704307556,-0.13875840604305267,0.6953879594802856,0.10334967076778412,0.6974959373474121
1773449510.1890159,1.6023257970809937,0.7917222380638123,0.9521074295043945,-0.1499108374118805,0.6974990963935852,0.11020290851593018,0.6920095086097717
1773449510.1990385,1.602127194404602,0.7911542057991028,0.952455997467041,-0.1390952318906784,0.695449948310852,0.10651370882987976,0.6968908309936523
1773449510.209034,1.6022531986236572,0.7913761138916016,0.9524943828582764,-0.13783058524131775,0.693225622177124,0.11094357818365097,0.6986648440361023
1773449510.2190228,1.6021714210510254,0.7911791205406189,0.9525089263916016,-0.138153076171875,0.695361852645874,0.10406846553087234,0.6975352764129639
1773449510.2290204,1.602026343345642,0.7908281683921814,0.9526149034500122,-0.1471690535545349,0.698499321937561,0.10002510249614716,0.6931342482566833
1773449510.2390096,1.6021745204925537,0.7909441590309143,0.9526450037956238,-0.1465492695569992,0.6964641809463501,0.10834939032793045,0.6940614581108093
1773449510.2490494,1.6023255586624146,0.7912169098854065,0.9524598717689514,-0.13813407719135284,0.693309485912323,0.11072330176830292,0.698556661605835
1773449510.2590213,1.6023603677749634,0.7911824584007263,0.9524563550949097,-0.13807401061058044,0.6933513879776001,0.11138773709535599,0.69842129945755
1773449510.2690375,1.6025913953781128,0.7915463447570801,0.9522306323051453,-0.14933112263679504,0.695602297782898,0.11813167482614517,0.6927356123924255
1773449510.2790155,1.6022405624389648,0.7907015085220337,0.9526057243347168,-0.14726965129375458,0.696393609046936,0.10920467972755432,0.693845808506012
1773449510.2890449,1.6022863388061523,0.790645956993103,0.9526224732398987,-0.1479661464691162,0.6963362693786621,0.10954881459474564,0.6937009692192078
1773449510.2990339,1.6023582220077515,0.7904913425445557,0.9527260661125183,-0.14751824736595154,0.6962907910346985,0.10625509917736053,0.6943539977073669
1773449510.3090334,1.602347493171692,0.7905918955802917,0.9525986909866333,-0.14743512868881226,0.696415364742279,0.10865551233291626,0.6938750147819519
1773449510.319044,1.602570652961731,0.7904963493347168,0.9526166319847107,-0.1480318158864975,0.6971980333328247,0.11027718335390091,0.6927051544189453
1773449510.3290532,1.602813482284546,0.7908638119697571,0.952398419380188,-0.15914250910282135,0.6994868516921997,0.11668667942285538,0.6868595480918884
1773449510.3390446,1.6029914617538452,0.7904782891273499,0.9525136351585388,-0.16064612567424774,0.7003355026245117,0.1085447445511818,0.6869797110557556
1773449510.3490229,1.6030001640319824,0.7904732823371887,0.9525255560874939,-0.15860691666603088,0.7005554437637329,0.10922150313854218,0.6871220469474792
1773449510.3590312,1.602704405784607,0.7900477647781372,0.9527292847633362,-0.1469602733850479,0.6976871490478516,0.10608178377151489,0.6930959820747375
1773449510.36904,1.603060007095337,0.790363609790802,0.9525418877601624,-0.15865668654441833,0.7004330158233643,0.10760986804962158,0.6874895691871643
1773449510.3791068,1.6028348207473755,0.7899422645568848,0.952682614326477,-0.14838598668575287,0.6979210376739502,0.10252156853675842,0.6930924654006958
1773449510.389106,1.6031317710876465,0.7901914119720459,0.9524638056755066,-0.16140049695968628,0.7001595497131348,0.10649647563695908,0.6873027682304382
1773449510.399097,1.6031551361083984,0.7899917364120483,0.9524659514427185,-0.1609944999217987,0.7003583312034607,0.1063489094376564,0.6872182488441467
1773449510.4091127,1.6026915311813354,0.7894285917282104,0.9526081085205078,-0.1445583999156952,0.6967118382453918,0.10192697495222092,0.6952024102210999
1773449510.4190266,1.6027549505233765,0.7893048524856567,0.9526363015174866,-0.14611077308654785,0.6967114806175232,0.101753368973732,0.6949036717414856
1773449510.4290261,1.6027686595916748,0.7891896963119507,0.9526243805885315,-0.14573118090629578,0.6968964338302612,0.10187828540802002,0.694779634475708
1773449510.439038,1.6016119718551636,0.7869051694869995,0.9527001976966858,0.9711105823516846,-0.0283464677631855,-0.011073668487370014,0.2366817146539688
1773449510.4490392,1.6026238203048706,0.7885477542877197,0.9528822302818298,-0.1449572741985321,0.6999759674072266,0.08814948052167892,0.6937223672866821
1773449510.459039,1.6026556491851807,0.7884496450424194,0.9528599977493286,-0.14516395330429077,0.6998971700668335,0.0887201800942421,0.6936859488487244
1773449510.469044,1.6027206182479858,0.7882421016693115,0.9529057741165161,-0.14345701038837433,0.7003633975982666,0.08817315846681595,0.6936402320861816
1773449510.4790561,1.6027313470840454,0.7881212830543518,0.9529248476028442,-0.1449471265077591,0.7005112767219543,0.0881216898560524,0.6931875348091125
1773449510.4890373,1.6019850969314575,0.7863186597824097,0.9528168439865112,-0.1428574174642563,0.7127554416656494,0.05037572979927063,0.6848604679107666
1773449510.499041,1.6020370721817017,0.7862522006034851,0.9528108239173889,-0.1428775042295456,0.7126995325088501,0.05078523978590965,0.6848841905593872
1773449510.5090387,1.6029495000839233,0.7878398299217224,0.9528518319129944,-0.1428692489862442,0.6999525427818298,0.08897121250629425,0.694074273109436
1773449510.5190473,1.602234125137329,0.7860745787620544,0.9527494311332703,-0.14081165194511414,0.711600124835968,0.052670400589704514,0.6863113641738892
1773449510.5290375,1.6022361516952515,0.7858102917671204,0.9527297019958496,-0.14140506088733673,0.7122417688369751,0.05086737871170044,0.6856594681739807
1773449510.539026,1.602552056312561,0.786154568195343,0.9525132775306702,0.9714823365211487,-0.018950913101434708,-0.012807994149625301,0.23600617051124573
1773449510.5490222,1.6026304960250854,0.7860143184661865,0.952540397644043,0.9716118574142456,-0.018974479287862778,-0.012957380153238773,0.23546217381954193
1773449510.5591059,1.6027779579162598,0.7857614755630493,0.9527634382247925,0.9698379039764404,-0.027965372428297997,-0.01363898441195488,0.24175675213336945
1773449510.5691302,1.6028836965560913,0.7853858470916748,0.952775776386261,0.9739805459976196,-0.0328136645257473,-0.008610504679381847,0.22407861053943634
1773449510.5791004,1.6029716730117798,0.7852790355682373,0.9527568221092224,0.9741308689117432,-0.034079261124134064,-0.00873756967484951,0.22322949767112732
1773449510.5891378,1.6030186414718628,0.7852111458778381,0.9527536630630493,0.9743241667747498,-0.03361823037266731,-0.008579064160585403,0.22246091067790985
1773449510.5991158,1.6032906770706177,0.7853968739509583,0.9526480436325073,0.9741520285606384,-0.025979505851864815,-0.010127080604434013,0.22416622936725616
1773449510.609043,1.604372501373291,0.7868434190750122,0.9522048234939575,0.1448894888162613,-0.7015051245689392,-0.10240933299064636,-0.6902246475219727
1773449510.6190295,1.6038484573364258,0.7863457798957825,0.9525146484375,0.1330781877040863,-0.6978509426116943,-0.09970071166753769,-0.6966736316680908
1773449510.6290474,1.6038423776626587,0.7860960364341736,0.952566921710968,0.13304245471954346,-0.6972643136978149,-0.10325312614440918,-0.6967503428459167
1773449510.6390448,1.6029322147369385,0.7836328744888306,0.9527742266654968,-0.9717658162117004,0.03488738834857941,0.010648724623024464,-0.23311124742031097
1773449510.6590343,1.6031513214111328,0.7860849499702454,0.9523793458938599,-0.9824197888374329,-0.005122422706335783,0.001406943891197443,-0.18661005795001984
1773449510.6690264,1.6042338609695435,0.7852854132652283,0.9524799585342407,0.13383150100708008,-0.6973978281021118,-0.09540065377950668,-0.6975845098495483
1773449510.6790323,1.6042919158935547,0.7851508855819702,0.9524899125099182,0.13412374258041382,-0.6973056197166443,-0.09534984081983566,-0.6976275444030762
1773449510.6890604,1.6040101051330566,0.784741997718811,0.9531357884407043,0.13189230859279633,-0.6987214684486389,-0.09106754511594772,-0.6972084641456604
1773449510.6990292,1.6034245491027832,0.7826787233352661,0.9528554677963257,0.13233476877212524,-0.7111751437187195,-0.047264982014894485,-0.688827633857727
1773449510.7090456,1.6034928560256958,0.782562792301178,0.9528684020042419,0.13242152333259583,-0.7110108733177185,-0.04876362904906273,-0.6888761520385742
1773449510.7190418,1.6035783290863037,0.7824947834014893,0.9528655409812927,0.13183635473251343,-0.7109951972961426,-0.04890476539731026,-0.6889944672584534
1773449510.7290275,1.6046568155288696,0.7845290303230286,0.952601432800293,0.13108083605766296,-0.6959370970726013,-0.09730272740125656,-0.6993008255958557
1773449510.7390342,1.6051307916641235,0.7848971486091614,0.9523971080780029,0.14556971192359924,-0.6999719738960266,-0.1016659215092659,-0.691746175289154
1773449510.749032,1.605156421661377,0.784736156463623,0.9524048566818237,0.14491291344165802,-0.6999574899673462,-0.10184235125780106,-0.6918727159500122
1773449510.7590399,1.6051884889602661,0.7846114039421082,0.9524173736572266,0.14471696317195892,-0.6999124884605408,-0.10244722664356232,-0.6918700933456421
1773449510.7690594,1.6052132844924927,0.7844754457473755,0.9524289965629578,0.14363908767700195,-0.6998801827430725,-0.10100729018449783,-0.6923388838768005
1773449510.7790492,1.6052595376968384,0.7842786312103271,0.9524333477020264,0.14292125403881073,-0.7003301382064819,-0.10043136030435562,-0.6921162009239197
1773449510.7890403,1.6053208112716675,0.7841441631317139,0.9524108171463013,0.14211411774158478,-0.7004686594009399,-0.09964653104543686,-0.6922556757926941
1773449510.799045,1.6053615808486938,0.7840964794158936,0.9524032473564148,0.142455592751503,-0.6999228000640869,-0.10021283477544785,-0.6926556825637817
1773449510.8090158,1.6054209470748901,0.7841030359268188,0.9523526430130005,0.1416742503643036,-0.701222836971283,-0.09480628371238708,-0.6922620534896851
1773449510.819038,1.6054346561431885,0.783990740776062,0.9523616433143616,0.14153870940208435,-0.7011837959289551,-0.09519657492637634,-0.6922758221626282
1773449510.8289604,1.6055071353912354,0.7836802005767822,0.9524391889572144,0.14176695048809052,-0.700019121170044,-0.10332632809877396,-0.6922420859336853
1773449510.8390443,1.6055247783660889,0.7836002707481384,0.9524576663970947,0.14214485883712769,-0.6999707818031311,-0.10387053340673447,-0.6921319365501404
1773449510.8490353,1.6052594184875488,0.7830933928489685,0.9526075720787048,0.13007374107837677,-0.6969594359397888,-0.10198300331830978,-0.6978021860122681
1773449510.8590362,1.6051726341247559,0.7828918099403381,0.95259028673172,0.1299796998500824,-0.6990222334861755,-0.09298036992549896,-0.6970135569572449
1773449510.8690388,1.6054407358169556,0.7832269072532654,0.9523966908454895,0.14096294343471527,-0.7017478346824646,-0.09889458119869232,-0.6913026571273804
1773449510.8790236,1.6055610179901123,0.7834101915359497,0.9524332284927368,0.14095039665699005,-0.6997913718223572,-0.104952871799469,-0.6923943758010864
1773449510.889023,1.6054363250732422,0.7832629680633545,0.9524182081222534,0.1410713791847229,-0.7016189098358154,-0.09810347110033035,-0.6915240287780762
1773449510.8990216,1.6054435968399048,0.7831372618675232,0.9524080753326416,0.14056481420993805,-0.7018421292304993,-0.09897647798061371,-0.6912762522697449
1773449510.9090195,1.6054438352584839,0.7830840349197388,0.9524014592170715,0.14047157764434814,-0.7016928195953369,-0.10000497847795486,-0.69129878282547
1773449510.9190354,1.6052196025848389,0.7826764583587646,0.9526000022888184,0.1296456754207611,-0.6987859010696411,-0.09679745882749557,-0.6967930793762207
1773449510.9289584,1.6052943468093872,0.7826030850410461,0.9526035785675049,0.130610853433609,-0.6988484859466553,-0.0940592959523201,-0.6969250440597534
1773449510.9390388,1.605066180229187,0.7826083898544312,0.952592670917511,0.1276683360338211,-0.6975083947181702,-0.09594494849443436,-0.6985538601875305
1773449510.949055,1.6050611734390259,0.7825974822044373,0.952593207359314,0.12793956696987152,-0.6974614262580872,-0.09577374160289764,-0.6985746026039124
1773449510.9590507,1.6055450439453125,0.7829806208610535,0.9524248242378235,0.14087454974651337,-0.7017690539360046,-0.09746526181697845,-0.691502034664154
1773449510.9690351,1.6055551767349243,0.782947838306427,0.9524309039115906,0.1411009579896927,-0.7018734216690063,-0.09719827026128769,-0.6913875937461853
1773449510.9790208,1.6055188179016113,0.7828933000564575,0.9524495005607605,0.14104773104190826,-0.7017239332199097,-0.09771238267421722,-0.6914776563644409
1773449510.9890587,1.6052168607711792,0.7825741171836853,0.9526230096817017,0.13001208007335663,-0.6988992094993591,-0.09628438204526901,-0.6966822147369385
1773449510.9990134,1.605226755142212,0.7825946807861328,0.9526049494743347,0.13054881989955902,-0.6987472772598267,-0.09612289816141129,-0.6967565417289734
1773449511.0090241,1.605038046836853,0.7825330495834351,0.9525853395462036,0.12736351788043976,-0.6977453827857971,-0.09554427862167358,-0.698427677154541
1773449511.0189598,1.6051852703094482,0.7826231122016907,0.9526187181472778,0.13009653985500336,-0.6984632611274719,-0.09743398427963257,-0.6969437599182129
1773449511.0290327,1.6054000854492188,0.7830042243003845,0.9524348974227905,0.1409691721200943,-0.7012578248977661,-0.10087962448596954,-0.6915117502212524
1773449511.0390391,1.6049792766571045,0.7825495600700378,0.9526176452636719,0.1275784969329834,-0.6973117589950562,-0.09651471674442291,-0.6986880302429199
1773449511.0490208,1.6053431034088135,0.7832221984863281,0.9523695111274719,0.14114823937416077,-0.7027431130409241,-0.09101390093564987,-0.6913362741470337
1773449511.059045,1.6051602363586426,0.7825517654418945,0.9525989294052124,0.13020795583724976,-0.698631763458252,-0.09434694051742554,-0.697178840637207
1773449511.0690365,1.6047265529632568,0.7821783423423767,0.9526664614677429,0.13822589814662933,-0.7005603909492493,-0.09277721494436264,-0.693902850151062
1773449511.0790396,1.6047167778015137,0.7822192311286926,0.9526368975639343,0.13801343739032745,-0.7003080248832703,-0.09332409501075745,-0.6941264867782593
1773449511.0890431,1.605112075805664,0.7827500104904175,0.9525049328804016,0.1507551372051239,-0.7039259076118469,-0.09887667000293732,-0.6870113611221313
1773449511.099042,1.6050885915756226,0.7826621532440186,0.9525060653686523,0.1515488475561142,-0.7047441005706787,-0.09335120767354965,-0.6867709755897522
1773449511.1090221,1.604636788368225,0.7821828126907349,0.9526514410972595,0.13772937655448914,-0.7003538608551025,-0.09324079006910324,-0.6941479444503784
1773449511.1190429,1.604814887046814,0.7825694680213928,0.9526071548461914,0.12751363217830658,-0.6970062851905823,-0.09663306176662445,-0.6989883184432983
1773449511.1290655,1.6046465635299683,0.7821916937828064,0.952653706073761,0.13815641403198242,-0.7003220915794373,-0.0931125208735466,-0.6941123008728027
1773449511.1390538,1.6046396493911743,0.7822133898735046,0.9526962041854858,0.13813388347625732,-0.7001380324363708,-0.09377825260162354,-0.6942128539085388
1773449511.1490242,1.6046686172485352,0.7821602821350098,0.9526689648628235,0.13870616257190704,-0.7004454135894775,-0.09287236630916595,-0.6939104199409485
1773449511.159037,1.6046311855316162,0.7822458148002625,0.9526590704917908,0.13773426413536072,-0.7000360488891602,-0.09419175237417221,-0.6943390965461731
1773449511.1690412,1.6046637296676636,0.782203733921051,0.9526564478874207,0.13817650079727173,-0.7003195881843567,-0.09222577512264252,-0.6942291855812073
1773449511.1790404,1.604637622833252,0.7821786403656006,0.9526225328445435,0.13706637918949127,-0.7000971436500549,-0.09321489185094833,-0.6945413947105408
1773449511.189023,1.6046425104141235,0.7821924686431885,0.9526820778846741,0.13842079043388367,-0.699964702129364,-0.09447216242551804,-0.6942364573478699
1773449511.1990466,1.6046420335769653,0.7821970582008362,0.9526395797729492,0.13818685710430145,-0.700235903263092,-0.0933835506439209,-0.6941567659378052
1773449511.2090554,1.6047571897506714,0.7823401093482971,0.952668309211731,0.13971751928329468,-0.7012157440185547,-0.09368309378623962,-0.6928195953369141
1773449511.2190166,1.605031967163086,0.782650351524353,0.9524796009063721,0.1515618860721588,-0.7043207883834839,-0.09743767231702805,-0.6866346597671509
1773449511.2290642,1.6049604415893555,0.7829124927520752,0.9524427056312561,0.15087416768074036,-0.7052544355392456,-0.08966998010873795,-0.6868860125541687
1773449511.2390287,1.6045485734939575,0.782254159450531,0.9526911377906799,0.13826335966587067,-0.7002697587013245,-0.09268294274806976,-0.6942013502120972
1773449511.2490509,1.6044758558273315,0.7823950052261353,0.9526744484901428,0.13894309103488922,-0.7016604542732239,-0.0826011374592781,-0.6939341425895691
1773449511.2590423,1.6045231819152832,0.7822577357292175,0.9526669383049011,0.1378086805343628,-0.7006688714027405,-0.08980867266654968,-0.6942668557167053
1773449511.2690206,1.6044968366622925,0.782362699508667,0.9525898098945618,0.13761846721172333,-0.7005655765533447,-0.08916671574115753,-0.6944913864135742
1773449511.2790384,1.6045210361480713,0.7822839021682739,0.9526285529136658,0.13800175487995148,-0.700527548789978,-0.09240315109491348,-0.6940305233001709
1773449511.2890415,1.6049338579177856,0.7827959656715393,0.9524451494216919,0.15099982917308807,-0.7043539881706238,-0.09494568407535553,-0.6870734691619873
1773449511.2990384,1.6044814586639404,0.7822756171226501,0.9527158141136169,0.13843069970607758,-0.7001307010650635,-0.0927211344242096,-0.694303035736084
1773449511.309059,1.6044511795043945,0.7823442816734314,0.9526616334915161,0.1386740803718567,-0.7005957365036011,-0.09101659804582596,-0.6940109133720398
1773449511.3190389,1.6044418811798096,0.7823367118835449,0.9526417851448059,0.13802799582481384,-0.7003607749938965,-0.09157855808734894,-0.6943028569221497
1773449511.3290427,1.604428768157959,0.7823100090026855,0.9526591897010803,0.1375260353088379,-0.7001073956489563,-0.0914948433637619,-0.6946690082550049
1773449511.3390236,1.6044201850891113,0.7823671102523804,0.9526358246803284,0.13805367052555084,-0.7002835273742676,-0.09194942563772202,-0.6943266987800598
1773449511.3490407,1.6043524742126465,0.7825263142585754,0.9526685476303101,0.13892242312431335,-0.7013694643974304,-0.08427628874778748,-0.6940309405326843
1773449511.3590455,1.604811429977417,0.7828528881072998,0.9524958729743958,0.1522400975227356,-0.7042402625083923,-0.0940997302532196,-0.6870326995849609
1773449511.3690522,1.6047630310058594,0.7829904556274414,0.9525212049484253,0.15242542326450348,-0.7049612402915955,-0.0887824222445488,-0.6869599223136902
1773449511.3790154,1.6044049263000488,0.7823396921157837,0.952687680721283,0.13885420560836792,-0.7003116011619568,-0.0913090929389,-0.694223165512085
1773449511.3890557,1.6044111251831055,0.7822679281234741,0.9526923298835754,0.13768047094345093,-0.6998775601387024,-0.09349528700113297,-0.6946036219596863
1773449511.3990479,1.6043163537979126,0.7824791073799133,0.9526470899581909,0.1386357694864273,-0.7011516094207764,-0.08453767746686935,-0.6942766904830933
1773449511.4090521,1.6044211387634277,0.7822961807250977,0.9526216387748718,0.1379806399345398,-0.7003310918807983,-0.09066199511289597,-0.6944624781608582
1773449511.41904,1.6044055223464966,0.7822890877723694,0.9526494741439819,0.13833075761795044,-0.7003573179244995,-0.09018754214048386,-0.6944281458854675
1773449511.4290166,1.6043740510940552,0.7823634147644043,0.9526662230491638,0.13863888382911682,-0.7002198100090027,-0.09116380661725998,-0.6943778395652771
1773449511.4390366,1.6043813228607178,0.782383382320404,0.9526942372322083,0.1384139060974121,-0.7000946998596191,-0.09075023978948593,-0.6946031451225281
1773449511.4490275,1.6043716669082642,0.7823954820632935,0.9526636004447937,0.1383502036333084,-0.7000240087509155,-0.09175880253314972,-0.6945544481277466
1773449511.459024,1.6043704748153687,0.7823385000228882,0.9526405930519104,0.13883192837238312,-0.7002617120742798,-0.09088792651891708,-0.6943332552909851
1773449511.4690535,1.6043123006820679,0.7824519276618958,0.9526445865631104,0.13836577534675598,-0.700062096118927,-0.09074889868497849,-0.6946457624435425
1773449511.4790585,1.6042360067367554,0.7826527953147888,0.9526629447937012,0.13889433443546295,-0.7010329961776733,-0.08545994758605957,-0.6942318081855774
1773449511.4890258,1.604278326034546,0.7825672030448914,0.9526615142822266,0.13952217996120453,-0.7000834345817566,-0.09147320687770844,-0.6942977905273438
1773449511.49904,1.6046817302703857,0.7832792401313782,0.9525317549705505,0.15347768366336823,-0.7045058608055115,-0.09078635275363922,-0.686930775642395
1773449511.509044,1.6046570539474487,0.7832335829734802,0.9525066614151001,0.15411947667598724,-0.7037131786346436,-0.09595140069723129,-0.6868976354598999
1773449511.5190542,1.6046345233917236,0.783264696598053,0.9525070786476135,0.15491795539855957,-0.7034756541252136,-0.09718871116638184,-0.6867873668670654
1773449511.5290246,1.604577660560608,0.7833120822906494,0.9524904489517212,0.15537507832050323,-0.703521192073822,-0.09701205044984818,-0.6866623759269714
1773449511.5390513,1.6046541929244995,0.7835873961448669,0.9525159597396851,0.1570298969745636,-0.7016957402229309,-0.10229889303445816,-0.6873860955238342
1773449511.5490444,1.6045225858688354,0.783687949180603,0.9526106119155884,0.1355263739824295,-0.6958212852478027,-0.10076852887868881,-0.6980766654014587
1773449511.5590296,1.604454755783081,0.7837902307510376,0.9526019096374512,0.13589729368686676,-0.6958217024803162,-0.09996145963668823,-0.6981202363967896
1773449511.5690494,1.6046345233917236,0.7842817902565002,0.9524804353713989,0.1475539356470108,-0.6987502574920654,-0.10544788092374802,-0.6919947862625122
1773449511.579044,1.6045557260513306,0.784480631351471,0.9524306058883667,0.14767903089523315,-0.6985417008399963,-0.10561186075210571,-0.6921535730361938
1773449511.5890262,1.6040469408035278,0.7841381430625916,0.9526021480560303,0.13451145589351654,-0.6943714618682861,-0.1028483435511589,-0.6994121074676514
1773449511.5990648,1.6043660640716553,0.7846984267234802,0.9522371292114258,0.14990529417991638,-0.699040412902832,-0.10838410258293152,-0.6907415986061096
1773449511.6091044,1.6026954650878906,0.7819231748580933,0.9527555108070374,0.9713348746299744,-0.03425376117229462,-0.00811187643557787,0.23509469628334045
1773449511.6291237,1.6038029193878174,0.7847691178321838,0.9523943066596985,-0.142515629529953,0.6965864896774292,0.09741982072591782,0.6963950395584106
1773449511.6391048,1.6037101745605469,0.7848274111747742,0.9523729085922241,-0.14213569462299347,0.6967412829399109,0.09760210663080215,0.6962922811508179
1773449511.6491032,1.6025086641311646,0.7825819849967957,0.9527043700218201,0.9706898927688599,-0.03750811889767647,-0.009288952685892582,0.23720866441726685
1773449511.6590939,1.6035960912704468,0.7849776744842529,0.9523727893829346,-0.14096486568450928,0.6965539455413818,0.09883972257375717,0.6965430974960327
1773449511.6690142,1.6026369333267212,0.7832812666893005,0.9527378678321838,-0.9742879271507263,0.03151793032884598,0.003273848444223404,-0.22306706011295319
1773449511.679036,1.60260808467865,0.7833516597747803,0.952748715877533,-0.9745489954948425,0.031621046364307404,0.0035977570805698633,-0.22190417349338531
1773449511.6890388,1.6035281419754028,0.7850643992424011,0.9523494839668274,-0.14111211895942688,0.696495771408081,0.0991656705737114,0.6965251564979553
1773449511.6990592,1.6034207344055176,0.7852283716201782,0.9523898959159851,-0.14136283099651337,0.6962162852287292,0.10296037048101425,0.6962029933929443
1773449511.7090416,1.6034315824508667,0.7853084206581116,0.9523798227310181,-0.14099706709384918,0.6961236596107483,0.10314679145812988,0.6963421702384949
1773449511.7190223,1.603440523147583,0.7852289080619812,0.9523957371711731,-0.14254134893417358,0.6961541771888733,0.10214468091726303,0.6961449384689331
1773449511.729042,1.603511929512024,0.7850639224052429,0.9523508548736572,-0.14140614867210388,0.6964021921157837,0.09867746382951736,0.6966283917427063
1773449511.7390392,1.6024467945098877,0.7829709649085999,0.9526413679122925,-0.9721038937568665,0.03687954321503639,0.007570630870759487,-0.231509268283844
1773449511.7490602,1.6032609939575195,0.7849507927894592,0.9530944228172302,-0.1416272222995758,0.696324348449707,0.09491279721260071,0.6971840858459473
1773449511.759055,1.6033879518508911,0.7852457165718079,0.9524604082107544,-0.1416679173707962,0.6964892148971558,0.10368894040584564,0.6957598328590393
1773449511.769078,1.6023435592651367,0.7830906510353088,0.9526827931404114,-0.9728615880012512,0.03447945415973663,0.006745045073330402,-0.22870519757270813
1773449511.7790248,1.6032228469848633,0.785203218460083,0.9524780511856079,-0.14045655727386475,0.6968806385993958,0.10131021589040756,0.6959637999534607
1773449511.789053,1.6032049655914307,0.785240113735199,0.9525149464607239,-0.14042425155639648,0.6972505450248718,0.10165472328662872,0.6955495476722717
1773449511.7990253,1.6023502349853516,0.783419132232666,0.952705442905426,-0.9745761156082153,0.030263878405094147,0.004555915016680956,-0.22195683419704437
1773449511.8090284,1.6031125783920288,0.7852010130882263,0.9524720907211304,-0.14085710048675537,0.6970928311347961,0.10124512761831284,0.6956798434257507
1773449511.8190548,1.603111743927002,0.7853742837905884,0.9523969292640686,-0.14131127297878265,0.6964991092681885,0.10362271219491959,0.6958321928977966
1773449511.8290346,1.6031122207641602,0.7853547930717468,0.9524056315422058,-0.14109119772911072,0.6965670585632324,0.10481513291597366,0.6956301927566528
