t,x,y,z,qx,qy,qz,qw
1773116693.6832373,-0.013401906937360764,0.3553936183452606,0.8363223075866699,-0.8302062749862671,-0.008555649779736996,-0.5570381283760071,-0.019821347668766975
1773116693.7532709,-0.01314748264849186,0.35543978214263916,0.8362413048744202,-0.8301823139190674,-0.008305903524160385,-0.5570840835571289,-0.019643357023596764
1773116693.763246,-0.013017186895012856,0.3554457128047943,0.8363032937049866,-0.8301602602005005,-0.009194239042699337,-0.5570812821388245,-0.020245172083377838
1773116693.7832606,-0.012655740603804588,0.3555101156234741,0.8363080024719238,-0.8307052850723267,-0.010568602941930294,-0.5562466382980347,-0.0201710257679224
1773116693.7932436,-0.012536508962512016,0.3555092215538025,0.8362696170806885,-0.8303874135017395,-0.010229768231511116,-0.5567212104797363,-0.020338065922260284
1773116693.8032098,-0.01244080625474453,0.3555253744125366,0.83620285987854,-0.8305112719535828,-0.009376127272844315,-0.5565714240074158,-0.01978329010307789
1773116693.8132632,-0.012343618087470531,0.35552680492401123,0.8361786007881165,-0.8303667306900024,-0.009589159861207008,-0.5567764639854431,-0.019980186596512794
1773116693.8232422,-0.012218489311635494,0.35553285479545593,0.8361753225326538,-0.8303744792938232,-0.009317501448094845,-0.5567748546600342,-0.019829479977488518
1773116693.8332732,-0.01208528596907854,0.3555007874965668,0.8362944722175598,-0.8299755454063416,-0.008080602623522282,-0.5572305917739868,-0.023862522095441818
1773116693.8432012,-0.011947626248002052,0.3557000458240509,0.8362617492675781,-0.8303167819976807,-0.01019829697906971,-0.5568399429321289,-0.019984504207968712
1773116693.8532813,-0.011840751394629478,0.3555890619754791,0.8363097906112671,-0.8301656246185303,-0.008998936042189598,-0.556898295879364,-0.024666504934430122
1773116693.8632736,-0.01164640486240387,0.35556918382644653,0.8362439870834351,-0.8303614258766174,-0.009190560318529606,-0.5566389560699463,-0.023846929892897606
1773116693.883247,-0.011317513883113861,0.3555171489715576,0.8362533450126648,-0.8301968574523926,-0.008458031341433525,-0.5569061040878296,-0.023609749972820282
1773116693.89325,-0.011159878224134445,0.3557567894458771,0.8361912965774536,-0.8302148580551147,-0.011400479823350906,-0.5564591884613037,-0.031090475618839264
1773116693.9032528,-0.010968557558953762,0.3558198809623718,0.8362401127815247,-0.830173134803772,-0.011678212322294712,-0.5564255118370056,-0.03266575187444687
1773116693.9132652,-0.010798525996506214,0.3559039533138275,0.836207926273346,-0.8303102850914001,-0.011987806297838688,-0.5562525391578674,-0.032003678381443024
1773116693.9232008,-0.010602644644677639,0.35594069957733154,0.8361918926239014,-0.8305754661560059,-0.012260649353265762,-0.5558485388755798,-0.03203874081373215
1773116693.933263,-0.010115711018443108,0.3558657765388489,0.8357290625572205,-0.012489055283367634,0.04759925976395607,-0.04126423969864845,0.9979356527328491
1773116693.9432623,-0.010103892534971237,0.35593658685684204,0.836144745349884,0.8308094143867493,0.013671673834323883,0.5552513003349304,0.035564959049224854
1773116693.9532773,-0.009863239713013172,0.35590213537216187,0.8361364006996155,0.8307916522026062,0.013545654714107513,0.5553046464920044,0.03519390523433685
1773116693.9632435,-0.009570381604135036,0.35599657893180847,0.836135983467102,0.8303762078285217,0.013145835138857365,0.5558581948280334,0.03639015927910805
1773116693.9732704,-0.009265322238206863,0.3560565710067749,0.8361901044845581,0.8302130103111267,0.012755212374031544,0.5560099482536316,0.03790365159511566
1773116693.9832456,-0.009303340688347816,0.3555434048175812,0.8364391922950745,0.8283191919326782,0.005419550929218531,0.5598243474960327,0.021323084831237793
1773116693.9932773,-0.00898783840239048,0.355574369430542,0.8364114761352539,0.8283236622810364,0.00507501233369112,0.5597877502441406,0.022177567705512047
1773116694.0032449,-0.008469277992844582,0.35534733533859253,0.8363279104232788,0.8298706412315369,0.0033697367180138826,0.557680606842041,0.017196640372276306
1773116694.0132444,-0.0082381721585989,0.3556148111820221,0.8362978100776672,0.8288311958312988,0.006363502703607082,0.5589200854301453,0.024635542184114456
1773116694.0232441,-0.007857692427933216,0.35568538308143616,0.836225688457489,0.8288142085075378,0.0063734399154782295,0.5589560270309448,0.0243813656270504
1773116694.163279,-0.0012588580138981342,0.35616424679756165,0.8354654908180237,0.00833036843687296,-0.05143698304891586,0.047713421285152435,-0.9975010752677917
1773116694.3132477,0.005746566690504551,0.35489174723625183,0.8348730206489563,0.8326659202575684,0.03172164410352707,0.5523754954338074,0.02329353801906109
1773116694.323266,0.006302679888904095,0.35496625304222107,0.8348575830459595,0.8329170346260071,0.03277570754289627,0.5519029498100281,0.024042708799242973
1773116694.3332448,0.006948806345462799,0.35511621832847595,0.8347262144088745,0.8340867161750793,0.03536390885710716,0.5498002171516418,0.027721969410777092
1773116694.3732073,0.009719379246234894,0.3554176390171051,0.8347250819206238,0.8316929936408997,0.031165068969130516,0.553639829158783,0.028256811201572418
1773116694.383251,0.010309777222573757,0.3553484082221985,0.8347773551940918,0.8309610486030579,0.02980310097336769,0.5545715093612671,0.032649800181388855
1773116694.3932636,0.011566132307052612,0.35638120770454407,0.8351123929023743,0.011810027062892914,-0.05109046399593353,0.04722136631608009,-0.9975070953369141
1773116694.4032636,0.012372685596346855,0.3562927842140198,0.8348105549812317,0.018756607547402382,-0.05052630975842476,0.04338732361793518,-0.9976035952568054
1773116694.4132512,0.01240734662860632,0.3557373285293579,0.8357246518135071,0.828633189201355,0.0028308890759944916,0.5594402551651001,0.019641665741801262
1773116694.4232469,0.013566426001489162,0.3556057810783386,0.8356592059135437,0.830344557762146,0.005077489651739597,0.5568399429321289,0.02077391929924488
1773116694.4332442,0.01425919122993946,0.35575437545776367,0.8355093598365784,0.8306593298912048,0.004586143419146538,0.5564303398132324,0.019220298156142235
1773116694.4432003,0.015058182179927826,0.3557979166507721,0.8351411819458008,-0.003050061874091625,-0.04638097807765007,0.04028599336743355,-0.9981064796447754
1773116694.4532657,0.01661757566034794,0.35625001788139343,0.8351026773452759,-0.8383810520172119,-0.008513033390045166,-0.5442964434623718,-0.02804149128496647
1773116694.46328,0.016590038314461708,0.3558613955974579,0.8354521989822388,-0.8320567011833191,-0.004519976209849119,-0.5543613433837891,-0.01856854185461998
1773116694.4732525,0.01733624003827572,0.35590606927871704,0.8354941606521606,-0.8318771719932556,-0.00516480440273881,-0.5545548796653748,-0.020561395213007927
1773116694.4832518,0.018580637872219086,0.3568335175514221,0.8350595235824585,-0.01625952497124672,-0.04829426482319832,0.016438240185379982,-0.9985655546188354
1773116694.4932034,0.018854789435863495,0.3560587465763092,0.8353685140609741,-0.8318368792533875,-0.004373667296022177,-0.5545153021812439,-0.023263147100806236
1773116694.5032053,0.019830316305160522,0.356151282787323,0.8349797129631042,6.136301635706332e-06,0.048846982419490814,-0.04242049157619476,0.9979050159454346
1773116694.5632656,0.02573339454829693,0.3571176528930664,0.8344036340713501,-0.8402814865112305,-0.021679002791643143,-0.5416259169578552,-0.009929084219038486
1773116694.6032753,0.02841472439467907,0.35617172718048096,0.834527850151062,-0.003346269717440009,0.0499255508184433,-0.04113674908876419,0.9978998899459839
1773116694.613275,0.029256314039230347,0.35634416341781616,0.8344460725784302,-0.004392072558403015,0.05001005157828331,-0.039320774376392365,0.9979647994041443
1773116694.6232584,0.030188769102096558,0.35656315088272095,0.8343085050582886,-0.007569666486233473,0.05115902051329613,-0.03897301107645035,0.9979011416435242
1773116694.6532793,0.034439750015735626,0.3544459939002991,0.8334746360778809,-0.8211710453033447,-0.07200004905462265,-0.5656848549842834,-0.02224728837609291
1773116694.6632457,0.03517289459705353,0.35764339566230774,0.834545910358429,-0.015649225562810898,-0.059754107147455215,0.030055271461606026,-0.9976378679275513
1773116694.6732788,0.035352520644664764,0.3573865294456482,0.8348551392555237,-0.025086848065257072,-0.04821678623557091,0.03029356338083744,-0.998062252998352
1773116694.6832657,0.036321740597486496,0.3573266863822937,0.8348665833473206,-0.025696298107504845,-0.046828750520944595,0.03096647560596466,-0.9980921745300293
1773116694.6932023,0.03647203370928764,0.35670313239097595,0.8346683979034424,-0.013833443634212017,-0.05122663825750351,0.04989639297127724,-0.997343897819519
1773116694.7031987,0.03743714839220047,0.3570147156715393,0.8345540165901184,-0.014129997231066227,-0.05129262059926987,0.0526312030851841,-0.997195839881897
1773116694.7132435,0.03877370432019234,0.3562104105949402,0.8346132040023804,-0.8326376080513,-0.00823446549475193,-0.5534537434577942,-0.018326304852962494
1773116694.7232678,0.04051918908953667,0.3570192754268646,0.8345310688018799,-0.01476440578699112,-0.04396786913275719,0.013397716917097569,-0.9988340735435486
1773116694.7332063,0.040811073035001755,0.3566814363002777,0.8339287638664246,-0.007152124773710966,-0.047660306096076965,0.015385158360004425,-0.9987195134162903
1773116694.7432432,0.04130081459879875,0.3561014235019684,0.8342981338500977,-0.8306958675384521,-0.013366113416850567,-0.5559630990028381,-0.025901097804307938
1773116694.7532742,0.043281543999910355,0.3570515811443329,0.8339622020721436,-0.002761349780485034,-0.04298079386353493,0.017877042293548584,-0.9989122152328491
1773116694.7632673,0.04374074935913086,0.35647904872894287,0.8336235880851746,0.014983666129410267,-0.04826273024082184,0.040292803198099136,-0.9979091882705688
1773116694.7732515,0.04428400471806526,0.3562391698360443,0.8341295123100281,0.829176127910614,0.008295528590679169,0.5584695935249329,0.0225827619433403
1773116694.7832499,0.045527469366788864,0.3564612865447998,0.8335965871810913,0.0037316628731787205,-0.04428154230117798,0.03831849992275238,-0.9982770681381226
1773116694.8132644,0.0486237108707428,0.35625118017196655,0.8339760303497314,0.8321031332015991,0.00476696714758873,0.5540770292282104,0.02408960834145546
1773116694.8532052,0.05328860878944397,0.357212096452713,0.8333291411399841,0.006293417885899544,-0.05227820202708244,0.049313973635435104,-0.9973943829536438
1773116694.8632517,0.05440865084528923,0.35731062293052673,0.8333572745323181,0.003960008267313242,-0.053874943405389786,0.047712814062833786,-0.9973993301391602
1773116694.8732488,0.05637019872665405,0.3575347661972046,0.8333541750907898,-0.013286263681948185,-0.061240993440151215,0.031667161732912064,-0.9975321292877197
1773116694.8832839,0.0564160980284214,0.356540709733963,0.834048330783844,-0.8337910771369934,0.009461138397455215,-0.5516307950019836,-0.020158890634775162
1773116694.9032767,0.05898666009306908,0.356981098651886,0.8334858417510986,0.00868724100291729,0.05194288119673729,-0.051357656717300415,0.997290849685669
1773116694.9132495,0.06007334589958191,0.35718128085136414,0.8333891034126282,0.0071970256976783276,0.05207701399922371,-0.05362016707658768,0.9971765875816345
1773116694.9332817,0.06287528574466705,0.3570784330368042,0.832791805267334,0.003276313189417124,0.0492924340069294,-0.017783354967832565,0.9986207485198975
1773116694.9432786,0.06373723596334457,0.3564698398113251,0.8328151702880859,-0.011275267228484154,0.04904213175177574,-0.03983044996857643,0.9979385137557983
1773116694.9532554,0.06501404941082001,0.3566388785839081,0.8326842188835144,-0.017417162656784058,0.049847424030303955,-0.041616134345531464,0.9977375268936157
1773116694.9632678,0.06676239520311356,0.3570201098918915,0.8332147002220154,0.01895298808813095,0.04256146401166916,-0.01471993513405323,0.998805582523346
1773116694.9732645,0.0669301375746727,0.35660937428474426,0.8330584764480591,-0.0019366955384612083,0.044973861426115036,-0.03799458220601082,0.9982635378837585
1773116694.9932537,0.06942927092313766,0.3565152585506439,0.8332788944244385,-0.8323376178741455,-0.004169308580458164,-0.5540830492973328,-0.01373469177633524
1773116695.0032473,0.07168154418468475,0.3573261797428131,0.8333618640899658,-0.018892351537942886,-0.044082432985305786,0.01985812559723854,-0.998651921749115
1773116695.0132136,0.07225482910871506,0.3568057417869568,0.832899808883667,0.00343829276971519,-0.05168169364333153,0.04495088383555412,-0.9976455569267273
1773116695.0432792,0.07621707022190094,0.35754239559173584,0.8326523303985596,0.012983640655875206,-0.053243424743413925,0.04517395794391632,-0.9974747896194458
1773116695.0632467,0.07840276509523392,0.3568417727947235,0.833265483379364,0.8336026072502136,-0.0066301580518484116,0.5518670678138733,0.022484425455331802
1773116695.0732703,0.0798456147313118,0.356969952583313,0.8327604532241821,-0.005777096375823021,-0.052253272384405136,0.0497402623295784,-0.9973776340484619
1773116695.0832655,0.08105967938899994,0.35720422863960266,0.8326526284217834,-0.002621264662593603,-0.05240613967180252,0.051370348781347275,-0.9973003268241882
1773116695.0932658,0.08263975381851196,0.3581065535545349,0.8324896097183228,-0.009585969150066376,-0.05253324657678604,0.03574945405125618,-0.9979330897331238
1773116695.1132674,0.08445833623409271,0.3560772240161896,0.8320719599723816,0.02708207443356514,-0.04715683311223984,0.022668728604912758,-0.9982629418373108
1773116695.1232133,0.08565359562635422,0.3562239706516266,0.8319803476333618,0.030075060203671455,-0.04727080836892128,0.023425430059432983,-0.9981544613838196
1773116695.1332076,0.08732422441244125,0.3567774295806885,0.8329766392707825,0.8324509263038635,-0.0026992897037416697,0.553814709186554,0.017538048326969147
1773116695.1432042,0.0886814147233963,0.3575083613395691,0.8327129483222961,-0.013831253163516521,-0.05343810096383095,0.05461354926228523,-0.9969806671142578
1773116695.1632056,0.09122519940137863,0.3563481867313385,0.8332489132881165,0.8301432728767395,0.002035090234130621,0.5574610829353333,0.009754660539329052
1773116695.1732123,0.09297221899032593,0.3568987548351288,0.8329325318336487,0.8328280448913574,0.007891718298196793,0.5526613593101501,0.030009005218744278
1773116695.1832647,0.0943712368607521,0.35708364844322205,0.8324819803237915,-0.008118243888020515,0.05043986067175865,-0.04226911440491676,0.997799277305603
1773116695.2032492,0.09800909459590912,0.35538849234580994,0.8320530652999878,0.8255345225334167,0.06291792541742325,0.5597898960113525,0.034197013825178146
1773116695.213255,0.10088212788105011,0.35744497179985046,0.8322979807853699,0.021399246528744698,-0.06717883050441742,0.047483984380960464,-0.9963806867599487
1773116695.2332509,0.10286638885736465,0.35804787278175354,0.832240104675293,0.013370811939239502,-0.05646439269185066,0.02130172774195671,-0.9980878829956055
1773116695.263287,0.10569392889738083,0.3575059771537781,0.8325042128562927,-0.832897424697876,-0.011893955059349537,-0.5520318746566772,-0.03743532672524452
1773116695.2732668,0.10732629895210266,0.3573109805583954,0.8318397402763367,-0.018765946850180626,0.05213824287056923,-0.04831720143556595,0.9972938299179077
1773116695.2832847,0.10938265919685364,0.35799917578697205,0.8324044346809387,0.022219223901629448,0.04919566586613655,-0.02902377024292946,0.998120129108429
1773116695.2932682,0.11082762479782104,0.3582533597946167,0.8322003483772278,0.022770943120121956,0.04887000843882561,-0.03029324673116207,0.9980859160423279
1773116695.3032658,0.11154022812843323,0.35752764344215393,0.8317696452140808,0.014386896044015884,0.05346151441335678,-0.05226558446884155,0.9970974326133728
1773116695.3132813,0.11278527230024338,0.35734158754348755,0.8325015902519226,-0.8320395946502686,0.019322022795677185,-0.5542513728141785,-0.011928725056350231
1773116695.323205,0.11487221717834473,0.3581331968307495,0.8316532373428345,0.002313204575330019,0.05464184656739235,-0.06280234456062317,0.9965263605117798
1773116695.3332129,0.11667025834321976,0.35741594433784485,0.8312009572982788,-0.012759428471326828,0.049030374735593796,-0.04252367094159126,0.9978100657463074
1773116695.3432477,0.11765214055776596,0.35647842288017273,0.8314208388328552,-0.8287720680236816,-0.016064131632447243,-0.5589358806610107,-0.02166931889951229
1773116695.3532867,0.12074879556894302,0.35753509402275085,0.8308107256889343,-0.8381937742233276,-0.029961124062538147,-0.5442916750907898,-0.016740938648581505
1773116695.3632495,0.1221105307340622,0.3572310507297516,0.8312342762947083,-0.010203331708908081,-0.04111988842487335,0.011087331920862198,-0.9990406036376953
1773116695.373266,0.1228109747171402,0.35700321197509766,0.8314099311828613,-0.832112729549408,-0.004789033439010382,-0.5538910031318665,-0.02775459550321102
1773116695.3832707,0.12584510445594788,0.3575645089149475,0.8310892581939697,-0.011457138694822788,0.04440463334321976,-0.0433974452316761,0.9980049133300781
1773116695.3932536,0.1274038702249527,0.3579333424568176,0.8309609293937683,-0.01676230877637863,0.046661097556352615,-0.04437660053372383,0.9977838397026062
1773116695.4032571,0.12813220918178558,0.3580458164215088,0.8308767080307007,-0.013169783167541027,0.055301498621702194,-0.04929373785853386,0.9971652030944824
1773116695.4132643,0.13111266493797302,0.3587377667427063,0.8311143517494202,0.0020189720671623945,0.06005389243364334,-0.02940387651324272,0.9977599382400513
1773116695.4232152,0.13135655224323273,0.3575423061847687,0.8310543298721313,0.0014406283153221011,0.05502673611044884,-0.05179043114185333,0.9971398115158081
1773116695.433282,0.1330619901418686,0.3578527569770813,0.8309323191642761,0.0016604055417701602,0.05353246629238129,-0.050797827541828156,0.9972718954086304
1773116695.4432714,0.13485053181648254,0.35799717903137207,0.8308702111244202,-0.0002085421874653548,0.05485646799206734,-0.054300129413604736,0.9970166683197021
1773116695.453251,0.1365789920091629,0.35816699266433716,0.8307943344116211,-0.008095508441329002,0.05467350780963898,-0.058974239975214005,0.9967283010482788
1773116695.4632788,0.13793650269508362,0.35837322473526,0.8307502865791321,-0.007589440327137709,0.05385347083210945,-0.05996193364262581,0.9967180490493774
1773116695.4732506,0.1394120305776596,0.3579162359237671,0.8308495283126831,0.012489943765103817,0.05497795343399048,-0.05831635370850563,0.9967048764228821
1773116695.4832785,0.14238864183425903,0.35785210132598877,0.8299113512039185,0.8387907147407532,0.02949216403067112,0.5432934761047363,0.01981375925242901
1773116695.4932077,0.14277362823486328,0.3571411669254303,0.8303757905960083,0.8328882455825806,0.007272244896739721,0.5529217720031738,0.022844677790999413
1773116695.5032518,0.14461976289749146,0.35732021927833557,0.8304792642593384,0.8327035307884216,0.004830404184758663,0.5527258515357971,0.032796770334243774
1773116695.5132673,0.14643289148807526,0.3577437102794647,0.8299117684364319,0.008992966264486313,-0.05037249997258186,0.04751470312476158,-0.9975590705871582
1773116695.523206,0.1493035852909088,0.35817527770996094,0.8299875855445862,0.020222298800945282,-0.045351047068834305,0.04747277870774269,-0.9976375699043274
1773116695.5532854,0.15308570861816406,0.3578449487686157,0.8297264575958252,0.00403174664825201,-0.05510272458195686,0.051890142261981964,-0.9971233010292053
1773116695.563268,0.15479394793510437,0.3581257164478302,0.8296599388122559,0.005214335862547159,-0.053526341915130615,0.051704682409763336,-0.9972133040428162
1773116695.573251,0.15660081803798676,0.35832053422927856,0.8296149969100952,0.006811958272010088,-0.05429508537054062,0.052929725497961044,-0.997097909450531
1773116695.583251,0.1584681123495102,0.35843804478645325,0.8295778036117554,0.012254627421498299,-0.05424734205007553,0.05845605581998825,-0.9967396855354309
1773116695.5932372,0.16003599762916565,0.3578997552394867,0.8298991918563843,-0.01206795684993267,-0.05286366492509842,0.05510378256440163,-0.9970072507858276
1773116695.603199,0.1617404967546463,0.3577416241168976,0.8298782110214233,-0.8334261775016785,-0.0006394014926627278,-0.551996111869812,-0.02647434175014496
1773116695.6132753,0.16333653032779694,0.3573949933052063,0.8302603363990784,-0.8307178616523743,0.007473183795809746,-0.5565998554229736,-0.006975445430725813
1773116695.623273,0.16562072932720184,0.35874587297439575,0.8295889496803284,-0.0008185305050574243,0.05648846551775932,-0.06523729115724564,0.9962692856788635
1773116695.633268,0.16797874867916107,0.3580998182296753,0.8291678428649902,-0.012409740127623081,0.050054192543029785,-0.04435558617115021,0.9976839423179626
1773116695.6432695,0.16940005123615265,0.3575243353843689,0.8296142816543579,-0.8319826126098633,0.00031347997719421983,-0.5545535087585449,-0.016595138236880302
1773116695.6532147,0.1715073585510254,0.3577459752559662,0.8295851945877075,-0.8333837389945984,-0.0010422099148854613,-0.5523638725280762,-0.019099077209830284
1773116695.663249,0.1731119304895401,0.3578529357910156,0.82964026927948,-0.8325019478797913,0.0011433565523475409,-0.5534652471542358,-0.02480771765112877
1773116695.6732504,0.17495934665203094,0.35779327154159546,0.8289283514022827,-0.8315958380699158,-0.020153386518359184,-0.5537596940994263,-0.03731608763337135
1773116695.6832845,0.17693783342838287,0.3583580255508423,0.8285802006721497,0.017072400078177452,-0.051581766456365585,0.041637346148490906,-0.997654378414154
1773116695.693272,0.17893807590007782,0.3584787845611572,0.8284974694252014,0.020156968384981155,-0.05328187346458435,0.04546869173645973,-0.997340202331543
1773116695.7032726,0.18045659363269806,0.3577900826931,0.8291324377059937,0.8331232070922852,9.763690468389541e-05,0.552638053894043,0.02229456789791584
1773116695.7132492,0.18221540749073029,0.35799774527549744,0.8289775252342224,0.8329755663871765,0.0010611915495246649,0.5527236461639404,0.02544039487838745
1773116695.723288,0.1842215210199356,0.35875657200813293,0.8286446332931519,0.0004253848746884614,-0.05396496504545212,0.05421925336122513,-0.9970697164535522
1773116695.7332165,0.1861480474472046,0.3589647710323334,0.828601598739624,0.0009607801330275834,-0.054702211171388626,0.05552273988723755,-0.9969573616981506
1773116695.743253,0.18798285722732544,0.3590521812438965,0.8285736441612244,0.008719942532479763,-0.055624283850193024,0.06100878119468689,-0.9965479969978333
1773116695.7532706,0.18971538543701172,0.3586345613002777,0.8288111686706543,-0.017314324155449867,-0.05312967300415039,0.05610327795147896,-0.9968600869178772
1773116695.763271,0.19150854647159576,0.3587370216846466,0.82869952917099,-0.010383826680481434,-0.0553738959133625,0.06028224155306816,-0.9965901374816895
1773116695.7732692,0.1936737447977066,0.3575817048549652,0.8282651901245117,-0.8314268589019775,-0.013270944356918335,-0.5549028515815735,-0.025219334289431572
1773116695.7832866,0.19549918174743652,0.3576642870903015,0.8282066583633423,-0.8305632472038269,-0.01721961982548237,-0.5558399558067322,-0.030167579650878906
1773116695.7932823,0.19840499758720398,0.35907450318336487,0.8280255794525146,-0.002170480089262128,-0.04245850816369057,0.009089246392250061,-0.9990546107292175
1773116695.8032818,0.2002917230129242,0.3591299057006836,0.8282349109649658,-0.01946515589952469,-0.044876083731651306,0.01412348635494709,-0.9987030625343323
1773116695.813266,0.20160126686096191,0.3581205904483795,0.828364908695221,-0.8332676887512207,-0.002117263851687312,-0.552205502986908,-0.027011139318346977
1773116695.8232574,0.2037925273180008,0.35865238308906555,0.8280397057533264,0.0014221714809536934,-0.05254194512963295,0.0457015335559845,-0.9975714683532715
1773116695.8332736,0.20663683116436005,0.35890963673591614,0.8281763195991516,0.009685125201940536,-0.04685639590024948,0.050222404301166534,-0.9975913166999817
1773116695.8432734,0.2082808017730713,0.36005493998527527,0.8280021548271179,-0.011715645901858807,-0.04914361983537674,0.024304917082190514,-0.9984272122383118
1773116695.8532536,0.21039889752864838,0.3602704107761383,0.827858567237854,-0.00537892198190093,-0.05014847591519356,0.02876668982207775,-0.9983129501342773
1773116695.86327,0.21227726340293884,0.3597991466522217,0.8280766010284424,-0.026951096951961517,-0.04804898053407669,0.02660149522125721,-0.9981269836425781
1773116695.873246,0.21417230367660522,0.3601779639720917,0.8279064893722534,-0.02162955142557621,-0.049615487456321716,0.028796710073947906,-0.9981188774108887
1773116695.88328,0.2160901129245758,0.3602687120437622,0.827804684638977,-0.023020658642053604,-0.051958244293928146,0.029770834371447563,-0.9979400038719177
1773116695.8932726,0.21723897755146027,0.3594242334365845,0.8276358842849731,-0.0012047749478369951,-0.05428276211023331,0.05964911729097366,-0.9967417120933533
1773116695.903252,0.22020410001277924,0.3590174913406372,0.8274431824684143,-0.022880040109157562,-0.044174179434776306,0.013102436438202858,-0.9986758828163147
1773116695.9132357,0.2229846864938736,0.3583746552467346,0.8274659514427185,-0.006147818174213171,-0.03645559400320053,0.03796427696943283,-0.9985950589179993
1773116695.9232395,0.22460995614528656,0.3593718409538269,0.8273624181747437,-0.017644280567765236,-0.045232005417346954,0.017524966970086098,-0.9986670017242432
1773116695.9332352,0.22665834426879883,0.35978367924690247,0.8270390033721924,-0.010384160093963146,-0.04684673994779587,0.020206332206726074,-0.998643696308136
1773116695.943237,0.22872789204120636,0.36013439297676086,0.8269030451774597,-0.001616389723494649,-0.04817507788538933,0.023140650242567062,-0.9985695481300354
1773116695.953274,0.23079858720302582,0.35864385962486267,0.8267465829849243,-0.013693606480956078,-0.04358407482504845,0.006813199259340763,-0.9989327192306519
1773116695.9631782,0.23249323666095734,0.35901638865470886,0.8265466690063477,-0.006633371114730835,-0.05082208663225174,0.024099508300423622,-0.9983949065208435
1773116695.973227,0.23502378165721893,0.3597324788570404,0.8264808654785156,-0.009972677566111088,-0.046908825635910034,0.01758512109518051,-0.9986945986747742
1773116695.983253,0.2373984158039093,0.3598810136318207,0.8266510367393494,-0.00754424836486578,-0.04667888954281807,0.020444460213184357,-0.9986722469329834
1773116695.9932773,0.2399025559425354,0.35966116189956665,0.8263523578643799,0.0006351012852974236,-0.04361735284328461,0.054211005568504333,-0.9975762367248535
1773116696.0032687,0.2412438988685608,0.3600633442401886,0.8266897797584534,-0.030881164595484734,-0.05118797346949577,0.03235200047492981,-0.9976871013641357
1773116696.0132828,0.2431822419166565,0.3603872060775757,0.8265002369880676,-0.029585490003228188,-0.04985480010509491,0.032923195511102676,-0.997775137424469
1773116696.0232527,0.24587798118591309,0.3596068024635315,0.8263682723045349,-0.009244491346180439,-0.04621599242091179,0.01798820123076439,-0.9987267851829529
1773116696.0332062,0.24802616238594055,0.35988765954971313,0.8261860013008118,-0.007792473770678043,-0.04356585443019867,0.017304912209510803,-0.9988703727722168
1773116696.043289,0.25009608268737793,0.35926294326782227,0.8258169293403625,-0.01242044847458601,-0.04218384250998497,0.006419505923986435,-0.9990120530128479
1773116696.053274,0.2519894540309906,0.35878288745880127,0.8263514637947083,-0.026058372110128403,-0.03583833947777748,0.005173565819859505,-0.9990044236183167
1773116696.0632582,0.2543928623199463,0.3598312735557556,0.8257670402526855,-0.010375428944826126,-0.04618271812796593,0.015904737636446953,-0.9987525343894958
1773116696.0732117,0.25670140981674194,0.3586328327655792,0.8258855938911438,0.015047631226480007,-0.04023042321205139,0.034692760556936264,-0.998474657535553
1773116696.0832849,0.2585211396217346,0.3604889214038849,0.8257840275764465,-0.0071044377982616425,-0.05041263997554779,0.025071371346712112,-0.9983885288238525
1773116696.093269,0.2606523633003235,0.3598654270172119,0.8260119557380676,-0.027016904205083847,-0.04879886284470558,0.025287652388215065,-0.9981229305267334
1773116696.1032908,0.26305848360061646,0.36034196615219116,0.8258165717124939,-0.02020801045000553,-0.048749394714832306,0.027828309684991837,-0.9982187747955322
1773116696.113286,0.26507169008255005,0.3607150912284851,0.8256580233573914,-0.021543018519878387,-0.04649066552519798,0.028355903923511505,-0.9982838034629822
1773116696.1232228,0.2680645287036896,0.3599417209625244,0.8253785967826843,-0.001548917149193585,-0.04419003054499626,0.05539475753903389,-0.9974850416183472
1773116696.133249,0.26932385563850403,0.3602076470851898,0.8256135582923889,-0.036741647869348526,-0.050002627074718475,0.033068686723709106,-0.997525155544281
1773116696.1432028,0.27188462018966675,0.35924965143203735,0.824964165687561,-0.011735854670405388,-0.04143357276916504,0.005781782325357199,-0.9990556836128235
1773116696.1532123,0.2734321653842926,0.3585057556629181,0.8249777555465698,-0.8313972353935242,-0.018194111064076424,-0.5546483397483826,-0.028510399162769318
1773116696.1632583,0.27658066153526306,0.3602350950241089,0.8247435688972473,-0.004940609913319349,-0.04692138731479645,0.020637432113289833,-0.998673141002655
1773116696.1732752,0.27871760725975037,0.36060598492622375,0.8245573043823242,-0.0008970856433734298,-0.045950595289468765,0.02306724339723587,-0.9986769556999207
1773116696.1832714,0.28127333521842957,0.36012834310531616,0.8246834874153137,-0.019905008375644684,-0.048171453177928925,0.022295769304037094,-0.9983918070793152
1773116696.1932049,0.2832186222076416,0.36032605171203613,0.8245200514793396,-0.01907874085009098,-0.047257404774427414,0.025056397542357445,-0.9983862042427063
1773116696.2032592,0.28555402159690857,0.35971859097480774,0.8239261507987976,0.0006249853759072721,-0.04397483542561531,0.007933368906378746,-0.9990009665489197
1773116696.2132723,0.28721973299980164,0.3589545488357544,0.8238112926483154,0.01563006266951561,-0.05269094184041023,-0.003561160061508417,-0.9984822273254395
1773116696.2232463,0.2900029718875885,0.36040884256362915,0.8243981599807739,-0.031399987637996674,-0.04967483878135681,0.029838580638170242,-0.9978257417678833
1773116696.2332783,0.2923756539821625,0.3599981665611267,0.8240907788276672,-0.018375199288129807,-0.04577561840415001,0.020389769226312637,-0.9985746145248413
1773116696.2432766,0.29474470019340515,0.36082422733306885,0.82408607006073,-0.02445239946246147,-0.05113256722688675,0.0361219123005867,-0.9977388381958008
1773116696.2532692,0.29753831028938293,0.3599725663661957,0.8234608769416809,0.010077460668981075,-0.04276706278324127,0.01106821559369564,-0.9989729523658752
1773116696.2632546,0.29977843165397644,0.3594626188278198,0.8235706090927124,-0.010886099189519882,-0.04133395850658417,0.005947609432041645,-0.9990683794021606
1773116696.27327,0.30202528834342957,0.3594892621040344,0.8233749270439148,-0.003387721721082926,-0.045181117951869965,0.009092926979064941,-0.9989317059516907
1773116696.283259,0.30418193340301514,0.35977423191070557,0.8232210278511047,-0.0006346545414999127,-0.04377212002873421,0.00914524495601654,-0.9989994764328003
1773116696.2932482,0.30647438764572144,0.3600444495677948,0.8230454921722412,0.007214049343019724,-0.04504269361495972,0.010382737964391708,-0.9989050626754761
1773116696.3032541,0.3089669346809387,0.35938626527786255,0.8233069181442261,-0.01362542249262333,-0.04452434927225113,0.008805420249700546,-0.9988765716552734
1773116696.313253,0.3111409842967987,0.3605847656726837,0.8233404159545898,-0.02108210138976574,-0.04998849332332611,0.02681889198720455,-0.9981670379638672
1773116696.3232741,0.31339031457901,0.36102503538131714,0.8231673240661621,-0.02038867026567459,-0.047993145883083344,0.028471490368247032,-0.9982336759567261
1773116696.3332486,0.3156823217868805,0.3611769676208496,0.8230611681938171,-0.012303831055760384,-0.05232572928071022,0.03349795937538147,-0.9979923367500305
1773116696.3432744,0.3179790675640106,0.36079272627830505,0.8232994079589844,-0.035492148250341415,-0.04951087757945061,0.03176154941320419,-0.9976373314857483
1773116696.3532093,0.3202427327632904,0.3611951768398285,0.8231518268585205,-0.029190195724368095,-0.05056619644165039,0.033998001366853714,-0.9977149367332458
1773116696.3632476,0.32325655221939087,0.3598538041114807,0.8225439786911011,0.003256047610193491,-0.043010540306568146,0.022023029625415802,-0.9988265633583069
1773116696.3732598,0.3252744972705841,0.3603059947490692,0.8223910331726074,0.006390039809048176,-0.044432684779167175,0.011478138156235218,-0.9989261031150818
1773116696.3832564,0.32765981554985046,0.3599366545677185,0.8225071430206299,-0.011776634491980076,-0.044333912432193756,0.007859883829951286,-0.998916506767273
1773116696.3932698,0.3300468623638153,0.3600088357925415,0.8225747346878052,-0.0103420065715909,-0.04521489888429642,0.011391857638955116,-0.9988588690757751
1773116696.4032712,0.3327540159225464,0.36025509238243103,0.822769284248352,4.256234024069272e-05,-0.04409707337617874,0.038276758044958115,-0.9982937574386597
1773116696.413254,0.3345128893852234,0.36118122935295105,0.8224509954452515,-0.00738449115306139,-0.04745696112513542,0.025327609851956367,-0.9985247850418091
1773116696.4232566,0.33713266253471375,0.3606441020965576,0.822659969329834,-0.024497967213392258,-0.050240080803632736,0.024356912821531296,-0.9981396198272705
1773116696.4332526,0.33883342146873474,0.35902726650238037,0.8222071528434753,0.0019909192342311144,-0.050636500120162964,-0.008711275644600391,-0.9986772537231445
1773116696.443274,0.3412666618824005,0.35954222083091736,0.8217304348945618,0.007615078240633011,-0.05100066214799881,-0.004733001347631216,-0.9986583590507507
1773116696.4532685,0.34358900785446167,0.35950714349746704,0.8217145204544067,0.010519730858504772,-0.05117291212081909,-0.002516829175874591,-0.9986312985420227
1773116696.4632535,0.3462315499782562,0.36114761233329773,0.8222135305404663,-0.0376289039850235,-0.05025408789515495,0.032253239303827286,-0.9975061416625977
1773116696.4732547,0.34848472476005554,0.3615460693836212,0.8217859864234924,-0.027638975530862808,-0.05250721424818039,0.03513491898775101,-0.9976195096969604
1773116696.4832587,0.35150668025016785,0.36028844118118286,0.8214672207832336,-0.0020842563826590776,-0.043241288512945175,0.009875557385385036,-0.9990137219429016
1773116696.4932828,0.35364973545074463,0.36044859886169434,0.8213252425193787,0.005253045354038477,-0.04344625771045685,0.009541023522615433,-0.9989964962005615
1773116696.5032623,0.3556872606277466,0.3605740964412689,0.8216213583946228,-0.020125972107052803,-0.046603020280599594,0.018230710178613663,-0.9985443949699402
1773116696.5132544,0.3582156300544739,0.3600366413593292,0.8212563991546631,-0.006446474231779575,-0.045534465461969376,0.008307429030537605,-0.9989075064659119
1773116696.5232751,0.3605199456214905,0.3602653741836548,0.8209800124168396,-0.002778800902888179,-0.044812485575675964,0.00795818492770195,-0.9989598989486694
1773116696.533276,0.3627691864967346,0.3604273796081543,0.8209267854690552,-0.0040330709889531136,-0.04406598582863808,0.009261640720069408,-0.998977541923523
1773116696.5432725,0.36514517664909363,0.3605254292488098,0.8213157653808594,-0.02423080988228321,-0.04664033278822899,0.017811503261327744,-0.998458981513977
1773116696.5532584,0.36727944016456604,0.3611772954463959,0.8211864233016968,-0.024593323469161987,-0.05157323181629181,0.02998840995132923,-0.9979159235954285
1773116696.5632496,0.3695456385612488,0.361592561006546,0.8208827972412109,-0.016507616266608238,-0.051038745790719986,0.03268446400761604,-0.9980251789093018
1773116696.5832732,0.3742576539516449,0.3615327477455139,0.8207172155380249,-0.03194361552596092,-0.053445298224687576,0.03577370569109917,-0.9974184036254883
1773116696.5933127,0.37745803594589233,0.35983797907829285,0.8201159238815308,0.0055414289236068726,-0.03898454084992409,0.02516976371407509,-0.9989073872566223
1773116696.603211,0.37949785590171814,0.3606320023536682,0.8198647499084473,-0.0045059737749397755,-0.04369240999221802,0.009560208767652512,-0.9989891648292542
1773116696.6232538,0.3838856518268585,0.3604877293109894,0.8198646903038025,-0.013572645373642445,-0.04487401619553566,0.008843012154102325,-0.9988613724708557
1773116696.6332555,0.38621142506599426,0.3611031472682953,0.8200822472572327,-0.019452489912509918,-0.04974978417158127,0.024028543382883072,-0.9982831478118896
1773116696.643276,0.388581782579422,0.36156606674194336,0.8199489116668701,-0.013238418847322464,-0.049976665526628494,0.02641969919204712,-0.9983131885528564
1773116696.6732876,0.39620038866996765,0.36119529604911804,0.8197118043899536,-0.011419354937970638,-0.049198396503925323,0.04925410822033882,-0.9975085258483887
1773116696.6832776,0.39809751510620117,0.36215463280677795,0.8194843530654907,-0.013881989754736423,-0.052407991141080856,0.03859485685825348,-0.9977831840515137
1773116696.7032619,0.4026883840560913,0.3619721233844757,0.8196057677268982,-0.03078874573111534,-0.05501957982778549,0.0385739766061306,-0.9972647428512573
1773116696.7132542,0.4057265818119049,0.36061787605285645,0.8192210793495178,-0.004868665710091591,-0.0436515249311924,0.010311596095561981,-0.9989818334579468
1773116696.7232735,0.4079415202140808,0.36145657300949097,0.8191512823104858,-0.006467784289270639,-0.04714316129684448,0.022541988641023636,-0.9986128211021423
1773116696.7332122,0.4100540280342102,0.36058539152145386,0.8190004825592041,-0.011219828389585018,-0.04142194986343384,0.006795577239245176,-0.9990556836128235
1773116696.7432587,0.4123915433883667,0.3604649603366852,0.8189557790756226,-0.010831689462065697,-0.04361262917518616,0.009115510620176792,-0.9989482164382935
1773116696.753265,0.41462188959121704,0.3607282340526581,0.8187332153320312,-0.0058288052678108215,-0.044729892164468765,0.010074018500745296,-0.998931348323822
1773116696.7832596,0.4212421178817749,0.3621102571487427,0.8188620209693909,-0.027862440794706345,-0.052221450954675674,0.02843800187110901,-0.9978417158126831
1773116696.7932534,0.4239045977592468,0.361828476190567,0.818613588809967,-0.011293943040072918,-0.05112737789750099,0.047660235315561295,-0.997490406036377
1773116696.80326,0.4258638322353363,0.3625775873661041,0.8184626698493958,-0.02050108090043068,-0.053184665739536285,0.03477746620774269,-0.9977684020996094
1773116696.8132899,0.4281308650970459,0.3620852530002594,0.8189535737037659,-0.039617665112018585,-0.050578709691762924,0.03201160207390785,-0.9974204897880554
1773116696.8232582,0.4306532144546509,0.3610135316848755,0.8180684447288513,-0.014080571942031384,-0.04363749176263809,0.004675916396081448,-0.9989373087882996
1773116696.8332863,0.43340063095092773,0.3611268699169159,0.8179927468299866,-0.005505551118403673,-0.045033007860183716,0.006570207886397839,-0.9989487528800964
1773116696.8432546,0.43565747141838074,0.3606856167316437,0.8182434439659119,-0.02198089100420475,-0.04116027429699898,0.004690341651439667,-0.9988997578620911
1773116696.85328,0.43874403834342957,0.36062783002853394,0.8180693984031677,-0.012691051699221134,-0.04163617268204689,0.03849777579307556,-0.9983102679252625
1773116696.8632894,0.44073930382728577,0.36184170842170715,0.8177107572555542,-0.01713743805885315,-0.051037292927503586,0.022215919569134712,-0.9983026385307312
1773116696.8732548,0.4431707561016083,0.36094531416893005,0.8180644512176514,-0.023833034560084343,-0.040305931121110916,0.03958554193377495,-0.99811851978302
1773116696.8832579,0.44539162516593933,0.35954853892326355,0.8170918822288513,0.017581546679139137,-0.04375016689300537,0.012284244410693645,-0.9988122582435608
1773116696.9032722,0.44998329877853394,0.35985827445983887,0.8169670104980469,0.013004816137254238,-0.04730956628918648,0.010906163603067398,-0.9987361431121826
1773116696.9132895,0.45223161578178406,0.36206305027008057,0.8168393969535828,-0.009587760083377361,-0.049330879002809525,0.05233142524957657,-0.9973645806312561
1773116696.9232502,0.45471346378326416,0.3613886535167694,0.8175874352455139,-0.028313912451267242,-0.04456309601664543,0.05307278409600258,-0.9971939325332642
1773116696.9332716,0.45769932866096497,0.36021900177001953,0.8168073892593384,-0.003900692565366626,-0.03811553493142128,0.0249834842979908,-0.9989534020423889
1773116696.9432638,0.4599534869194031,0.36092618107795715,0.8166501522064209,-0.0014108329778537154,-0.04042934626340866,0.03577358275651932,-0.9985408186912537
1773116696.9732485,0.4663180112838745,0.3613050580024719,0.8160457611083984,-0.007993663661181927,-0.04518906772136688,0.006000617519021034,-0.9989284873008728
1773116696.9832451,0.4686955511569977,0.3615020513534546,0.8160080313682556,-0.006775176618248224,-0.04523015022277832,0.007611565291881561,-0.998924732208252
1773116696.993237,0.4715535640716553,0.36052343249320984,0.816361129283905,-0.0007643589051440358,-0.03840852156281471,0.026949375867843628,-0.998898446559906
1773116697.0032637,0.4736018180847168,0.36192086338996887,0.8160704970359802,-0.007439435459673405,-0.044445961713790894,0.04758920148015022,-0.9978500008583069
1773116697.0132794,0.47605523467063904,0.3618653118610382,0.8160989284515381,-0.01779620721936226,-0.04903576150536537,0.04722284525632858,-0.9975213408470154
1773116697.0232625,0.47758784890174866,0.3628595173358917,0.8158777952194214,-0.027973540127277374,-0.05221710354089737,0.028632136061787605,-0.9978331923484802
1773116697.0332797,0.4796886742115021,0.3631000816822052,0.8155936002731323,-0.020545464009046555,-0.05565853789448738,0.03655068576335907,-0.9975691437721252
1773116697.0432894,0.48233044147491455,0.36099106073379517,0.8157738447189331,-0.02243725396692753,-0.040403977036476135,0.002228381345048547,-0.9989290237426758
1773116697.0632932,0.4876745641231537,0.36353230476379395,0.8149215579032898,0.08204066008329391,-0.038587190210819244,0.03877100348472595,-0.9951267838478088
1773116697.0732577,0.48943865299224854,0.3614889681339264,0.8157970309257507,-0.02193354070186615,-0.0425676591694355,0.005637870170176029,-0.998836874961853
1773116697.0832758,0.4922269880771637,0.3609554171562195,0.8156684041023254,-0.0018951005768030882,-0.03748204559087753,0.025262724608182907,-0.9989761710166931
1773116697.1032567,0.4957742989063263,0.3619454801082611,0.8159427642822266,-0.03172234445810318,-0.0473354198038578,0.020829392597079277,-0.9981579184532166
1773116697.1132865,0.49852949380874634,0.36164435744285583,0.8157123327255249,-0.008512644097208977,-0.045347910374403,0.04382987692952156,-0.9979730248451233
1773116697.1232748,0.5003991723060608,0.36195188760757446,0.8160592317581177,-0.039419025182724,-0.04741246625781059,0.02329709753394127,-0.9978253841400146
1773116697.1332498,0.5026498436927795,0.360665500164032,0.8153018951416016,0.0026638980489224195,-0.054644204676151276,-0.012821882963180542,-0.998420000076294
1773116697.14329,0.505084216594696,0.36100584268569946,0.8150523900985718,0.002724439837038517,-0.055025555193424225,-0.013582059182226658,-0.9983888864517212
1773116697.1532743,0.5079997777938843,0.35961243510246277,0.8155944347381592,-0.0001990183664020151,-0.0441448912024498,0.007784420158714056,-0.9989948272705078
1773116697.1632876,0.5101802945137024,0.36141476035118103,0.8146122694015503,-0.015466874465346336,-0.04387374222278595,0.004540657624602318,-0.9989070892333984
1773116697.1732068,0.51314777135849,0.3609314560890198,0.8144951462745667,0.0006723378319293261,-0.036347225308418274,0.02317771688103676,-0.9990702271461487
1773116697.1832542,0.515700101852417,0.36062091588974,0.8147642612457275,-0.008927417919039726,-0.03649762645363808,0.025021836161613464,-0.9989806413650513
1773116697.2032738,0.5202915072441101,0.36130431294441223,0.8138900399208069,-0.0007586994906887412,-0.040061160922050476,0.021085772663354874,-0.9989745020866394
1773116697.2132854,0.5228310227394104,0.3612085282802582,0.8136405348777771,0.0045392257161438465,-0.040823470801115036,0.027427665889263153,-0.9987795352935791
1773116697.2232509,0.5251145958900452,0.3608018159866333,0.8137781023979187,-0.001177883124910295,-0.040073104202747345,0.02718764916062355,-0.9988260865211487
1773116697.233289,0.5275649428367615,0.3609437048435211,0.8135302066802979,-0.004544191062450409,-0.041310861706733704,0.02710968255996704,-0.998768150806427
1773116697.2432117,0.529528796672821,0.3619566261768341,0.8139687180519104,-0.029414385557174683,-0.04418405890464783,0.04753369092941284,-0.9974583387374878
1773116697.2532768,0.5326821804046631,0.3609676957130432,0.813260555267334,0.0034703623969107866,-0.03581434115767479,0.02209026739001274,-0.9991082549095154
1773116697.263204,0.5353690385818481,0.360863596200943,0.8136016726493835,-9.510132804280147e-05,-0.039693042635917664,0.023328721523284912,-0.9989396333694458
1773116697.2732642,0.5366973280906677,0.3600594103336334,0.8135631084442139,0.004128016531467438,-0.04428771138191223,0.0030683462973684072,-0.9990056157112122
1773116697.2832496,0.5393270254135132,0.36102184653282166,0.8129894137382507,-0.0010918149491772056,-0.03828570246696472,0.022607922554016113,-0.9990105628967285
1773116697.293252,0.5419791340827942,0.3637719750404358,0.8120663166046143,0.09176511317491531,-0.04009213671088219,0.04289115592837334,-0.9940484166145325
1773116697.3032749,0.5441187024116516,0.3607370853424072,0.8128377795219421,-0.009139780886471272,-0.03763813152909279,0.02479037083685398,-0.9989421367645264
1773116697.31329,0.5466407537460327,0.36116424202919006,0.8124083876609802,-0.00143757916521281,-0.038701049983501434,0.024441996589303017,-0.9989508986473083
1773116697.3232775,0.5478261113166809,0.3622582256793976,0.8127728700637817,-0.03965877741575241,-0.04710240662097931,0.021195417270064354,-0.9978774785995483
1773116697.3332517,0.5502138137817383,0.3628317713737488,0.8124380111694336,-0.033183325082063675,-0.049813155084848404,0.02348395250737667,-0.9979309439659119
1773116697.3432577,0.5522816181182861,0.36128973960876465,0.8119164109230042,0.004059608560055494,-0.055028319358825684,-0.012917152605950832,-0.9983929991722107
1773116697.3532746,0.5547746419906616,0.3607666790485382,0.8124669790267944,-0.013436893932521343,-0.05009337514638901,-0.01361679658293724,-0.9985613822937012
1773116697.3632782,0.557732105255127,0.36183199286460876,0.8116576075553894,-0.013168198056519032,-0.044438667595386505,0.0009933081455528736,-0.9989248514175415
1773116697.3732781,0.5595970749855042,0.36355751752853394,0.8115723729133606,-0.028318576514720917,-0.05510886758565903,0.037288784980773926,-0.9973819255828857
1773116697.3832524,0.5623665452003479,0.3628937602043152,0.8122051954269409,-0.038871314376592636,-0.049752362072467804,0.04267554357647896,-0.9970920085906982
1773116697.3932514,0.5656106472015381,0.3610665798187256,0.8115479350090027,-0.003024435369297862,-0.036184895783662796,0.02412782423198223,-0.9990492463111877
1773116697.4032643,0.5673192143440247,0.3625144064426422,0.8110002279281616,0.0029537540394812822,-0.04159390553832054,0.008986887522041798,-0.9990898370742798
1773116697.413274,0.5701017379760742,0.3608928322792053,0.8114598393440247,-0.010049711912870407,-0.03752930089831352,0.022346261888742447,-0.9989951848983765
1773116697.4232721,0.5726141333580017,0.3613182604312897,0.8109780550003052,0.00024666640092618763,-0.038773313164711,0.02353355847299099,-0.9989709258079529
1773116697.433258,0.5753623843193054,0.3612595498561859,0.8112817406654358,-0.0020390062127262354,-0.04375544190406799,0.0256755780428648,-0.9987102150917053
1773116697.4432807,0.5771262645721436,0.36130955815315247,0.8110277056694031,-0.010319636203348637,-0.03828061372041702,0.022387471050024033,-0.9989629983901978
1773116697.4532592,0.5786791443824768,0.3633500635623932,0.8107420206069946,-0.023428868502378464,-0.054720789194107056,0.026967646554112434,-0.9978625178337097
1773116697.4632587,0.5814147591590881,0.3632339537143707,0.8109508752822876,-0.03326484560966492,-0.05675196647644043,0.028549902141094208,-0.9974254965782166
1773116697.4732904,0.5837231278419495,0.3625428378582001,0.8107561469078064,-0.022245286032557487,-0.047223273664712906,0.04910736531019211,-0.9974285364151001
1773116697.4832573,0.5860188603401184,0.3630051016807556,0.8102787733078003,-0.020683716982603073,-0.04574053734540939,0.049067214131355286,-0.9975331425666809
1773116697.4932787,0.5885574817657471,0.36032581329345703,0.8105643391609192,0.0018011430511251092,-0.04434522986412048,0.006772241555154324,-0.9989917278289795
1773116697.5032947,0.5912971496582031,0.36116665601730347,0.810065507888794,-0.005417100619524717,-0.03785425052046776,0.02373574674129486,-0.9989867210388184
1773116697.5132782,0.5935529470443726,0.3618030250072479,0.8095414042472839,0.009997635148465633,-0.035777002573013306,0.026414882391691208,-0.9989606142044067
1773116697.523254,0.5960204005241394,0.3613070547580719,0.8101231455802917,-0.016502613201737404,-0.03797855228185654,0.021055912598967552,-0.9989204406738281
1773116697.5332918,0.5986557602882385,0.36153361201286316,0.809780478477478,-0.003468794748187065,-0.03830229863524437,0.022508597001433372,-0.9990066289901733
1773116697.5432572,0.5999506115913391,0.36343181133270264,0.8091548085212708,-0.01054082065820694,-0.04772746562957764,0.024590114131569862,-0.9985020160675049
1773116697.5532517,0.6031737327575684,0.36125653982162476,0.809584379196167,-0.011190955527126789,-0.037613265216350555,0.019483812153339386,-0.9990397691726685
1773116697.5632055,0.6051852703094482,0.3622283339500427,0.8089591264724731,-0.005306823179125786,-0.04704529792070389,-0.0010243793949484825,-0.9988781213760376
1773116697.573291,0.6086602210998535,0.3612816631793976,0.8092747926712036,0.0029209593776613474,-0.04326245188713074,0.022493485361337662,-0.9988062977790833
1773116697.5832543,0.6105925440788269,0.3614221215248108,0.8089359402656555,0.003944871947169304,-0.043366748839616776,0.021681105718016624,-0.9988161325454712
1773116697.5932202,0.6119337677955627,0.363103985786438,0.8086494207382202,-0.0221515242010355,-0.04896717146039009,0.049275483936071396,-0.9973382353782654
1773116697.6032872,0.6153955459594727,0.3615108132362366,0.8088840842247009,-0.002456369111314416,-0.04401364549994469,0.022941093891859055,-0.9987644553184509
1773116697.6132753,0.6172322630882263,0.361376017332077,0.8087090849876404,-0.010240725241601467,-0.03632667288184166,0.021337337791919708,-0.9990597367286682
1773116697.6232781,0.619304895401001,0.3626413643360138,0.808203399181366,-0.0058791181072592735,-0.047230884432792664,0.005044728517532349,-0.9988539814949036
1773116697.6332827,0.6218067407608032,0.3613901436328888,0.8086044192314148,-0.017506193369627,-0.03636917844414711,0.01876184158027172,-0.9990090131759644
1773116697.6432157,0.6244997978210449,0.3619194030761719,0.8082353472709656,0.0015786326257511973,-0.04265681654214859,0.021913563832640648,-0.9988482594490051
1773116697.6532602,0.6266772150993347,0.3621387183666229,0.8075814843177795,0.0051058134995400906,-0.04093874990940094,0.024347251281142235,-0.998852014541626
1773116697.6632757,0.6289438605308533,0.363864928483963,0.8081637024879456,-0.016366228461265564,-0.05839620903134346,0.02334437146782875,-0.9978863596916199
1773116697.6732817,0.6310500502586365,0.362862765789032,0.8076921105384827,-0.01788376085460186,-0.04739399626851082,0.044997867196798325,-0.9977020025253296
1773116697.6832814,0.633205235004425,0.36326736211776733,0.807156503200531,-0.004319199360907078,-0.03915857896208763,0.04849819839000702,-0.9980460405349731
1773116697.6932156,0.6362009644508362,0.3631916642189026,0.8077607154846191,-0.016899405047297478,-0.0504923053085804,0.0491691417992115,-0.9973702430725098
1773116697.703275,0.6378145813941956,0.36092427372932434,0.8073500990867615,0.01038883626461029,-0.04630059003829956,0.0023984217550605536,-0.9988706707954407
1773116697.7132604,0.6412826776504517,0.3619834780693054,0.8073935508728027,-0.0021640434861183167,-0.04239145666360855,0.021758541464805603,-0.9988617897033691
1773116697.7232585,0.6430067420005798,0.3617400825023651,0.8072295784950256,-0.012706875801086426,-0.036090824753046036,0.019599713385105133,-0.9990754723548889
1773116697.7332757,0.645138144493103,0.36217179894447327,0.8066873550415039,-0.0006246885750442743,-0.04085922613739967,0.020050596445798874,-0.9989635348320007
1773116697.7532609,0.6500097513198853,0.3619396388530731,0.8068941235542297,-0.006839847192168236,-0.03820075839757919,0.021922389045357704,-0.9990062117576599
1773116697.7632136,0.6519230008125305,0.36300724744796753,0.8065016865730286,-0.011129126884043217,-0.041234731674194336,0.036272596567869186,-0.9984288811683655
1773116697.7732592,0.6547510623931885,0.36309894919395447,0.8068275451660156,-0.011618731543421745,-0.04752079024910927,0.03977281600236893,-0.998010516166687
1773116697.78329,0.6567337512969971,0.36191126704216003,0.8064510822296143,-0.007991662248969078,-0.03874456509947777,0.02083667181432247,-0.9989998936653137
1773116697.7932172,0.6589442491531372,0.3624427318572998,0.8059173226356506,0.007912245579063892,-0.03635759279131889,0.024404214695096016,-0.9990094900131226
1773116697.8032155,0.6614187955856323,0.3617557883262634,0.8063218593597412,-0.010144832544028759,-0.038569413125514984,0.017464568838477135,-0.9990518093109131
1773116697.8132832,0.6635432243347168,0.3623002767562866,0.8060463666915894,-0.0019710685592144728,-0.03644806891679764,0.022477280348539352,-0.9990808963775635
1773116697.8432138,0.6711778044700623,0.3624647259712219,0.8053820133209229,0.0005864914273843169,-0.03856712207198143,0.020601786673069,-0.9990434646606445
1773116697.8532858,0.6731821894645691,0.3628791868686676,0.8046789765357971,0.01144747156649828,-0.034765832126140594,0.02261161431670189,-0.9990741014480591
1773116697.8632586,0.6757311820983887,0.3620877265930176,0.8052535057067871,-0.008353103883564472,-0.038932640105485916,0.020749686285853386,-0.9989915490150452
1773116697.8732753,0.6772772669792175,0.3631804883480072,0.8047634959220886,-0.008474391885101795,-0.04034602269530296,0.004860208835452795,-0.9991379976272583
1773116697.8832595,0.6800578236579895,0.3628239631652832,0.8052981495857239,-0.0285065658390522,-0.042569953948259354,0.035004328936338425,-0.9980731010437012
1773116697.8932102,0.682576596736908,0.3634917736053467,0.8049313426017761,-0.013044849969446659,-0.0483715794980526,0.041710756719112396,-0.9978729486465454
1773116697.9032648,0.6843597292900085,0.3638457655906677,0.8042725324630737,-0.014848022721707821,-0.04945327341556549,0.04174128174781799,-0.9977933168411255
1773116697.9132586,0.6873210072517395,0.36387741565704346,0.8047799468040466,-0.018505726009607315,-0.050437863916158676,0.044560130685567856,-0.9975610375404358
1773116697.923278,0.6890709400177002,0.36144164204597473,0.8045329451560974,0.007013725582510233,-0.04620370641350746,-0.002210252685472369,-0.9989050030708313
1773116697.9332755,0.6917115449905396,0.3626384735107422,0.8039073944091797,0.01490141823887825,-0.03861404210329056,0.019110575318336487,-0.9989603161811829
1773116697.9432156,0.694182276725769,0.3621295392513275,0.8041871190071106,-0.013049629516899586,-0.03955208510160446,0.01813211478292942,-0.9989678263664246
1773116697.9532852,0.6967921853065491,0.36260154843330383,0.8038622140884399,0.0037135088350623846,-0.04393339902162552,0.021310582756996155,-0.9988002181053162
1773116697.963255,0.6989749670028687,0.3629395663738251,0.8033395409584045,0.012014541774988174,-0.033993951976299286,0.02361971139907837,-0.9990706443786621
1773116697.973248,0.7017902135848999,0.3626843988895416,0.8036995530128479,-0.00018493452807888389,-0.04311384633183479,0.020753037184476852,-0.9988546371459961
1773116697.9832609,0.70330411195755,0.36268287897109985,0.8033868074417114,0.002138841198757291,-0.03451387584209442,0.018848171457648277,-0.9992242455482483
1773116697.9932418,0.7056634426116943,0.3633023500442505,0.8027653694152832,0.01787576638162136,-0.037613146007061005,0.021197037771344185,-0.9989076852798462
1773116698.0032597,0.7080970406532288,0.3623707592487335,0.8033546805381775,-0.010359501466155052,-0.03847537562251091,0.01784489117562771,-0.9990465044975281
1773116698.0132306,0.7101773619651794,0.363137811422348,0.8028951287269592,0.006560369860380888,-0.036982450634241104,0.019496362656354904,-0.9991042017936707
1773116698.0232835,0.712624192237854,0.36363548040390015,0.802312433719635,0.019584963098168373,-0.03973795101046562,0.025695214048027992,-0.9986876845359802
1773116698.0332985,0.7154383063316345,0.3631868064403534,0.8029460906982422,0.0006363949505612254,-0.04558993875980377,0.021854670718312263,-0.9987210035324097
1773116698.0432172,0.7167817950248718,0.36160364747047424,0.8028387427330017,0.03788403049111366,-0.048683930188417435,-0.013766073621809483,-0.9980006217956543
1773116698.0732882,0.7241899967193604,0.36346718668937683,0.8021376132965088,0.00976334698498249,-0.035884641110897064,0.01948709972202778,-0.9991183280944824
1773116698.0832663,0.7261386513710022,0.3636385202407837,0.8023829460144043,-0.015836510807275772,-0.042212117463350296,0.001123710535466671,-0.9989826083183289
1773116698.093215,0.7284873127937317,0.36392757296562195,0.8020365238189697,-0.010656919330358505,-0.04141595587134361,0.0008740609046071768,-0.9990847706794739
1773116698.1032925,0.7314766645431519,0.3637073338031769,0.8016109466552734,0.01512182131409645,-0.038846712559461594,0.02251482382416725,-0.9988770484924316
1773116698.1132658,0.7340254783630371,0.36398330330848694,0.8018602728843689,-0.009801769629120827,-0.04741182178258896,0.0009366700542159379,-0.9988269209861755
1773116698.1232507,0.7360326051712036,0.3642687201499939,0.8014024496078491,-0.005245395004749298,-0.042590804398059845,0.03770390897989273,-0.9983671307563782
1773116698.1332777,0.7381383180618286,0.3628828227519989,0.801790714263916,0.0022007706575095654,-0.058310020714998245,-0.01919596828520298,-0.9981116056442261
1773116698.1432946,0.7401978373527527,0.362068772315979,0.8016666173934937,0.013223101384937763,-0.04648589342832565,-0.0029045622795820236,-0.9988272786140442
1773116698.1532316,0.7425940036773682,0.36411136388778687,0.8007208108901978,0.002544444752857089,-0.04312952607870102,-0.0021697035990655422,-0.9990639686584473
1773116698.163273,0.7456911206245422,0.36282476782798767,0.8013544082641602,-0.011069747619330883,-0.039502475410699844,0.01160693634301424,-0.9990907311439514
1773116698.1732068,0.7481021881103516,0.36382508277893066,0.8009808659553528,-0.0021347629372030497,-0.0453406497836113,0.022128455340862274,-0.9987242221832275
1773116698.1932166,0.753312885761261,0.3634263873100281,0.800990641117096,0.002878834493458271,-0.042834505438804626,0.012980123050510883,-0.9989937543869019
1773116698.2032244,0.7552064657211304,0.36329469084739685,0.8007532358169556,0.005284401122480631,-0.03351826220750809,0.015979791060090065,-0.9992964267730713
1773116698.2132568,0.7573891282081604,0.36391234397888184,0.7999584674835205,0.021349722519516945,-0.03655929118394852,0.019141342490911484,-0.9989200830459595
1773116698.2332606,0.7622266411781311,0.36418789625167847,0.8000741004943848,-0.0009442244190722704,-0.04509228095412254,0.030545463785529137,-0.9985153675079346
1773116698.243219,0.7645242214202881,0.363882839679718,0.8002966642379761,-0.019038086757063866,-0.04313669726252556,0.028032414615154266,-0.9984943270683289
1773116698.2532825,0.7668125033378601,0.36427879333496094,0.7997541427612305,-0.0133123230189085,-0.045090802013874054,0.030114946886897087,-0.9984402060508728
1773116698.2632155,0.7686971426010132,0.36545437574386597,0.7992983460426331,-0.003897878108546138,-0.04842522740364075,0.04370103403925896,-0.9978627562522888
1773116698.273257,0.7724311351776123,0.3655259311199188,0.800066351890564,-0.005151097662746906,-0.055316366255283356,0.046917542815208435,-0.9973527193069458
1773116698.2832801,0.7724295854568481,0.3667524456977844,0.7991032600402832,-0.034960415214300156,-0.05872774124145508,0.02065684087574482,-0.9974478483200073
1773116698.2932155,0.7763716578483582,0.3641906678676605,0.7987731099128723,0.005553323309868574,-0.04210896044969559,0.02208324335515499,-0.9988535046577454
1773116698.3032932,0.7785568237304688,0.36420562863349915,0.7989768981933594,-0.010472504422068596,-0.03772857412695885,0.02766597829759121,-0.9988501667976379
1773116698.3132632,0.7806326150894165,0.3627869188785553,0.7997260689735413,0.022959809750318527,-0.06203048303723335,-0.04057121276855469,-0.9969850182533264
1773116698.3232672,0.7827627062797546,0.3659231960773468,0.7980572581291199,-0.0004882776120211929,-0.047575898468494415,0.013432771898806095,-0.9987772703170776
1773116698.3332617,0.7856740355491638,0.3648169934749603,0.7985673546791077,-0.010426759719848633,-0.04265045002102852,-0.0005334208253771067,-0.9990355372428894
1773116698.3432155,0.7880507707595825,0.36504876613616943,0.7982280850410461,-0.003612898988649249,-0.04198729991912842,0.0026255780830979347,-0.9991082549095154
1773116698.353261,0.7907163500785828,0.3649387061595917,0.7984068393707275,-0.008459912613034248,-0.04605088755488396,0.001877968548797071,-0.9989016056060791
1773116698.3632689,0.7924306392669678,0.36498329043388367,0.7980605959892273,-0.012056454084813595,-0.04447214677929878,-0.0038317134603857994,-0.9989305734634399
1773116698.3732781,0.795041561126709,0.36524489521980286,0.7978570461273193,-0.002277794061228633,-0.04570572450757027,0.003200812265276909,-0.9989472031593323
1773116698.3832932,0.7975119948387146,0.3643532991409302,0.7979118227958679,-0.016968367621302605,-0.04486825317144394,-0.0035148290917277336,-0.9988426566123962
1773116698.393218,0.7992631196975708,0.36659595370292664,0.7977993488311768,-0.024610767140984535,-0.05667330324649811,0.03009352646768093,-0.9976356029510498
1773116698.4032843,0.8018808364868164,0.3658413290977478,0.7981518507003784,-0.045489586889743805,-0.053266361355781555,0.03044946864247322,-0.9970788359642029
1773116698.4232643,0.8073925971984863,0.3647436499595642,0.7969549298286438,0.012582500465214252,-0.0379631370306015,0.01911141723394394,-0.9990171790122986
1773116698.4332924,0.8095753192901611,0.3652583062648773,0.7971943616867065,-0.006546163000166416,-0.044912923127412796,0.002434795955196023,-0.9989665746688843
1773116698.4432158,0.8125469088554382,0.36475706100463867,0.7971827983856201,0.005962488707154989,-0.044340383261442184,0.019819917157292366,-0.9988020658493042
1773116698.45328,0.814022421836853,0.36576688289642334,0.7967842221260071,-0.0015812823548913002,-0.043614983558654785,0.0049680680967867374,-0.9990348219871521
1773116698.4632943,0.8172739744186401,0.36490291357040405,0.7970620393753052,0.0020217574201524258,-0.04576278105378151,0.02118654176592827,-0.9987256526947021
1773116698.473262,0.8191643357276917,0.3650113046169281,0.7967827916145325,0.007184700574725866,-0.041220154613256454,0.02482370100915432,-0.9988158941268921
1773116698.4832935,0.821621298789978,0.3651934266090393,0.7971607446670532,-0.025812778621912003,-0.04520897939801216,0.037840187549591064,-0.9979268312454224
1773116698.4932184,0.8235884308815002,0.3659248948097229,0.7967010736465454,-0.00886736810207367,-0.04835345223546028,0.04342406988143921,-0.9978465437889099
1773116698.503284,0.8257627487182617,0.36400577425956726,0.7958354949951172,0.020650826394557953,-0.05363715812563896,0.00589369423687458,-0.9983295798301697
1773116698.5132942,0.829180121421814,0.3648652136325836,0.7962957620620728,-0.0005862099933438003,-0.044142868369817734,0.022326922044157982,-0.9987755417823792
1773116698.5232832,0.8311706185340881,0.365011602640152,0.7957178950309753,-0.003144271904602647,-0.043690767139196396,0.021809613332152367,-0.998802125453949
1773116698.5332935,0.834513247013092,0.36461061239242554,0.7958860397338867,-0.0004311359953135252,-0.04262267425656319,0.021395573392510414,-0.998862087726593
1773116698.5532792,0.8381993174552917,0.3655116558074951,0.7949475049972534,0.001964810537174344,-0.04376024007797241,0.005911828018724918,-0.9990227222442627
1773116698.563261,0.840316653251648,0.3649986684322357,0.7952285408973694,-0.02214476838707924,-0.04199466109275818,0.0003009143692906946,-0.9988723397254944
1773116698.5732903,0.8429746627807617,0.3657050132751465,0.7947401404380798,-0.003993230406194925,-0.04523291811347008,0.004856091924011707,-0.9989567399024963
1773116698.5832849,0.8450812697410583,0.3659529983997345,0.7944039106369019,-0.004276711493730545,-0.04470677673816681,0.004019513260573149,-0.9989829659461975
1773116698.5932205,0.8483092188835144,0.36533936858177185,0.7949374914169312,-0.0016977990744635463,-0.046416182070970535,0.018115557730197906,-0.998756468296051
1773116698.6032736,0.8496863842010498,0.36585837602615356,0.794441282749176,-0.0062990132719278336,-0.047720152884721756,0.005055067129433155,-0.9988281726837158
1773116698.613248,0.8526826500892639,0.36624425649642944,0.7948294281959534,-0.018299710005521774,-0.05612117424607277,0.042385034263134,-0.9973560571670532
1773116698.6232207,0.8539389967918396,0.36697450280189514,0.794374406337738,-0.032197002321481705,-0.056137554347515106,0.026671960949897766,-0.9975473284721375
1773116698.6432178,0.8592694997787476,0.3652208745479584,0.7940148115158081,-0.014200543984770775,-0.043189600110054016,-0.001959604909643531,-0.9989640712738037
1773116698.653257,0.8620554208755493,0.36581680178642273,0.7936831712722778,-0.0054993825033307076,-0.048924487084150314,0.0037498888559639454,-0.9987803101539612
1773116698.6632662,0.8640790581703186,0.36613762378692627,0.7931814789772034,0.0033926600590348244,-0.044835980981588364,0.007553236559033394,-0.9989601373672485
1773116698.6732843,0.8668220639228821,0.36595743894577026,0.7935265898704529,-0.008878402411937714,-0.05062776431441307,0.004359198734164238,-0.9986686706542969
1773116698.6832643,0.868871808052063,0.3662102222442627,0.7931574583053589,-0.008843920193612576,-0.04535180330276489,-0.0005208771326579154,-0.998931884765625
1773116698.6932797,0.8720833659172058,0.36596670746803284,0.7936367988586426,-0.008825313299894333,-0.0518738254904747,0.034579381346702576,-0.9980157613754272
1773116698.7132652,0.8767271637916565,0.3658927381038666,0.7929946780204773,0.010159305296838284,-0.037602197378873825,0.02274460531771183,-0.998982310295105
1773116698.7232847,0.879067063331604,0.36509576439857483,0.7935031056404114,-0.012068118900060654,-0.04333283379673958,0.01904432848095894,-0.9988062977790833
1773116698.7332997,0.8815579414367676,0.36584603786468506,0.7932417988777161,0.007293843198567629,-0.04875485599040985,0.0221415888518095,-0.9985386729240417
1773116698.7432172,0.8839856386184692,0.3658924102783203,0.7931941747665405,0.0021497230045497417,-0.051981180906295776,0.020503299310803413,-0.9984352588653564
1773116698.7533,0.8856773972511292,0.3666646480560303,0.79295414686203,-0.008805747143924236,-0.056091614067554474,0.0033468923065811396,-0.9983812570571899
1773116698.7732816,0.8906595706939697,0.36507025361061096,0.7932546138763428,-0.013448589481413364,-0.04155970364809036,0.01472565159201622,-0.9989370107650757
1773116698.7832623,0.8930101990699768,0.3667357861995697,0.7927933931350708,-0.8360413908958435,-0.03948310390114784,-0.5472258925437927,-0.0044405581429600716
1773116698.7932177,0.8955984711647034,0.36561670899391174,0.7928652763366699,-0.0045732068829238415,0.048316363245248795,-0.01937093399465084,0.9986338019371033
1773116698.8032813,0.8978632688522339,0.36536458134651184,0.7928293347358704,0.008485877886414528,0.04306283965706825,-0.018536372110247612,0.9988643527030945
1773116698.8132677,0.8986943960189819,0.3646029233932495,0.7937902808189392,0.03205672279000282,0.026982706040143967,-0.013264457695186138,0.9990336894989014
1773116698.8232725,0.902902364730835,0.3669761121273041,0.7922208905220032,-0.005120516289025545,0.057067833840847015,-0.007977270521223545,0.9983253479003906
1773116698.8332205,0.9050413966178894,0.36548930406570435,0.7923172116279602,0.0072029391303658485,0.04067332670092583,-0.018267769366502762,0.9989795684814453
1773116698.8532262,0.9096976518630981,0.35300788283348083,0.7847082614898682,0.4727628529071808,0.04952143132686615,0.06266745924949646,0.8775623440742493
1773116698.8632622,0.9114939570426941,0.36673444509506226,0.790934681892395,0.013691570609807968,0.04808981716632843,0.0007793903350830078,0.9987488985061646
1773116698.8732634,0.913975179195404,0.3681843876838684,0.7899842858314514,-0.03252401947975159,0.049713749438524246,-0.001981438370421529,0.9982318878173828
1773116698.883264,0.9165800213813782,0.36659619212150574,0.7906312346458435,0.02123861014842987,0.05135077238082886,0.006916633807122707,0.9984309077262878
1773116698.8932836,0.9190261960029602,0.36711323261260986,0.7900171279907227,0.00841281283646822,0.04838043078780174,0.003631731728091836,0.998786985874176
1773116698.903265,0.921532928943634,0.3664259612560272,0.790503740310669,0.029793044552206993,0.05070047080516815,0.007067677564918995,0.9982444643974304
1773116698.9132638,0.9237951636314392,0.3670133054256439,0.7898975014686584,0.014639600180089474,0.048620495945215225,0.00532264169305563,0.9986958503723145
1773116698.9232771,0.9260873794555664,0.3681301474571228,0.7893428206443787,-0.01956477388739586,0.0484289713203907,-0.0014299408067017794,0.9986340403556824
1773116698.9332874,0.928827166557312,0.3665418028831482,0.7898885607719421,0.020677341148257256,0.05028051510453224,0.0013799619628116488,0.9985200762748718
1773116698.9432645,0.9309428334236145,0.36735743284225464,0.789381742477417,0.006192099768668413,0.05299309268593788,0.0032684237230569124,0.9985703229904175
1773116698.9532843,0.9343510270118713,0.36709898710250854,0.7895374894142151,-0.8418627381324768,-0.03282615914940834,-0.5384559631347656,0.01596187613904476
1773116698.9632854,0.9363679885864258,0.3670656085014343,0.7893972396850586,-0.0187954381108284,-0.05825120583176613,-0.003947000950574875,-0.9981172680854797
1773116698.9732728,0.9391486644744873,0.36765608191490173,0.7893247008323669,-0.8403926491737366,-0.03493335470557213,-0.54069584608078,0.012955804355442524
1773116698.9832807,0.9408051371574402,0.3672066628932953,0.7887351512908936,-0.0077218045480549335,-0.05186779052019119,-0.009500632993876934,-0.9985789060592651
1773116698.9932659,0.9434842467308044,0.3669528663158417,0.7882999777793884,-0.011469371616840363,-0.047725383192300797,-0.0033808511216193438,-0.9987890124320984
1773116699.0032196,0.9459471106529236,0.36752545833587646,0.7884291410446167,-0.01393178291618824,-0.05427062138915062,-0.004649644251912832,-0.9984183311462402
1773116699.0132778,0.9483476877212524,0.3678082823753357,0.7882437109947205,-0.007360192481428385,-0.05601063743233681,-0.006393061019480228,-0.998382568359375
1773116699.023267,0.9505021572113037,0.3677176237106323,0.7878695726394653,-0.0013814636040478945,-0.04950493574142456,0.0034229091834276915,-0.9987671375274658
1773116699.0332656,0.9533325433731079,0.36781471967697144,0.7880088686943054,-0.013550533913075924,-0.05715327337384224,-0.01003925409168005,-0.9982229471206665
1773116699.04327,0.9552029967308044,0.36797162890434265,0.7877655029296875,-0.011756133288145065,-0.0506124347448349,-0.011502138338983059,-0.9985829591751099
1773116699.0532618,0.9573217630386353,0.3673747181892395,0.7880663275718689,0.8329982757568359,0.03218475729227066,0.5506489872932434,-0.043170735239982605
1773116699.0632627,0.9596562385559082,0.3690457046031952,0.7876226305961609,0.012840600684285164,-0.048913728445768356,-0.006614822894334793,-0.9986985921859741
1773116699.0732872,0.9618399739265442,0.3679102957248688,0.7870873212814331,-0.01674349419772625,-0.05484093353152275,-0.013986476697027683,-0.9982568025588989
1773116699.0832822,0.9648089408874512,0.35402554273605347,0.7807026505470276,-0.46470510959625244,-0.05103258043527603,-0.0641707256436348,-0.8816614747047424
1773116699.0932202,0.9666563868522644,0.3677886128425598,0.7872079610824585,-0.02460273541510105,-0.05599785968661308,-0.01383163221180439,-0.9980319738388062
1773116699.1032953,0.969740629196167,0.367837131023407,0.7869154214859009,-0.8331786394119263,-0.04469764232635498,-0.5505421161651611,0.026814114302396774
1773116699.11322,0.9720984101295471,0.3669712543487549,0.7868551015853882,0.017809540033340454,0.04541347175836563,0.001901218551211059,0.9988077282905579
1773116699.1232224,0.9744172692298889,0.36808308959007263,0.7863996028900146,0.01948564685881138,0.05666545405983925,0.01840093918144703,0.9980335235595703
1773116699.1332986,0.9767518043518066,0.3676000237464905,0.786255419254303,0.007232447154819965,0.05054233595728874,-0.0024316469207406044,0.9986928105354309
1773116699.1432993,0.9794737696647644,0.3676597476005554,0.7861555218696594,-0.00019897725724149495,0.05405595898628235,-0.007694311439990997,0.9985083341598511
1773116699.1632202,0.9830151200294495,0.3691050708293915,0.7862109541893005,-0.83648282289505,-0.04251797869801521,-0.544714629650116,0.04212690144777298
1773116699.173231,0.9855762720108032,0.3686222434043884,0.7858601212501526,0.03015664406120777,0.04947077855467796,0.013414070941507816,0.9982300996780396
1773116699.1832664,0.9883037805557251,0.3689141571521759,0.7856701612472534,-0.837369441986084,-0.03793439641594887,-0.5441254377365112,0.03607102483510971
1773116699.1933048,0.9903549551963806,0.36894944310188293,0.7851782441139221,0.022848254069685936,0.05908402428030968,0.02021818794310093,0.9977867007255554
1773116699.203285,0.9926300048828125,0.3685970604419708,0.7848646640777588,0.016038434579968452,0.06039543077349663,0.017851117998361588,0.9978860020637512
1773116699.2132819,0.9946239590644836,0.3687586784362793,0.7852051258087158,-0.8362573981285095,-0.0433768555521965,-0.5458162426948547,0.029607847332954407
1773116699.2332196,0.9998060464859009,0.36868980526924133,0.7848156094551086,-0.8370101451873779,-0.03563108667731285,-0.5451505780220032,0.03090674616396427
1773116699.2632968,1.0072436332702637,0.36782997846603394,0.7840625047683716,0.007174134254455566,0.05488057807087898,-0.004335123114287853,0.9984577298164368
1773116699.273267,1.0093841552734375,0.3682754933834076,0.7838174104690552,-0.007178343366831541,0.05314234644174576,-0.006643400527536869,0.9985390901565552
1773116699.2832837,1.0109262466430664,0.3690829277038574,0.7833808064460754,0.018765000626444817,0.059010691940784454,0.01853010803461075,0.9979090094566345
1773116699.2932816,1.0141569375991821,0.3682841658592224,0.7835885882377625,0.004107162822037935,0.05468880012631416,-0.007128855679184198,0.9984695911407471
1773116699.3032556,1.0154922008514404,0.36959153413772583,0.7831422090530396,0.022623524069786072,0.05831659957766533,0.022796977311372757,0.9977813363075256
1773116699.3232932,1.0216474533081055,0.3680037558078766,0.7831076383590698,0.009370272979140282,0.055648963898420334,-0.007231848780065775,0.9983803033828735
1773116699.3332276,1.0225201845169067,0.36893245577812195,0.7824164032936096,0.01839897409081459,0.05433196574449539,0.020895279943943024,0.9981347322463989
1773116699.3433,1.025088906288147,0.36886289715766907,0.7827436327934265,-0.835567057132721,-0.045031458139419556,-0.5465161204338074,0.0334659181535244
1773116699.3532836,1.0278691053390503,0.36776918172836304,0.7825116515159607,0.009665876626968384,0.0490150973200798,-0.003488209331408143,0.9987452030181885
1773116699.3732824,1.0317635536193848,0.3692561984062195,0.7826802730560303,-0.8317873477935791,-0.041575249284505844,-0.5519897937774658,0.04133550450205803
1773116699.383286,1.0357297658920288,0.36773547530174255,0.7821923494338989,-0.007585777435451746,0.04462945833802223,-0.02403894066810608,0.9986855983734131
1773116699.3932683,1.037624478340149,0.3680848479270935,0.7821982502937317,0.010777442716062069,0.05549882724881172,-0.00677056098356843,0.9983776807785034
1773116699.4032764,1.038486123085022,0.369344025850296,0.7820659279823303,-0.8357909321784973,-0.04825729504227638,-0.5457187294960022,0.03627520799636841
1773116699.4132838,1.0420567989349365,0.36825743317604065,0.7818635702133179,0.010487932711839676,0.0576973631978035,-0.003332010004669428,0.998273491859436
1773116699.433224,1.045225977897644,0.3698769211769104,0.7818987965583801,-0.8337331414222717,-0.04449687898159027,-0.5492672920227051,0.03485133871436119
1773116699.4532719,1.0515254735946655,0.3685527443885803,0.7811164259910583,0.008651980198919773,0.05744628608226776,-0.005981857888400555,0.9982932806015015
1773116699.4632645,1.052651047706604,0.3692150413990021,0.7805666923522949,0.012201368808746338,0.05424918606877327,0.013525804504752159,0.998361349105835
1773116699.4732702,1.0561513900756836,0.36808475852012634,0.7806674242019653,0.007463947404175997,0.05650849640369415,-0.004325566813349724,0.9983648657798767
1773116699.4832985,1.0579280853271484,0.36852648854255676,0.7804110050201416,0.008071151562035084,0.05305805429816246,0.0023189419880509377,0.9985561966896057
1773116699.4932282,1.0605133771896362,0.36890843510627747,0.780575692653656,0.019833436235785484,0.05801877751946449,0.011320873163640499,0.9980543255805969
1773116699.5032973,1.0629634857177734,0.3685593008995056,0.7802292704582214,0.005914478562772274,0.05231194198131561,-0.0035615896340459585,0.9986069798469543
1773116699.523268,1.0673484802246094,0.36913418769836426,0.7799340486526489,0.020385462790727615,0.056451987475156784,0.008664557710289955,0.9981595873832703
1773116699.5332952,1.0693244934082031,0.3685455918312073,0.7796268463134766,0.0164035651832819,0.05102597549557686,0.006097822915762663,0.9985440373420715
1773116699.553282,1.0734632015228271,0.3689611554145813,0.7792597413063049,0.03095334954559803,0.05516472086310387,0.019823916256427765,0.9978005290031433
1773116699.5632668,1.0766398906707764,0.3690645098686218,0.7788928747177124,0.005831834860146046,0.05395948514342308,0.001264480990357697,0.9985253810882568
1773116699.5732858,1.0792436599731445,0.3690471947193146,0.7789714932441711,0.019109435379505157,0.05778118222951889,-0.0010208849562332034,0.9981458783149719
1773116699.5832822,1.0813748836517334,0.36924654245376587,0.7784960269927979,0.011570477858185768,0.05209699645638466,0.001891762251034379,0.9985732436180115
1773116699.5932875,1.0837031602859497,0.3687959313392639,0.7785536050796509,0.016318276524543762,0.05631234496831894,0.0040678721852600574,0.9982715845108032
1773116699.6032662,1.085447072982788,0.36855727434158325,0.7783745527267456,0.021452581509947777,0.0522075816988945,0.0038815599400550127,0.9983983635902405
1773116699.6132886,1.0882532596588135,0.368722528219223,0.7780269980430603,0.009973258711397648,0.05508582293987274,0.002804018557071686,0.9984279870986938
1773116699.6233313,1.0902988910675049,0.3686715066432953,0.7780499458312988,0.013577930629253387,0.055191103368997574,0.0015717055648565292,0.9983823299407959
1773116699.6332688,1.0927667617797852,0.36896705627441406,0.7780103087425232,0.012783932499587536,0.05770586058497429,0.00389671977609396,0.9982442259788513
1773116699.643222,1.09459388256073,0.36927005648612976,0.7777128219604492,0.0081197340041399,0.053189706057310104,0.0026815354358404875,0.9985479116439819
1773116699.6532297,1.0970261096954346,0.36862173676490784,0.7779684066772461,0.031292788684368134,0.05457879230380058,0.0027900543063879013,0.9980151653289795
1773116699.6632657,1.0993359088897705,0.3693101406097412,0.7774962186813354,0.009050894528627396,0.05388711765408516,-0.003774954006075859,0.9984989166259766
1773116699.6732695,1.1015979051589966,0.3683890700340271,0.7776610255241394,0.02910563163459301,0.055944595485925674,0.005612803157418966,0.9979937672615051
1773116699.6833036,1.1037479639053345,0.3684166371822357,0.7776671648025513,0.03432156890630722,0.05566032603383064,0.0068016317673027515,0.9978364706039429
1773116699.6932883,1.1060500144958496,0.36913275718688965,0.7771225571632385,0.01580806076526642,0.05819372087717056,0.002679797587916255,0.9981765747070312
1773116699.7032661,1.1085491180419922,0.36967965960502625,0.7771669626235962,0.8392284512519836,0.04059966281056404,0.5422292947769165,-0.005898875184357166
1773116699.7132678,1.1103137731552124,0.3697247803211212,0.7768716812133789,0.010199238546192646,0.056701142340898514,0.0034421368036419153,0.998333215713501
1773116699.7232838,1.1122775077819824,0.36931318044662476,0.7768924832344055,0.02436361461877823,0.05091460421681404,0.0011628555366769433,0.9984051585197449
1773116699.7332847,1.1149249076843262,0.36986657977104187,0.7766923904418945,0.009124253876507282,0.05681706592440605,0.00022680270194541663,0.9983429312705994
1773116699.7432663,1.1166560649871826,0.3691875636577606,0.7767143249511719,0.025372091680765152,0.05111534148454666,0.0061660404317080975,0.9983513951301575
1773116699.7532868,1.1193900108337402,0.36966368556022644,0.7763178944587708,0.005404719151556492,0.05638234317302704,0.0004711758519988507,0.9983945488929749
1773116699.7632902,1.1214334964752197,0.3694821298122406,0.7760405540466309,0.013466964475810528,0.05406065657734871,0.00019609085575211793,0.9984468221664429
1773116699.7732944,1.123585820198059,0.3691348731517792,0.7759758234024048,0.023797567933797836,0.05407526344060898,0.0028117916081100702,0.998249351978302
1773116699.7832906,1.125893235206604,0.3697029650211334,0.7757842540740967,0.01173615176230669,0.05526158586144447,0.0009018076816573739,0.9984025359153748
1773116699.7932217,1.1278973817825317,0.36925622820854187,0.7758475542068481,0.026949452236294746,0.05303746834397316,0.0030720308423042297,0.9982240796089172
1773116699.8032799,1.1301904916763306,0.36915695667266846,0.7756395936012268,0.02450402081012726,0.05155615881085396,0.00036919527337886393,0.9983693957328796
1773116699.8132298,1.1328538656234741,0.36949363350868225,0.775442361831665,0.014433356001973152,0.05695429444313049,-0.0017889438895508647,0.9982709288597107
1773116699.8232853,1.134394884109497,0.368889182806015,0.7752612829208374,0.022110093384981155,0.05160912126302719,0.005858755670487881,0.998405396938324
1773116699.8332984,1.1368414163589478,0.36951643228530884,0.7750762104988098,0.009356305003166199,0.05513615533709526,0.003286260413005948,0.9984295964241028
1773116699.8432982,1.138849139213562,0.3692075312137604,0.7750259637832642,0.027111465111374855,0.04996488243341446,0.005181219894438982,0.998369574546814
1773116699.853265,1.1409634351730347,0.36993613839149475,0.7745551466941833,0.010068478994071484,0.05216275155544281,0.0021413604263216257,0.9985855221748352
1773116699.8632615,1.1431982517242432,0.369772344827652,0.7745382189750671,0.014951547607779503,0.053636036813259125,-0.0004597080987878144,0.9984484910964966
1773116699.8732617,1.1456234455108643,0.37020182609558105,0.7745739817619324,0.014770126901566982,0.05559206008911133,-0.0007831786060705781,0.9983440041542053
1773116699.8832216,1.1473881006240845,0.37001365423202515,0.7741942405700684,0.010493078269064426,0.05224583297967911,-0.0015506045892834663,0.9985780119895935
1773116699.8932238,1.1496107578277588,0.3695027828216553,0.7743548154830933,0.027965418994426727,0.052195075899362564,0.002256339881569147,0.9982427358627319
1773116699.9032888,1.1517136096954346,0.36994287371635437,0.7738882303237915,0.01231230515986681,0.05275600776076317,-0.00012073418474756181,0.9985315203666687
1773116699.9132662,1.1541173458099365,0.36961105465888977,0.7738431096076965,0.015675917267799377,0.05551993474364281,-0.002165331272408366,0.9983322024345398
1773116699.923271,1.1558362245559692,0.36934834718704224,0.7737917304039001,0.0247802697122097,0.05028790235519409,0.0008939700201153755,0.9984269142150879
1773116699.9332695,1.1581239700317383,0.3700387179851532,0.7734203338623047,0.011196443811058998,0.054509907960891724,-0.0007875669980421662,0.9984501600265503
1773116699.9433022,1.1601918935775757,0.36967524886131287,0.773716390132904,0.03351427987217903,0.05371207743883133,-0.005728299729526043,0.9979774951934814
1773116699.9533024,1.1626811027526855,0.3702974021434784,0.7731415629386902,0.01398402638733387,0.05357746779918671,-0.0026857827324420214,0.9984621405601501
1773116699.9632878,1.1645537614822388,0.3698584735393524,0.7728448510169983,0.00913135427981615,0.05281982570886612,0.003141188295558095,0.998557448387146
1773116699.9732177,1.1669002771377563,0.37014058232307434,0.7727155089378357,0.005863186903297901,0.053437042981386185,-0.002559507731348276,0.9985507130622864
1773116699.9832675,1.1691006422042847,0.3701007664203644,0.7725328207015991,0.013882231898605824,0.054844338446855545,0.0007194768404588103,0.9983982443809509
1773116699.993285,1.170676350593567,0.37021708488464355,0.7721753716468811,0.006614885292947292,0.049367956817150116,-0.00376877305097878,0.9987516403198242
1773116700.0032177,1.1733952760696411,0.3703537583351135,0.7722711563110352,0.011418952606618404,0.05590323358774185,-0.0033300253562629223,0.9983653426170349
1773116700.0133064,1.1751964092254639,0.3705812394618988,0.7720963954925537,0.0148167060688138,0.054338715970516205,-0.0014496207004413009,0.9984115958213806
1773116700.0233126,1.1775329113006592,0.37061068415641785,0.7721019387245178,0.010858433321118355,0.05697045102715492,-0.006098552141338587,0.998298168182373
1773116700.03328,1.1795741319656372,0.37066781520843506,0.7720052003860474,0.017704026773571968,0.0551297701895237,-0.004446417558938265,0.9983123540878296
1773116700.043246,1.1809896230697632,0.37012869119644165,0.7719117403030396,0.022910306230187416,0.05071413144469261,0.0005592905217781663,0.9984503388404846
1773116700.053261,1.1831601858139038,0.36979347467422485,0.7721127867698669,0.02590167708694935,0.053854815661907196,-0.0014541989658027887,0.9982117414474487
1773116700.06319,1.1852914094924927,0.37035495042800903,0.7716824412345886,0.010555382817983627,0.05409850552678108,-0.001967263873666525,0.9984779357910156
1773116700.0732644,1.1872801780700684,0.37010422348976135,0.7717869877815247,0.023316530510783195,0.052397072315216064,0.0006911723758094013,0.9983538389205933
1773116700.0832863,1.1891708374023438,0.37001708149909973,0.771753191947937,0.027062425389885902,0.050739485770463943,-0.0007961950614117086,0.998344898223877
1773116700.0932188,1.191381812095642,0.3704630434513092,0.7715604901313782,0.015038891695439816,0.05549994483590126,-0.002092749113216996,0.998343288898468
1773116700.1032903,1.1928943395614624,0.37030208110809326,0.7714405655860901,0.019525403156876564,0.0527685284614563,-0.0028856841381639242,0.9984117746353149
1773116700.1132874,1.1955171823501587,0.3705294728279114,0.7713066339492798,0.012550481595098972,0.05737802013754845,-0.006627763621509075,0.9982516169548035
1773116700.123292,1.1971406936645508,0.37003758549690247,0.7711227536201477,0.029505673795938492,0.050927434116601944,0.002864998299628496,0.9982622861862183
1773116700.133285,1.1994022130966187,0.370790034532547,0.7707253694534302,0.008144602179527283,0.05443362891674042,-0.002640725811943412,0.9984806776046753
1773116700.143223,1.2013623714447021,0.37059956789016724,0.7706450819969177,0.015882009640336037,0.05477472022175789,-0.0014274811837822199,0.9983714818954468
1773116700.1532712,1.2028990983963013,0.37033557891845703,0.7706599831581116,0.025446997955441475,0.05145511031150818,0.00028500668122433126,0.9983510971069336
1773116700.163289,1.2047293186187744,0.37033623456954956,0.7705759406089783,0.02554667554795742,0.05229569226503372,0.0002993446832988411,0.9983048439025879
1773116700.1732872,1.2068630456924438,0.37078630924224854,0.7703055739402771,0.013425644487142563,0.05467380955815315,-0.004039742983877659,0.9984058141708374
1773116700.1832922,1.2087088823318481,0.3706342875957489,0.7704158425331116,0.026630476117134094,0.05523667857050896,-0.0015118446899577975,0.9981169700622559
1773116700.1932678,1.2104403972625732,0.371326208114624,0.7700582146644592,0.009850410744547844,0.05512430891394615,-0.0033122780732810497,0.9984254837036133
1773116700.203281,1.2127703428268433,0.3711892366409302,0.7701374888420105,0.018227064982056618,0.05676946043968201,-0.005260394886136055,0.998207151889801
1773116700.2132947,1.214058518409729,0.37075668573379517,0.7700853943824768,0.024863600730895996,0.05223244056105614,-0.0005970916245132685,0.9983252286911011
1773116700.2232647,1.2161520719528198,0.3711659610271454,0.7698307633399963,0.008814145810902119,0.05800807103514671,-0.00031025789212435484,0.9982771873474121
1773116700.2332714,1.2179946899414062,0.3709084093570709,0.7696843147277832,0.008945354260504246,0.055844444781541824,-0.001014783512800932,0.9983989596366882
1773116700.243223,1.2198816537857056,0.37037116289138794,0.7696521282196045,0.023495422676205635,0.05375691503286362,-0.0018722356762737036,0.9982759356498718
1773116700.2532883,1.2217603921890259,0.3704856336116791,0.7692810297012329,0.018307369202375412,0.052420683205127716,-0.0005089276819489896,0.998457133769989
1773116700.263219,1.2238826751708984,0.3700977563858032,0.7692527174949646,0.025863168761134148,0.05341069772839546,0.0015967617509886622,0.998236358165741
1773116700.2732642,1.225801944732666,0.37060296535491943,0.7688280940055847,0.024283094331622124,0.050866175442934036,-0.003736272919923067,0.9984033107757568
1773116700.2832878,1.2276021242141724,0.37023642659187317,0.7687073945999146,0.025454076007008553,0.05269313603639603,0.003119643311947584,0.9982814192771912
1773116700.293224,1.2294185161590576,0.3701806366443634,0.7685231566429138,0.021841300651431084,0.05294540151953697,0.0011694419663399458,0.9983578324317932
1773116700.3032246,1.2314600944519043,0.37023574113845825,0.7683510780334473,0.02310744673013687,0.05546504631638527,-0.0006269331788644195,0.9981930255889893
1773116700.3132737,1.2330878973007202,0.3705309331417084,0.7680529952049255,0.01747266761958599,0.052995119243860245,0.000504768977407366,0.998441755771637
1773116700.3232968,1.2351365089416504,0.3703703284263611,0.7681235671043396,0.027645310387015343,0.05749441683292389,0.00434753205627203,0.9979535341262817
1773116700.3332696,1.236635684967041,0.3704826533794403,0.7678473591804504,0.026170914992690086,0.05360466614365578,-0.0012806984595954418,0.9982184171676636
1773116700.3432248,1.2383356094360352,0.3705027401447296,0.7677861452102661,0.025595344603061676,0.05430688336491585,-0.0007656187517568469,0.9981958866119385
1773116700.3533013,1.2401005029678345,0.37064340710639954,0.7678902745246887,0.028337907046079636,0.0575769767165184,0.004334898665547371,0.9979293942451477
1773116700.363287,1.2417192459106445,0.3710673749446869,0.7677186131477356,0.022984253242611885,0.05390162020921707,-0.0019299525301903486,0.9982798099517822
1773116700.3732696,1.243286371231079,0.3710595369338989,0.7677483558654785,0.028950240463018417,0.053816057741642,0.0005720789195038378,0.9981309771537781
1773116700.3832748,1.2447929382324219,0.3711342215538025,0.7674792408943176,0.019800346344709396,0.053129591047763824,0.002584465779364109,0.9983879327774048
1773116700.3932242,1.2464163303375244,0.3711753189563751,0.7677531242370605,0.032769739627838135,0.0568719357252121,0.016036486253142357,0.9977146983146667
1773116700.4032233,1.2480665445327759,0.3708449602127075,0.7674574255943298,0.026161987334489822,0.052714865654706955,0.0011459230445325375,0.9982662200927734
1773116700.4132879,1.2499529123306274,0.37103113532066345,0.7672308087348938,0.018868910148739815,0.0542290136218071,0.00017163902521133423,0.998350203037262
1773116700.4232743,1.2514063119888306,0.3712778389453888,0.7668558955192566,0.007667806465178728,0.05218447744846344,0.0008011968457140028,0.9986076951026917
1773116700.4332926,1.2535191774368286,0.3704753518104553,0.7669652700424194,0.023538358509540558,0.05569177865982056,0.003194226650521159,0.998165488243103
1773116700.4432266,1.255066990852356,0.3709835708141327,0.7666070461273193,0.015871843323111534,0.05317418649792671,-0.0016196934739127755,0.9984577894210815
1773116700.4532857,1.2572097778320312,0.3710974156856537,0.7666326761245728,0.01503444742411375,0.05894891172647476,0.0008053228375501931,0.9981475472450256
1773116700.4632246,1.258565068244934,0.3709425628185272,0.7663297653198242,0.014904963783919811,0.054545700550079346,0.0018196108285337687,0.9983984231948853
1773116700.473267,1.2598445415496826,0.371467262506485,0.7659101486206055,0.0008607073104940355,0.051007386296987534,-0.0010925636161118746,0.9986973404884338
1773116700.4832697,1.2619165182113647,0.37141793966293335,0.7661483883857727,-0.8376445174217224,-0.03259866312146187,-0.5447547435760498,0.023049412295222282
1773116700.493225,1.2636398077011108,0.37158918380737305,0.7656651735305786,-0.00022227060981094837,0.051378656178712845,0.004133979324251413,0.9986706376075745
1773116700.5032892,1.2656351327896118,0.37140798568725586,0.7657113075256348,0.00933603011071682,0.059850309044122696,0.0014849058352410793,0.9981626868247986
1773116700.513289,1.2670483589172363,0.37134498357772827,0.765576958656311,0.005618571303784847,0.058563631027936935,0.00041889597196131945,0.9982678294181824
1773116700.5233028,1.2683578729629517,0.3715086579322815,0.7655423879623413,0.016570301726460457,0.05942358821630478,0.010831587947905064,0.9980365633964539
1773116700.5332868,1.2698873281478882,0.37157562375068665,0.765188992023468,-0.0014756262535229325,0.05157841742038727,0.00010539381037233397,0.9986678957939148
1773116700.5432692,1.271683692932129,0.37156835198402405,0.7654982209205627,-0.8393502831459045,-0.030351074412465096,-0.5425800681114197,0.013300254009664059
1773116700.5532823,1.2729493379592896,0.37189218401908875,0.7652623057365417,0.009179121814668179,0.05501352623105049,-0.0034620114602148533,0.9984374046325684
1773116700.5632868,1.2735522985458374,0.3724084496498108,0.7649187445640564,0.0029722084291279316,0.05189792066812515,0.00684921583160758,0.9986245632171631
1773116700.5732737,1.2752766609191895,0.3718908727169037,0.7654308676719666,-0.8371214270591736,-0.03510653227567673,-0.54523104429245,0.02680213749408722
1773116700.5832875,1.2770265340805054,0.3716593384742737,0.7653436064720154,0.0015773347113281488,0.056708164513111115,-0.0029147611930966377,0.9983853101730347
1773116700.5932252,1.2777749300003052,0.37187647819519043,0.7653346657752991,0.0051180520094931126,0.05517485365271568,-0.001368617289699614,0.9984626770019531
1773116700.6032903,1.2794264554977417,0.3717638850212097,0.7657185196876526,-0.8375803232192993,-0.031145351007580757,-0.5445674657821655,0.030587172135710716
1773116700.6132343,1.2808022499084473,0.37194836139678955,0.7656804919242859,-0.02632531151175499,-0.05637121573090553,-0.013874120078980923,-0.9979664087295532
1773116700.6232793,1.2820641994476318,0.3721896708011627,0.7650502324104309,-0.006218405906111002,-0.0520486980676651,-0.011439932510256767,-0.9985596537590027
1773116700.6433103,1.2857439517974854,0.3721981644630432,0.7649608850479126,-0.005728757008910179,-0.05019649863243103,-0.008357160724699497,-0.9986879825592041
1773116700.653291,1.288081407546997,0.3711393177509308,0.7650435566902161,-0.016916507855057716,-0.05646190047264099,-0.0019940328784286976,-0.998259425163269
1773116700.6632755,1.2895594835281372,0.3714486360549927,0.7648060917854309,-0.017520291730761528,-0.05298927053809166,0.0010031363926827908,-0.9984408617019653
1773116700.673226,1.2911392450332642,0.37116673588752747,0.7647279500961304,-0.02872653678059578,-0.05206137150526047,-0.004545291885733604,-0.9982202649116516
1773116700.6932259,1.2944060564041138,0.37147387862205505,0.7640761137008667,-0.02072044461965561,-0.053733713924884796,-0.002500316360965371,-0.9983371496200562
1773116700.7032862,1.2956428527832031,0.37172430753707886,0.763641893863678,-0.005529223009943962,-0.050758443772792816,0.0024966206401586533,-0.9986925721168518
1773116700.7132716,1.2969622611999512,0.37203821539878845,0.7634747624397278,0.00354709941893816,-0.05052841827273369,0.002736498136073351,-0.9987125396728516
1773116700.7232885,1.2988077402114868,0.37134626507759094,0.7635911703109741,-0.014676221646368504,-0.05519227683544159,-0.0001749644143274054,-0.9983679056167603
1773116700.7332263,1.299999713897705,0.3715079128742218,0.7633365392684937,-0.017368130385875702,-0.05333970487117767,-0.0008303059148602188,-0.9984250068664551
1773116700.7432306,1.3012092113494873,0.3716156780719757,0.7631441950798035,-0.017383335158228874,-0.052120763808488846,0.0015795998042449355,-0.9984883069992065
1773116700.7532928,1.302528738975525,0.3718191087245941,0.763077437877655,-0.011281023733317852,-0.05377834662795067,0.0032856715843081474,-0.9984837770462036
1773116700.7632647,1.3040951490402222,0.37463364005088806,0.7627392411231995,0.07546486705541611,-0.057902634143829346,0.016059719026088715,-0.9953363537788391
1773116700.7732353,1.304826259613037,0.3721691370010376,0.7629410028457642,0.0008937670500017703,-0.05267702788114548,0.0030985174234956503,-0.9986064434051514
1773116700.7832625,1.3065381050109863,0.37160223722457886,0.7631213068962097,-0.008736242540180683,-0.05836276710033417,0.0009938201401382685,-0.9982568025588989
1773116700.793305,1.3078302145004272,0.37461960315704346,0.7626012563705444,0.08169671893119812,-0.05724102631211281,0.017956459894776344,-0.9948500990867615
1773116700.8033013,1.308439016342163,0.3721392750740051,0.7628520131111145,-0.0043426514603197575,-0.05091620609164238,0.002271006815135479,-0.9986909627914429
1773116700.813288,1.3098831176757812,0.3714580535888672,0.762962818145752,-0.018618136644363403,-0.05375465750694275,-0.003662564791738987,-0.9983739256858826
1773116700.823292,1.3113253116607666,0.3719231188297272,0.762849748134613,-0.006473670247942209,-0.05674050748348236,-0.0024510647635906935,-0.998365044593811
1773116700.833291,1.312175989151001,0.372182160615921,0.7627912759780884,-0.0009990576654672623,-0.0533912293612957,0.0028644297271966934,-0.9985690712928772
1773116700.8432698,1.31351900100708,0.37183529138565063,0.762582004070282,-0.006428562104701996,-0.051511768251657486,0.002449429128319025,-0.9986487030982971
1773116700.853292,1.3143916130065918,0.37143474817276,0.762603759765625,-0.02062932774424553,-0.04519198089838028,0.0017692530527710915,-0.9987637400627136
1773116700.8632722,1.3168152570724487,0.371792733669281,0.762514054775238,-0.010653575882315636,-0.055707499384880066,0.0021849002223461866,-0.9983879923820496
1773116700.8732374,1.3184950351715088,0.37186986207962036,0.762322723865509,-0.014870600774884224,-0.05667310580611229,0.004008424933999777,-0.9982739686965942
1773116700.8832672,1.3187663555145264,0.37159091234207153,0.7620956897735596,-0.022878479212522507,-0.04422486945986748,0.004109817091375589,-0.998751163482666
1773116700.8932765,1.3209353685379028,0.3712317943572998,0.7620764374732971,-0.023219192400574684,-0.05309344455599785,0.0029611694626510143,-0.998315155506134
1773116700.9032292,1.322417974472046,0.371834933757782,0.7616738677024841,-0.005903835408389568,-0.05515453964471817,0.0038005677051842213,-0.9984531998634338
1773116700.9133024,1.3238496780395508,0.37170109152793884,0.7615103721618652,-0.010651443153619766,-0.05772707611322403,0.0020066029392182827,-0.9982736110687256
1773116700.9232714,1.325018048286438,0.3713417947292328,0.7615810036659241,-0.026086831465363503,-0.05351758748292923,0.0024914296809583902,-0.998223066329956
1773116700.9332342,1.3262662887573242,0.3720758259296417,0.7609735131263733,-0.003099134424701333,-0.05134890228509903,0.006961692590266466,-0.9986517429351807
1773116700.9432294,1.3283356428146362,0.37196439504623413,0.7611076831817627,-0.011180360801517963,-0.05834463611245155,0.002233631443232298,-0.9982314705848694
1773116700.9532728,1.3294706344604492,0.37195828557014465,0.7609466314315796,-0.010112462565302849,-0.057222284376621246,0.003164026653394103,-0.9983052611351013
1773116700.9632885,1.3302371501922607,0.372164785861969,0.7608744502067566,0.0007907570106908679,-0.052174992859363556,0.005572074558585882,-0.9986221790313721
1773116700.9732826,1.331740140914917,0.3712964951992035,0.7612285614013672,-0.023101847618818283,-0.05441497266292572,0.004382850136607885,-0.9982415437698364
1773116700.993273,1.3341186046600342,0.3719063699245453,0.7611122131347656,-0.00988035462796688,-0.056442681699991226,0.005530722439289093,-0.9983416199684143
1773116701.0032742,1.335236668586731,0.37190043926239014,0.7613670825958252,-0.01210931409150362,-0.058973319828510284,0.002429649466648698,-0.9981832504272461
1773116701.013306,1.3355380296707153,0.37145715951919556,0.7616704702377319,-0.02523544244468212,-0.048893507570028305,-0.0003049690567422658,-0.9984852075576782
1773116701.0232968,1.3364282846450806,0.3714624345302582,0.7617069482803345,-0.026303309947252274,-0.04674486443400383,0.0013902763603255153,-0.9985595345497131
1773116701.033276,1.338077425956726,0.37165072560310364,0.7616686820983887,-0.0176820307970047,-0.05463287979364395,0.0048108468763530254,-0.9983383417129517
1773116701.0433025,1.3394256830215454,0.37185269594192505,0.7616170048713684,-0.004960153251886368,-0.05591849610209465,0.004466017242521048,-0.9984130263328552
1773116701.0532346,1.3410509824752808,0.37184175848960876,0.7618367075920105,-0.01903313212096691,-0.06157250329852104,0.005622806493192911,-0.9979052543640137
1773116701.0633085,1.341870665550232,0.37182170152664185,0.7617758512496948,-0.01939273625612259,-0.06046798825263977,-0.0010603027185425162,-0.9979812502861023
1773116701.0732675,1.3423430919647217,0.3714769184589386,0.762039840221405,-0.024867895990610123,-0.053149472922086716,-0.004804383497685194,-0.9982653260231018
1773116701.083271,1.3434185981750488,0.3717246651649475,0.7620789408683777,-0.02098993957042694,-0.053656205534935,0.0031274049542844296,-0.9983339309692383
1773116701.0932765,1.3438724279403687,0.3712054193019867,0.7624388337135315,-0.030937258154153824,-0.04839814826846123,0.0012182208010926843,-0.9983482360839844
1773116701.103321,1.3451937437057495,0.37229350209236145,0.761922299861908,0.005192482378333807,-0.051592178642749786,0.006604303140193224,-0.9986329674720764
1773116701.1132712,1.346856713294983,0.3718777298927307,0.7621512413024902,-0.012168733403086662,-0.05764898285269737,0.004259072709828615,-0.9982537031173706
1773116701.1232316,1.3477364778518677,0.37176305055618286,0.7622401118278503,-0.022527623921632767,-0.05414562672376633,0.000582018110435456,-0.9982787370681763
1773116701.1332922,1.3487253189086914,0.3717051148414612,0.7620012760162354,-0.020167801529169083,-0.05128038302063942,-0.001992254750803113,-0.9984786510467529
1773116701.143231,1.3504558801651,0.37187203764915466,0.7620886564254761,-0.004117881879210472,-0.059286508709192276,-2.3400800273520872e-05,-0.9982325434684753
1773116701.1533058,1.351515769958496,0.3720180094242096,0.762159526348114,-0.006075779441744089,-0.058615051209926605,0.006441439501941204,-0.9982414245605469
1773116701.1632195,1.3521549701690674,0.37215039134025574,0.7619084715843201,0.007187387906014919,-0.05552688613533974,0.012204262427985668,-0.9983567595481873
1773116701.1732295,1.3534889221191406,0.3714565932750702,0.7622919678688049,-0.02605404704809189,-0.05617590248584747,0.001489550108090043,-0.998079776763916
1773116701.1832905,1.354100227355957,0.3709408640861511,0.7624396681785583,-0.03934837505221367,-0.04795993119478226,-0.0036487560719251633,-0.9980672597885132
1773116701.1932275,1.355818271636963,0.37223124504089355,0.7618772983551025,-0.0033002665732055902,-0.057675719261169434,0.0011656079441308975,-0.9983292818069458
1773116701.2032802,1.3568812608718872,0.3715740144252777,0.7622567415237427,-0.029151014983654022,-0.0541875883936882,0.0027907188050448895,-0.9981012940406799
1773116701.2133098,1.358163595199585,0.3718751072883606,0.7619565725326538,-0.007860942743718624,-0.059426452964544296,0.010712617076933384,-0.9981443285942078
1773116701.223235,1.3591387271881104,0.37192562222480774,0.7621262669563293,-0.011957194656133652,-0.058645401149988174,0.005325780250132084,-0.998193085193634
1773116701.2333086,1.3599168062210083,0.3718712031841278,0.7623262405395508,-0.018516212701797485,-0.05559563264250755,0.0012269715080037713,-0.9982808828353882
1773116701.2433124,1.361121654510498,0.3716547191143036,0.762402355670929,-0.02123924158513546,-0.05386699363589287,-0.000144904523040168,-0.9983222484588623
1773116701.253278,1.3626810312271118,0.37224724888801575,0.7623276710510254,-0.01162497978657484,-0.05839109420776367,0.002565974835306406,-0.998222827911377
1773116701.2632308,1.3637667894363403,0.3722361624240875,0.7624288201332092,-0.01824880763888359,-0.06118893250823021,0.004498105496168137,-0.9979493021965027
1773116701.2732787,1.3646005392074585,0.3719750642776489,0.7624563574790955,-0.015006736852228642,-0.06004944071173668,0.0033780052326619625,-0.998076856136322
1773116701.2833102,1.3649425506591797,0.3716866374015808,0.7628371119499207,-0.023970607668161392,-0.053757477551698685,0.0007278420380316675,-0.9982661008834839
1773116701.2932327,1.3658138513565063,0.37176933884620667,0.7627989053726196,-0.02140326239168644,-0.05308471992611885,0.0007663748692721128,-0.9983603358268738
1773116701.3032928,1.366616129875183,0.371927946805954,0.762722909450531,-0.019946055486798286,-0.051762018352746964,-0.0010198854142799973,-0.9984597563743591
1773116701.3132734,1.3684271574020386,0.37220442295074463,0.7628952264785767,-0.017368881031870842,-0.0612480603158474,0.00026603369042277336,-0.9979714751243591
1773116701.3232899,1.3690921068191528,0.3723636567592621,0.7630771398544312,-0.012419866397976875,-0.05749964341521263,0.0028338662814348936,-0.9982642531394958
1773116701.3332899,1.3697794675827026,0.37238556146621704,0.7630749940872192,-0.010983902029693127,-0.0567832812666893,0.003808035282418132,-0.9983189105987549
1773116701.343234,1.3702917098999023,0.3719221353530884,0.7632108330726624,-0.022307438775897026,-0.05315718427300453,0.002999803749844432,-0.9983324408531189
1773116701.3532987,1.3710683584213257,0.3719397187232971,0.7632490396499634,-0.02137179486453533,-0.052202265709638596,0.0026621257420629263,-0.998404324054718
1773116701.363289,1.372510552406311,0.37162843346595764,0.7635475993156433,-0.030305979773402214,-0.05808605998754501,-0.0012215471360832453,-0.997850775718689
1773116701.3732312,1.3733196258544922,0.37181881070137024,0.7635255455970764,-0.02158053033053875,-0.0566142313182354,-0.0020484079141169786,-0.9981607794761658
1773116701.383295,1.3743277788162231,0.37240955233573914,0.7633278965950012,-0.007799843326210976,-0.0570259615778923,0.00267623970285058,-0.9983386397361755
1773116701.393272,1.374961495399475,0.37267300486564636,0.7630298137664795,0.0009172669379040599,-0.05035724490880966,0.006389040965586901,-0.9987103939056396
1773116701.403273,1.3762630224227905,0.37210556864738464,0.7632627487182617,-0.014156299643218517,-0.05607711151242256,0.0052268835715949535,-0.9983124136924744
1773116701.4132369,1.3768783807754517,0.37158820033073425,0.7634072303771973,-0.0164285097271204,-0.05806702747941017,0.007195746526122093,-0.9981516003608704
1773116701.423277,1.3774917125701904,0.3717319071292877,0.7634292244911194,-0.011266032233834267,-0.056722138077020645,0.00773401465266943,-0.9982965588569641
1773116701.4332736,1.3782700300216675,0.3723750114440918,0.7633634805679321,-0.0019456103909760714,-0.052668433636426926,0.0018769340822473168,-0.998608410358429
1773116701.4432302,1.3798097372055054,0.37213894724845886,0.7637461423873901,-0.009134724736213684,-0.061117514967918396,-1.3648540516442154e-05,-0.9980888366699219
1773116701.453296,1.3806111812591553,0.3724038600921631,0.763708233833313,-0.0123441768810153,-0.059808142483234406,0.006899201776832342,-0.998109757900238
1773116701.46328,1.381394386291504,0.3722403347492218,0.763738214969635,-0.00811883807182312,-0.059664882719516754,0.004207473248243332,-0.9981765747070312
1773116701.4732287,1.3819478750228882,0.3723146915435791,0.7638010382652283,-0.006126378197222948,-0.056667860597372055,0.005997654981911182,-0.9983563423156738
1773116701.4832973,1.3825125694274902,0.3725285232067108,0.7636386156082153,0.00032088570878840983,-0.0514744333922863,0.008549414575099945,-0.9986376762390137
1773116701.4932323,1.3834261894226074,0.3721752464771271,0.763912558555603,-0.014394833706319332,-0.05203355476260185,0.005256893578916788,-0.9985278248786926
1773116701.5032349,1.3840826749801636,0.37214717268943787,0.763848066329956,-0.010195822454988956,-0.052044421434402466,0.008092631585896015,-0.9985599517822266
1773116701.5132987,1.3858593702316284,0.37229064106941223,0.7641391754150391,-0.011985117569565773,-0.06308329105377197,0.002196354791522026,-0.9979338645935059
1773116701.5233033,1.3865629434585571,0.37225309014320374,0.7641823887825012,-0.012053395621478558,-0.06296208500862122,0.002232324331998825,-0.997940719127655
1773116701.5332804,1.3869966268539429,0.372496634721756,0.7642502188682556,-0.009828574024140835,-0.057214654982089996,0.0051925634033977985,-0.9983000755310059
1773116701.543223,1.3876367807388306,0.3723580241203308,0.7642422914505005,-0.006041397340595722,-0.056787002831697464,0.011196913197636604,-0.9983052611351013
1773116701.5532756,1.3880913257598877,0.37232694029808044,0.7642456889152527,-0.008113275282084942,-0.05180618166923523,0.012199580669403076,-0.99854975938797
1773116701.5632749,1.3884562253952026,0.3718849718570709,0.7645308971405029,-0.022627782076597214,-0.04741356149315834,0.0092293880879879,-0.9985764622688293
1773116701.5732303,1.3897299766540527,0.37260353565216064,0.7643430829048157,-0.0005471927579492331,-0.05420145392417908,0.011517230421304703,-0.99846351146698
1773116701.5832324,1.3906407356262207,0.371719092130661,0.7650193572044373,-0.023947933688759804,-0.0558912456035614,0.007553008385002613,-0.9981211423873901
1773116701.593234,1.3914029598236084,0.37191933393478394,0.7650980949401855,-0.025090839713811874,-0.054683443158864975,0.0020243600010871887,-0.9981864094734192
1773116701.6032917,1.392018437385559,0.37200242280960083,0.7651535868644714,-0.02426268346607685,-0.05387868359684944,0.0026891096495091915,-0.9982491135597229
1773116701.6132312,1.3927091360092163,0.37216222286224365,0.7651829123497009,-0.026082336902618408,-0.0521739237010479,0.004821211565285921,-0.998285710811615
1773116701.6332932,1.3937618732452393,0.37130430340766907,0.7657870650291443,-0.05085335299372673,-0.045385874807834625,0.0014259829185903072,-0.9976733326911926
1773116701.6432586,1.395286202430725,0.3720427453517914,0.7657248973846436,-0.02827542833983898,-0.05514001473784447,0.004067443311214447,-0.9980700016021729
1773116701.6532922,1.395965576171875,0.3719600737094879,0.7657408714294434,-0.025833604857325554,-0.053606074303388596,0.0021136172581464052,-0.9982256889343262
1773116701.6632757,1.3965973854064941,0.3719189763069153,0.7657749652862549,-0.02325526438653469,-0.053112998604774475,0.0022590148728340864,-0.998315155506134
1773116701.673231,1.396875023841858,0.3714984357357025,0.7660832405090332,-0.03654531016945839,-0.046919286251068115,0.000673080503474921,-0.9982297420501709
1773116701.6833017,1.3986425399780273,0.3725581467151642,0.765849769115448,-0.0107283815741539,-0.05827329307794571,0.0006221298244781792,-0.9982428550720215
1773116701.693291,1.3993324041366577,0.37263473868370056,0.7659826874732971,-0.016399305313825607,-0.055784739553928375,0.001860809396021068,-0.9983064532279968
1773116701.703237,1.3998366594314575,0.3721330165863037,0.7662838697433472,-0.028739335015416145,-0.05312323570251465,0.0015965502243489027,-0.9981731176376343
1773116701.713273,1.4003946781158447,0.37216252088546753,0.7663025259971619,-0.025531481951475143,-0.05262904241681099,0.0019067985704168677,-0.9982859492301941
1773116701.7232726,1.4009817838668823,0.3740388751029968,0.7657848596572876,0.036599885672330856,-0.049781739711761475,0.011826366186141968,-0.9980192184448242
1773116701.7332377,1.402393102645874,0.37263327836990356,0.7663922309875488,-0.008997044526040554,-0.05878717452287674,0.006402538623660803,-0.9982094764709473
1773116701.7432306,1.403079867362976,0.3726116418838501,0.7664241790771484,-0.007801893632858992,-0.058720968663692474,0.005263106431812048,-0.9982300996780396
1773116701.7533057,1.4035519361495972,0.3726346790790558,0.7663537859916687,-0.008485008962452412,-0.05681215599179268,0.004771274048835039,-0.9983375072479248
1773116701.7633138,1.404056429862976,0.372959703207016,0.7662881016731262,-0.0026099970564246178,-0.05434417724609375,0.003715406870469451,-0.9985120296478271
1773116701.77323,1.404606580734253,0.37294653058052063,0.7663090229034424,-0.0011695941211655736,-0.05270729213953018,0.004222937859594822,-0.998600423336029
1773116701.7832973,1.405376672744751,0.3716805875301361,0.7668532729148865,-0.030329523608088493,-0.054114118218421936,0.0018897060072049499,-0.9980722665786743
1773116701.7932928,1.4056657552719116,0.371288537979126,0.7670827507972717,-0.0442279577255249,-0.04827199503779411,0.002098977565765381,-0.9978523254394531
1773116701.8032923,1.4062585830688477,0.3712692856788635,0.7671130299568176,-0.04379834234714508,-0.04702672362327576,0.0019468715181574225,-0.9979311227798462
1773116701.8132935,1.4076381921768188,0.3721761107444763,0.766793429851532,-0.022423874586820602,-0.05543256923556328,0.0044316877610981464,-0.9982007741928101
1773116701.823279,1.4081575870513916,0.3722100257873535,0.7668272852897644,-0.021820029243826866,-0.05332668870687485,0.0036631664261221886,-0.9983320236206055
1773116701.8333044,1.408799409866333,0.3718149960041046,0.7672969698905945,-0.03317023068666458,-0.053579069674015045,0.00047840687329880893,-0.9980124831199646
1773116701.843304,1.4093698263168335,0.3717474043369293,0.767315685749054,-0.031526774168014526,-0.053029902279376984,0.002260470762848854,-0.9980926513671875
1773116701.8533144,1.4099011421203613,0.37173911929130554,0.7674351930618286,-0.029395412653684616,-0.053375568240880966,0.0016391669632866979,-0.9981403946876526
1773116701.86331,1.4112204313278198,0.37220504879951477,0.7673633098602295,-0.014803234487771988,-0.06210519000887871,0.0029727844521403313,-0.9979554414749146
1773116701.8732247,1.4105685949325562,0.37168824672698975,0.7674737572669983,-0.03339938074350357,-0.04570801183581352,0.0005949509213678539,-0.9983962178230286
1773116701.8832746,1.4123332500457764,0.37188297510147095,0.7677950859069824,-0.028361927717924118,-0.05978711321949959,0.001185213797725737,-0.997807502746582
1773116701.8932316,1.4126945734024048,0.37197667360305786,0.767827033996582,-0.027086028829216957,-0.054189905524253845,0.0035125152207911015,-0.9981570243835449
1773116701.9032338,1.4132318496704102,0.37190523743629456,0.7679867148399353,-0.02480297163128853,-0.054174162447452545,0.0029960819520056248,-0.9982189536094666
1773116701.91327,1.4135922193527222,0.3719547390937805,0.7678588628768921,-0.014968718402087688,-0.05376255139708519,0.007563253864645958,-0.9984129667282104
1773116701.9232702,1.414900779724121,0.37195757031440735,0.7682619094848633,-0.0075118956156075,-0.0646783784031868,0.00408852519467473,-0.9978695511817932
1773116701.933294,1.4154499769210815,0.37212538719177246,0.7684402465820312,-0.011575039476156235,-0.06414802372455597,-0.0007144928094930947,-0.9978730082511902
1773116701.943283,1.415979027748108,0.3721659183502197,0.7685575485229492,-0.01230678055435419,-0.06309305131435394,-0.0005198591970838606,-0.9979315996170044
1773116701.9533014,1.4162733554840088,0.3721994161605835,0.7687671184539795,-0.009672149084508419,-0.06012027710676193,0.0010796103160828352,-0.9981437921524048
1773116701.9633067,1.4166570901870728,0.3719097673892975,0.7687570452690125,-0.007340263109654188,-0.05845647677779198,0.007647791877388954,-0.9982336759567261
1773116701.9732869,1.4171440601348877,0.3718905448913574,0.7688900232315063,-0.00746823800727725,-0.057473815977573395,0.00695364223793149,-0.9982949495315552
1773116701.983315,1.4175134897232056,0.3715655207633972,0.7692996263504028,-0.019907284528017044,-0.05418282374739647,0.004176751244813204,-0.9983238577842712
1773116701.9932323,1.4180660247802734,0.37182462215423584,0.7694060206413269,-0.02209540270268917,-0.052744410932064056,3.17905614792835e-05,-0.9983636140823364
1773116702.0033092,1.4181617498397827,0.3714781701564789,0.769729733467102,-0.03440169245004654,-0.04774262011051178,-0.002360731363296509,-0.9982643127441406
1773116702.0133052,1.4192053079605103,0.37241798639297485,0.7692301273345947,-0.004341245628893375,-0.05392296984791756,0.0009864331223070621,-0.9985352158546448
1773116702.0233083,1.4200775623321533,0.37180638313293457,0.769944965839386,-0.026085764169692993,-0.05723598971962929,-0.0030714040622115135,-0.9980151057243347
1773116702.033293,1.42062246799469,0.3718821108341217,0.7700077295303345,-0.02550225891172886,-0.0565008819103241,-0.001877521281130612,-0.9980750679969788
1773116702.043275,1.4209297895431519,0.37189987301826477,0.7701821327209473,-0.025194386020302773,-0.05422135069966316,-0.001743086613714695,-0.998209536075592
1773116702.0532305,1.4213292598724365,0.37195754051208496,0.7702950835227966,-0.02583310566842556,-0.05333540216088295,-0.0031300396658480167,-0.9982375502586365
1773116702.0633082,1.421764850616455,0.37192443013191223,0.7703605890274048,-0.023805072531104088,-0.05284104496240616,-0.0018969187512993813,-0.9983174204826355
1773116702.0732927,1.422297477722168,0.3725533187389374,0.770149290561676,-0.006910859141498804,-0.05511985346674919,0.0011817022459581494,-0.9984551668167114
1773116702.0832462,1.4228758811950684,0.37287119030952454,0.7704176902770996,-0.009028424508869648,-0.05650964379310608,0.0073418524116277695,-0.9983342289924622
1773116702.1032934,1.424185872077942,0.3721057176589966,0.7711385488510132,-0.02866397239267826,-0.058995164930820465,0.00332837481983006,-0.9978411793708801
1773116702.1132803,1.4246461391448975,0.3722391724586487,0.7712255120277405,-0.02806614153087139,-0.05861661955714226,0.0023108713794499636,-0.9978833198547363
1773116702.1232572,1.4249017238616943,0.37234294414520264,0.7712879180908203,-0.02802814356982708,-0.05597977712750435,0.0010376035934314132,-0.9980378746986389
1773116702.1333094,1.4253121614456177,0.3723548650741577,0.7713828086853027,-0.02696836367249489,-0.05534963682293892,0.0005931500345468521,-0.9981026649475098
1773116702.1433172,1.425771951675415,0.37249261140823364,0.7714650630950928,-0.02900497429072857,-0.05393615737557411,0.0014907608274370432,-0.998121976852417
1773116702.1532764,1.4260629415512085,0.37292882800102234,0.7712928056716919,-0.013781984336674213,-0.051198478788137436,0.005146082025021315,-0.9985802173614502
1773116702.1632957,1.4266899824142456,0.37331533432006836,0.7715021967887878,0.002416324568912387,-0.055044930428266525,0.007111478131264448,-0.9984557032585144
1773116702.1732175,1.4275357723236084,0.372932493686676,0.7718755006790161,-0.010420708917081356,-0.05903436243534088,0.005260464269667864,-0.9981877207756042
1773116702.1833072,1.428276538848877,0.37295904755592346,0.7720106840133667,-0.010325195267796516,-0.06031479313969612,0.007172888610512018,-0.998100221157074
1773116702.193231,1.4286329746246338,0.37300482392311096,0.7720978260040283,-0.010168141685426235,-0.059515342116355896,0.006882663816213608,-0.9981518983840942
1773116702.2032878,1.4280776977539062,0.3720753490924835,0.7724106311798096,-0.03629119321703911,-0.0470447912812233,0.0035767070949077606,-0.9982269406318665
1773116702.2132223,1.4290318489074707,0.3726836144924164,0.7722095251083374,-0.008273018524050713,-0.05446008965373039,0.011318613775074482,-0.9984176158905029
1773116702.2232814,1.429502010345459,0.3735192120075226,0.7718662619590759,0.02001231350004673,-0.05527951940894127,0.015560832805931568,-0.9981490969657898
1773116702.23328,1.429894208908081,0.3738713264465332,0.7721316814422607,0.020622454583644867,-0.053146615624427795,0.010895106010138988,-0.9983143210411072
1773116702.2432315,1.4304646253585815,0.37405696511268616,0.7724262475967407,0.026731247082352638,-0.053283173590898514,0.008781841024756432,-0.9981830716133118
1773116702.2532961,1.431134819984436,0.37220731377601624,0.7733330130577087,-0.030129991471767426,-0.05585068464279175,-0.0005242570186965168,-0.9979843497276306
1773116702.2632987,1.4320529699325562,0.37292686104774475,0.7731952667236328,-0.00891468208283186,-0.06072705239057541,0.0031265467405319214,-0.9981096982955933
1773116702.27327,1.4324958324432373,0.37294653058052063,0.7732481956481934,-0.008669126778841019,-0.06049775332212448,0.0031624126713722944,-0.9981256723403931
1773116702.2832944,1.4328948259353638,0.3730179965496063,0.7732850313186646,-0.00922487210482359,-0.05922012776136398,0.005409636534750462,-0.9981876611709595
1773116702.2932353,1.4334818124771118,0.37291115522384644,0.7732527256011963,-0.012361266650259495,-0.060960013419389725,0.005616404581815004,-0.9980478286743164
1773116702.3032956,1.4339431524276733,0.3728756010532379,0.7733074426651001,-0.012443247251212597,-0.060999009758234024,0.006289874669164419,-0.9980405569076538
1773116702.3132696,1.4343615770339966,0.37298959493637085,0.77337247133255,-0.013013828545808792,-0.06037358567118645,0.006172351539134979,-0.9980719685554504
1773116702.3232315,1.4342347383499146,0.3733029365539551,0.7734140157699585,-0.003615399356931448,-0.05309351161122322,0.008336015976965427,-0.9985482096672058
1773116702.333241,1.4346731901168823,0.37201470136642456,0.7740960121154785,-0.030859891325235367,-0.05500879883766174,0.007654514629393816,-0.9979795813560486
1773116702.3432324,1.4352344274520874,0.37222379446029663,0.7742277383804321,-0.029642950743436813,-0.05464481934905052,0.0037170250434428453,-0.9980589151382446
1773116702.3532946,1.4352258443832397,0.3717725872993469,0.7745202779769897,-0.044224221259355545,-0.04891885444521904,0.0019430200336501002,-0.9978213310241699
1773116702.3632836,1.4355653524398804,0.37176021933555603,0.774600088596344,-0.04449757561087608,-0.04795609042048454,0.0010212600464001298,-0.9978573322296143
1773116702.3732722,1.435869812965393,0.3717747628688812,0.7747548222541809,-0.04690006747841835,-0.047067392617464066,-0.0010366910137236118,-0.9977896213531494
1773116702.3832989,1.4360466003417969,0.3719311058521271,0.7746379375457764,-0.04382553696632385,-0.045229315757751465,-0.0009956954745575786,-0.9980143904685974
1773116702.3932343,1.4363950490951538,0.371995747089386,0.7747095823287964,-0.04130532220005989,-0.044880323112010956,-0.0008283670176751912,-0.9981378316879272
1773116702.403284,1.4381687641143799,0.37302109599113464,0.7748003005981445,-0.012484872713685036,-0.062327928841114044,0.003591168439015746,-0.99797123670578
1773116702.4132977,1.4384844303131104,0.3730422258377075,0.774915874004364,-0.012516062706708908,-0.06189248710870743,0.004062574822455645,-0.9979961514472961
1773116702.423279,1.4388649463653564,0.373054563999176,0.7750177383422852,-0.014322960749268532,-0.061637330800294876,0.002616015262901783,-0.9979924559593201
1773116702.4332976,1.4387551546096802,0.3727797865867615,0.7753807306289673,-0.028370678424835205,-0.052778925746679306,0.003461797721683979,-0.9981971383094788
1773116702.4432328,1.4397850036621094,0.37334731221199036,0.7756036520004272,-0.017535148188471794,-0.059397537261247635,0.007040100172162056,-0.9980555772781372
1773116702.4532967,1.4403172731399536,0.37319180369377136,0.7758246064186096,-0.020071130245923996,-0.06273540109395981,0.006933167111128569,-0.9978042840957642
1773116702.4632828,1.4405187368392944,0.3729427456855774,0.7759543657302856,-0.016975626349449158,-0.06259050220251083,0.0037117116153240204,-0.9978880286216736
1773116702.4732792,1.4407756328582764,0.37275171279907227,0.7760910391807556,-0.015135039575397968,-0.06314347684383392,-0.0001914107269840315,-0.9978897571563721
1773116702.4832785,1.4411181211471558,0.3723342716693878,0.7766461372375488,-0.028734659776091576,-0.06178877875208855,-0.0027077447157353163,-0.997671902179718
1773116702.5032964,1.4417226314544678,0.3723398745059967,0.776839017868042,-0.028665682300925255,-0.06088535115122795,-0.0015524830669164658,-0.9977318644523621
1773116702.523237,1.4420582056045532,0.3723353147506714,0.7772659063339233,-0.027995113283395767,-0.05437634885311127,-0.0015410782070830464,-0.9981268048286438
1773116702.5332704,1.4424521923065186,0.37259477376937866,0.7775185704231262,-0.03083854913711548,-0.05422257259488106,0.005179228261113167,-0.998039186000824
1773116702.543235,1.4427205324172974,0.37250396609306335,0.777402937412262,-0.025891898199915886,-0.05553034320473671,0.009110826998949051,-0.9980797171592712
1773116702.5533166,1.4431102275848389,0.37283459305763245,0.7774739265441895,-0.02571103908121586,-0.054651785641908646,0.004981589037925005,-0.998162031173706
1773116702.5633,1.4434211254119873,0.3729245960712433,0.7775611281394958,-0.02483324706554413,-0.05452801659703255,0.004023746121674776,-0.9981952905654907
1773116702.5832813,1.4435476064682007,0.37260186672210693,0.7779200673103333,-0.033617328852415085,-0.04836137220263481,0.0034691912587732077,-0.9982580542564392
1773116702.593301,1.4450734853744507,0.3732081353664398,0.7778936624526978,-0.016497908160090446,-0.06369519978761673,0.006037428975105286,-0.9978148341178894
1773116702.6033013,1.445351004600525,0.37293553352355957,0.7780411839485168,-0.011879092082381248,-0.06425079703330994,0.01206168718636036,-0.9977902173995972
1773116702.6133032,1.44461989402771,0.3743208646774292,0.7783524990081787,0.02567160129547119,-0.052489783614873886,0.015666641294956207,-0.9981685876846313
1773116702.6233022,1.4449682235717773,0.3745395243167877,0.7785114049911499,0.021936384961009026,-0.05104120448231697,0.011144989170134068,-0.9983934760093689
1773116702.6332803,1.4453712701797485,0.37458011507987976,0.7786387801170349,0.020403238013386726,-0.049085963517427444,0.011952121742069721,-0.9985146522521973
1773116702.6432343,1.4463096857070923,0.37264859676361084,0.778992235660553,-0.024276189506053925,-0.057222943753004074,0.011850728653371334,-0.9979959726333618
1773116702.6533275,1.4465773105621338,0.37263327836990356,0.7792590260505676,-0.022961439564824104,-0.05770369619131088,0.011735225096344948,-0.9980007410049438
1773116702.6632853,1.4467895030975342,0.37292495369911194,0.779632031917572,-0.028008978813886642,-0.057609833776950836,0.001225691637955606,-0.9979454874992371
1773116702.6732788,1.4470951557159424,0.3730446994304657,0.7798864245414734,-0.029092727228999138,-0.05809466168284416,0.0028200543019920588,-0.997883141040802
1773116702.683285,1.4472317695617676,0.3730696737766266,0.7801070809364319,-0.0299521591514349,-0.05579367280006409,0.0036411683540791273,-0.9979863166809082
1773116702.6932955,1.4474414587020874,0.3732202351093292,0.780340313911438,-0.02625652402639389,-0.054442454129457474,0.003875918220728636,-0.998164176940918
1773116702.703297,1.4472688436508179,0.37270587682724,0.7808054685592651,-0.03976968303322792,-0.04961693286895752,0.002540245419368148,-0.9979730844497681
1773116702.7132795,1.4474157094955444,0.37250497937202454,0.7810045480728149,-0.043581772595644,-0.04843485355377197,0.0020630762446671724,-0.9978729486465454
1773116702.7232785,1.447619080543518,0.3725757896900177,0.7811537384986877,-0.04101189598441124,-0.04787595570087433,0.003065267577767372,-0.9980063438415527
1773116702.753299,1.448691964149475,0.3741588890552521,0.7810416221618652,0.003624869277700782,-0.05200636014342308,0.007899109274148941,-0.9986089468002319
1773116702.763301,1.4488911628723145,0.3741398751735687,0.7812338471412659,0.004551430232822895,-0.051339711993932724,0.007649112492799759,-0.9986416101455688
1773116702.773274,1.4499322175979614,0.37345030903816223,0.7816959619522095,-0.01403141487389803,-0.061913881450891495,0.004919942934066057,-0.9979707598686218
1773116702.7832792,1.4501289129257202,0.3732369542121887,0.7818412184715271,-0.8412719368934631,-0.023869724944233894,-0.5400518178939819,0.00598493916913867
1773116702.7932289,1.4501594305038452,0.37327852845191956,0.782153308391571,0.00816569197922945,0.059462327510118484,-0.010068411007523537,0.9981463551521301
1773116702.8033044,1.450487732887268,0.37301141023635864,0.7823411822319031,0.004650176968425512,0.0591559037566185,-0.009745441377162933,0.9981904029846191
1773116702.8132849,1.4507725238800049,0.37301063537597656,0.7826072573661804,0.004928017035126686,0.05988350883126259,-0.008394885808229446,0.9981579780578613
1773116702.823298,1.4509762525558472,0.37296631932258606,0.7828316688537598,0.004153751768171787,0.06096462905406952,-0.008027259260416031,0.9980990886688232
1773116702.833283,1.450961709022522,0.3732370436191559,0.7830184698104858,0.006699089892208576,0.05807667598128319,-0.0021536557469516993,0.9982873797416687
1773116702.8432333,1.4511371850967407,0.37319955229759216,0.7831619381904602,0.00607093283906579,0.05753707513213158,-0.0030147749930620193,0.9983204007148743
1773116702.8532965,1.4514080286026,0.3732246458530426,0.7833343148231506,0.005129667464643717,0.05774747207760811,-0.0024549784138798714,0.9983150959014893
1773116702.8632827,1.4516489505767822,0.373186856508255,0.7835608720779419,0.006130772642791271,0.05745457112789154,-0.001954481238499284,0.998327374458313
1773116702.8732805,1.4513622522354126,0.37224188446998596,0.7842331528663635,0.035667985677719116,0.051220089197158813,-0.00592893548309803,0.9980326890945435
1773116702.8833013,1.4515736103057861,0.3722827732563019,0.784497857093811,0.040960367769002914,0.0493275448679924,-0.001312189269810915,0.9979416131973267
1773116702.893235,1.4517585039138794,0.37238821387290955,0.7846822142601013,0.04260146617889404,0.04885828122496605,0.0015000983839854598,0.9978957176208496
1773116702.9033134,1.451961636543274,0.37237659096717834,0.7847951054573059,0.040475551038980484,0.047929324209690094,-0.0005292478599585593,0.9980301856994629
1773116702.9233181,1.4526736736297607,0.3721449673175812,0.785487711429596,0.05421974137425423,0.05076131224632263,-0.0010081242071464658,0.997237503528595
1773116702.9332757,1.4536851644515991,0.3729065954685211,0.7853792905807495,0.03318627178668976,0.05925161764025688,-0.0034715700894594193,0.9976852536201477
1773116702.943246,1.4541922807693481,0.3725731074810028,0.7855633497238159,0.02731790393590927,0.05719076469540596,-0.011081133037805557,0.9979280233383179
1773116702.9533007,1.4539672136306763,0.3726204037666321,0.7856816053390503,0.027558818459510803,0.059522248804569244,-0.008349573239684105,0.9978115558624268
1773116702.9633117,1.454253077507019,0.37275466322898865,0.7858672142028809,0.030504625290632248,0.058455344289541245,-0.003962926100939512,0.9978160858154297
1773116702.9732752,1.4545327425003052,0.37298646569252014,0.7859611511230469,0.031940776854753494,0.05721678584814072,-0.005232465919107199,0.9978370666503906
1773116702.9832976,1.4547622203826904,0.37312084436416626,0.786238968372345,0.029940199106931686,0.056336723268032074,-0.0037435584235936403,0.997955858707428
1773116702.9932349,1.4552282094955444,0.3728858530521393,0.7865793704986572,-0.8370035886764526,-0.013509348034858704,-0.5461628437042236,0.030798818916082382
1773116703.0032854,1.4547301530838013,0.3733804225921631,0.7863141894340515,0.009706263430416584,0.05333239957690239,-0.010207906365394592,0.9984774589538574
1773116703.0132985,1.45496666431427,0.37339577078819275,0.7865792512893677,0.0031665104907006025,0.05427713319659233,-0.010703785344958305,0.9984635710716248
1773116703.023297,1.4552907943725586,0.37372955679893494,0.7867529392242432,-0.006571145728230476,0.055818602442741394,-0.011827494017779827,0.9983493089675903
1773116703.0332816,1.455527901649475,0.3739928901195526,0.786933422088623,-0.003241289174184203,0.05447067692875862,-0.007635827176272869,0.9984809756278992
1773116703.0632796,1.4556492567062378,0.3725825250148773,0.7881568670272827,0.04205948859453201,0.047840263694524765,-0.0012889835052192211,0.9979682564735413
1773116703.0732803,1.4564251899719238,0.37349453568458557,0.7877850532531738,0.004707482643425465,0.05589184910058975,-0.010459452867507935,0.9983710050582886
1773116703.0833144,1.4564114809036255,0.37327390909194946,0.787907600402832,0.0006692007882520556,0.05645844712853432,-0.01478236448019743,0.9982953071594238
1773116703.0932374,1.4566298723220825,0.3734959363937378,0.7880879044532776,0.004896001424640417,0.0550176240503788,-0.010039150714874268,0.9984229207038879
1773116703.103284,1.4567513465881348,0.3733408749103546,0.7882238626480103,0.002556691411882639,0.05484945327043533,-0.005617150571197271,0.9984755516052246
1773116703.11328,1.4568971395492554,0.3733753561973572,0.7883378267288208,0.0024720155633985996,0.054778095334768295,-0.005727071315050125,0.9984790682792664
1773116703.123303,1.4575393199920654,0.37313979864120483,0.7887423038482666,0.008916261605918407,0.05915496498346329,-0.005392950028181076,0.9981945157051086
1773116703.1332843,1.4576151371002197,0.3732403814792633,0.7888519167900085,0.010801044292747974,0.05947025120258331,-0.0032134605571627617,0.998166561126709
1773116703.1432881,1.4577292203903198,0.3732245862483978,0.7889600992202759,0.00996361579746008,0.05879120156168938,-0.00441655283793807,0.9982107877731323
1773116703.1532853,1.4578100442886353,0.3732832670211792,0.789112389087677,0.011930151842534542,0.05823919549584389,-0.0025852033868432045,0.9982280731201172
1773116703.1632802,1.457943320274353,0.37326541543006897,0.7892314195632935,0.012510743923485279,0.05812615528702736,-0.002207340905442834,0.9982284903526306
1773116703.1732872,1.4580347537994385,0.3728274703025818,0.7896448373794556,0.028021838515996933,0.05658390000462532,0.0009698471403680742,0.9980040788650513
1773116703.1832724,1.4582247734069824,0.372864693403244,0.7897592186927795,0.027892202138900757,0.05648065358400345,0.0019589290022850037,0.9980121850967407
1773116703.193251,1.4586154222488403,0.3726309537887573,0.7900823354721069,-0.836477518081665,-0.02019745483994484,-0.5466557741165161,0.032632000744342804
1773116703.2033174,1.4587481021881104,0.37259364128112793,0.7902546525001526,-0.8364404439926147,-0.020161015912890434,-0.5467338562011719,0.03229966759681702
1773116703.2132812,1.4589916467666626,0.37295305728912354,0.7907693386077881,0.03872411325573921,0.06274145841598511,-0.005524489562958479,0.9972630143165588
1773116703.2233026,1.4591618776321411,0.37295281887054443,0.7909457087516785,0.03856485337018967,0.06263481080532074,-0.00604407349601388,0.9972728490829468
1773116703.233286,1.4589357376098633,0.37325891852378845,0.7908251881599426,0.031017892062664032,0.056994300335645676,-0.007296559400856495,0.9978659749031067
1773116703.243298,1.4590942859649658,0.37326693534851074,0.790954053401947,0.03125499188899994,0.056874457746744156,-0.006465592421591282,0.9978710412979126
1773116703.2533004,1.4592427015304565,0.3732934892177582,0.7910689115524292,0.03056657873094082,0.05659417808055878,-0.006371945608407259,0.997908890247345
1773116703.2632866,1.459389090538025,0.3731764853000641,0.7912982702255249,0.033679619431495667,0.056577399373054504,-0.005995464511215687,0.9978119730949402
1773116703.3033178,1.4596588611602783,0.3728604316711426,0.7920266389846802,0.029313549399375916,0.053821153938770294,-0.00791753176599741,0.9980888962745667
1773116703.3232982,1.4595786333084106,0.3731783926486969,0.7919823527336121,0.01927701011300087,0.048921260982751846,-0.009448966011404991,0.9985719323158264
1773116703.3332984,1.460634708404541,0.37297168374061584,0.7922085523605347,0.023461690172553062,0.059391818940639496,-0.00880201905965805,0.9979202151298523
1773116703.343274,1.460880160331726,0.37317609786987305,0.792363703250885,0.027065029367804527,0.05814405530691147,-0.003405887633562088,0.9979354739189148
1773116703.3532412,1.4610663652420044,0.3732759952545166,0.7924681305885315,0.026440558955073357,0.05735807120800018,-0.004330132622271776,0.9979941844940186
1773116703.3633144,1.4614040851593018,0.3738338351249695,0.7923483848571777,0.009223724715411663,0.06000398471951485,-0.007092087529599667,0.9981303811073303
1773116703.3733034,1.4614684581756592,0.3731173872947693,0.7928590178489685,0.029652681201696396,0.058686695992946625,-0.0037444508634507656,0.9978289604187012
1773116703.3832822,1.4620205163955688,0.3736008405685425,0.792658269405365,0.014670724049210548,0.06322057545185089,-0.0065133217722177505,0.9978705048561096
1773116703.3932369,1.4621503353118896,0.3735855221748352,0.7927695512771606,0.014347619377076626,0.06311145424842834,-0.006601111497730017,0.9978815913200378
1773116703.4032884,1.462296485900879,0.37359780073165894,0.7928846478462219,0.014772557653486729,0.06298523396253586,-0.006556742824614048,0.997883677482605
1773116703.4133015,1.4625346660614014,0.3737500309944153,0.7929548025131226,0.01769316755235195,0.06195588782429695,-0.006186919752508402,0.9979028701782227
1773116703.4232876,1.4627153873443604,0.3737964928150177,0.7931095957756042,0.018426312133669853,0.061725202947854996,-0.005547934677451849,0.9979077577590942
1773116703.4333022,1.4627900123596191,0.3738662302494049,0.7933266758918762,0.01954559236764908,0.06100372225046158,-0.00403528893366456,0.9979380965232849
1773116703.443236,1.4628690481185913,0.3738253712654114,0.7934504747390747,0.018605152145028114,0.06093037873506546,-0.0046485839411616325,0.9979578256607056
1773116703.4533002,1.4630465507507324,0.3734186291694641,0.7934905886650085,0.012372341006994247,0.061903469264507294,-0.013297230936586857,0.9979169368743896
1773116703.463283,1.463229775428772,0.37336042523384094,0.7936568260192871,0.01209019124507904,0.06235983222723007,-0.012995445169508457,0.9978959560394287
1773116703.4733021,1.463413119316101,0.3734545111656189,0.7938042879104614,0.013072635047137737,0.063055619597435,-0.012233184650540352,0.9978494048118591
1773116703.483286,1.4627810716629028,0.37430325150489807,0.7932713031768799,-0.02523181214928627,0.055745262652635574,-0.01222279854118824,0.9980514049530029
1773116703.4932394,1.4628435373306274,0.37458670139312744,0.7934673428535461,-0.020346887409687042,0.055090006440877914,-0.005199303850531578,0.9982605576515198
1773116703.5032866,1.4629861116409302,0.3746587038040161,0.7936080694198608,-0.023275328800082207,0.054775629192590714,-0.005564815364778042,0.9982119202613831
1773116703.513285,1.4632439613342285,0.373149037361145,0.7946808338165283,0.02362004667520523,0.056055061519145966,0.000927529763430357,0.9981479048728943
1773116703.523281,1.4631702899932861,0.3751079738140106,0.7939849495887756,-0.0360255166888237,0.05363168567419052,-0.007280383724719286,0.9978841543197632
1773116703.5333018,1.4633102416992188,0.37517765164375305,0.794122040271759,-0.039608895778656006,0.053191255778074265,-0.008666525594890118,0.9977609515190125
1773116703.5432365,1.4634746313095093,0.37523454427719116,0.7942878007888794,-0.04064846783876419,0.05273392051458359,-0.00746800284832716,0.9977530837059021
1773116703.5532758,1.463746428489685,0.3755302429199219,0.7947285771369934,-0.04223949462175369,0.0534050315618515,-0.008959872648119926,0.997639000415802
1773116703.5733187,1.463796854019165,0.3725511133670807,0.7958522439002991,0.047165848314762115,0.051403287798166275,0.00445908447727561,0.9975537061691284
1773116703.5832818,1.4638776779174805,0.37247729301452637,0.795953094959259,0.04665495827794075,0.05122339725494385,0.0036722030490636826,0.9975901246070862
1773116703.5932388,1.464109182357788,0.3726445734500885,0.7961906790733337,0.0494021475315094,0.0511036291718483,-0.001480929902754724,0.9974697232246399
1773116703.6032848,1.464256763458252,0.3726790249347687,0.7962833642959595,0.04965365678071976,0.05078832805156708,-0.0016526117688044906,0.9974730610847473
1773116703.6132824,1.4643757343292236,0.3727130591869354,0.796333909034729,0.04994566738605499,0.05023108050227165,-0.001281157834455371,0.9974871873855591
1773116703.6233006,1.4644274711608887,0.37249597907066345,0.7963598966598511,0.046799127012491226,0.04942494258284569,0.0027079458814114332,0.997677206993103
1773116703.6332903,1.4645742177963257,0.37247234582901,0.7964447736740112,0.048517175018787384,0.048877764493227005,0.002905309433117509,0.997621476650238
1773116703.643239,1.4648308753967285,0.3729512691497803,0.796751081943512,0.05303986370563507,0.04869735240936279,-0.006766548380255699,0.9973813891410828
1773116703.6533263,1.4648478031158447,0.3727174699306488,0.7967922687530518,0.0477595180273056,0.04833013191819191,-0.003268150147050619,0.9976836442947388
1773116703.6633162,1.4649314880371094,0.3726634979248047,0.7969051599502563,0.047173354774713516,0.048292383551597595,-0.00334920478053391,0.9977130889892578
1773116703.6733103,1.4649312496185303,0.37275949120521545,0.796834409236908,0.04650287702679634,0.046769995242357254,-0.0034187405835837126,0.997816801071167
1773116703.6833107,1.4666576385498047,0.37419843673706055,0.796741783618927,0.017869191244244576,0.06348636001348495,-0.010796657763421535,0.9977642893791199
1773116703.6932867,1.466776728630066,0.3741764724254608,0.7968613505363464,0.018509047105908394,0.06337424367666245,-0.010148485191166401,0.9977665543556213
1773116703.7033086,1.4665746688842773,0.3734968304634094,0.7975005507469177,-0.838675856590271,-0.0036857870873063803,-0.5437098741531372,0.03144469112157822
1773116703.7133033,1.4668159484863281,0.37390828132629395,0.7970572710037231,0.01668223738670349,0.061971455812454224,-0.004944217391312122,0.9979263544082642
1773116703.7233047,1.466770887374878,0.37403789162635803,0.7969444394111633,0.012886222451925278,0.0609666109085083,-0.0055168201215565205,0.9980413913726807
1773116703.733301,1.4671050310134888,0.37395012378692627,0.7973182201385498,0.015232211910188198,0.061978477984666824,-0.0057093375362455845,0.9979449510574341
1773116703.7432384,1.4672456979751587,0.3739553689956665,0.797433078289032,0.015918485820293427,0.06172855198383331,-0.004922554828226566,0.9979539513587952
1773116703.7532768,1.4674545526504517,0.37404894828796387,0.7977474331855774,0.017798397690057755,0.06471976637840271,-0.005109562072902918,0.9977316856384277
1773116703.763287,1.4676463603973389,0.37408772110939026,0.7978789210319519,0.017169052734971046,0.06485753506422043,-0.004488416947424412,0.9977368116378784
1773116703.773239,1.4670419692993164,0.37533238530158997,0.7975051999092102,-0.025746144354343414,0.05441136658191681,-0.010814199224114418,0.9981281161308289
1773116703.7833028,1.4672083854675293,0.3753543794155121,0.7977283000946045,-0.025511659681797028,0.05391315370798111,-0.0132054528221488,0.9981323480606079
1773116703.793304,1.4672319889068604,0.37450021505355835,0.7980349063873291,-0.00552950007840991,0.054592523723840714,-0.008632752113044262,0.9984561204910278
1773116703.8032913,1.467404842376709,0.37453946471214294,0.7981692552566528,-0.00535022746771574,0.05430122837424278,-0.008473856374621391,0.9984742999076843
1773116703.823289,1.4682492017745972,0.3738969564437866,0.7986201047897339,0.010882014408707619,0.06222713366150856,-0.00907730869948864,0.9979614019393921
1773116703.8332984,1.468413233757019,0.3738597631454468,0.798748791217804,0.011764461174607277,0.06169480085372925,-0.009418055415153503,0.9979813694953918
1773116703.8432393,1.4686000347137451,0.37398943305015564,0.798895001411438,0.013493475504219532,0.06125080585479736,-0.0056170811876654625,0.9980154037475586
1773116703.853292,1.46797513961792,0.3724820017814636,0.7995190620422363,0.039690032601356506,0.05070146545767784,-0.009956035763025284,0.9978752136230469
1773116703.863288,1.468045711517334,0.3724175691604614,0.7996234893798828,0.037792205810546875,0.05073580518364906,-0.01064181886613369,0.9979400634765625
1773116703.873277,1.4681627750396729,0.3723655343055725,0.7997167706489563,0.04027445241808891,0.0502893440425396,-0.010111689567565918,0.9978711009025574
1773116703.8833017,1.468345046043396,0.3724198639392853,0.7997753024101257,0.04501798003911972,0.049405355006456375,-0.008413933217525482,0.9977282881736755
1773116703.893239,1.468645453453064,0.3727802634239197,0.7998582124710083,0.049241866916418076,0.04719157889485359,-0.004440118093043566,0.9976614713668823
1773116703.9032845,1.468726634979248,0.37285053730010986,0.7999396324157715,0.0493946298956871,0.04762069880962372,-0.0024256056640297174,0.9976404905319214
1773116703.9133196,1.4687244892120361,0.37278035283088684,0.8001489043235779,0.04666576534509659,0.04812260717153549,-0.0003463290922809392,0.9977506995201111
1773116703.9232836,1.4688166379928589,0.3727412223815918,0.8002606630325317,0.044054578989744186,0.04834253340959549,-0.0006224160315468907,0.9978586435317993
1773116703.9333005,1.4689024686813354,0.3726622462272644,0.8003692626953125,0.04466276988387108,0.04795273393392563,-0.0007254597148858011,0.9978503584861755
1773116703.9432385,1.4690165519714355,0.3726247251033783,0.8004300594329834,0.04736245423555374,0.04734911024570465,-0.0005300382617861032,0.9977548122406006
1773116703.9533222,1.4693264961242676,0.372909277677536,0.8005231618881226,0.05276534706354141,0.04635293781757355,-0.0020606261678040028,0.9975284337997437
1773116703.963241,1.4693719148635864,0.37282100319862366,0.8006300926208496,0.05007012560963631,0.04676714539527893,0.003045386401936412,0.9976455569267273
1773116703.9732697,1.4700253009796143,0.37394624948501587,0.8001417517662048,0.007592334412038326,0.05449340492486954,-0.007655625697225332,0.9984560012817383
1773116704.0133173,1.4706414937973022,0.3746194839477539,0.8001189827919006,-0.013175218366086483,0.05451907962560654,-0.008212023414671421,0.9983920454978943
1773116704.0233202,1.4709255695343018,0.3747909665107727,0.800042986869812,-0.013626283034682274,0.054713837802410126,-0.0060998485423624516,0.9983905553817749
1773116704.03329,1.4710851907730103,0.37483757734298706,0.8001686930656433,-0.01259685680270195,0.054668281227350235,-0.004949456546455622,0.9984128475189209
1773116704.0432415,1.4711970090866089,0.3746900260448456,0.800491452217102,-0.015426376834511757,0.0551636703312397,-0.005945231299847364,0.9983404874801636
1773116704.0533056,1.471177101135254,0.3744765818119049,0.8008682727813721,-0.022639308124780655,0.05617377534508705,-0.010026946663856506,0.9981139898300171
1773116704.0633028,1.471504807472229,0.373065322637558,0.8019124269485474,0.026590611785650253,0.058716218918561935,-0.0069809830747544765,0.997896134853363
1773116704.073323,1.4716778993606567,0.37326565384864807,0.802029013633728,0.030282113701105118,0.057519007474184036,-0.0029358859173953533,0.997880756855011
1773116704.083307,1.4717994928359985,0.3731081485748291,0.8020431399345398,0.02833990752696991,0.05682254955172539,0.0028930564876645803,0.9979777932167053
1773116704.093239,1.4719934463500977,0.37322813272476196,0.8021712899208069,0.028149127960205078,0.05680489167571068,0.004046631045639515,0.9979802370071411
1773116704.103303,1.4723389148712158,0.3737308979034424,0.8023480176925659,0.03393604978919029,0.056120552122592926,-0.006295935250818729,0.9978272318840027
1773116704.113239,1.4722884893417358,0.3733362853527069,0.802491307258606,0.030422566458582878,0.056743841618299484,-0.0024566897191107273,0.9979221820831299
1773116704.123306,1.4719661474227905,0.37260687351226807,0.8029158115386963,0.04546910524368286,0.051670581102371216,-0.0016432228730991483,0.9976271986961365
1773116704.133302,1.4731392860412598,0.37373971939086914,0.8025192022323608,0.01158301904797554,0.06457721441984177,-0.006713367998600006,0.9978229403495789
1773116704.1433203,1.472840666770935,0.3733775019645691,0.8028508424758911,0.027159929275512695,0.05897592753171921,-0.003660479560494423,0.9978832006454468
1773116704.1533062,1.4733502864837646,0.374702125787735,0.8027803897857666,0.024447597563266754,0.06747046113014221,-0.019230034202337265,0.9972363710403442
1773116704.1632798,1.4734891653060913,0.37375059723854065,0.8026840090751648,0.011685009114444256,0.06339076161384583,0.00047610714682377875,0.9979203343391418
1773116704.1733146,1.4736104011535645,0.37392333149909973,0.8028501868247986,0.013399148359894753,0.063294418156147,-0.005708198994398117,0.9978886842727661
1773116704.183285,1.4736566543579102,0.3738771677017212,0.8029812574386597,0.011539280414581299,0.0632273256778717,-0.007252268958836794,0.9979060888290405
1773116704.1932993,1.4738062620162964,0.37381306290626526,0.8030779957771301,0.011275367811322212,0.06274161487817764,-0.0068923477083444595,0.997942328453064
1773116704.2033103,1.4739181995391846,0.3737828731536865,0.8031278252601624,0.01185116358101368,0.06271587312221527,-0.006678387522697449,0.9979388117790222
1773116704.2133117,1.4740351438522339,0.3738909661769867,0.803215742111206,0.013171277940273285,0.06235196813941002,-0.006261148490011692,0.9979477524757385
1773116704.2232862,1.4742034673690796,0.37399810552597046,0.8032674193382263,0.014505529776215553,0.06195691227912903,-0.0053834761492908,0.9979589581489563
1773116704.233286,1.4742889404296875,0.37403327226638794,0.8032891750335693,0.01475357636809349,0.06151759997010231,-0.005435658153146505,0.9979821443557739
1773116704.2432702,1.4743248224258423,0.37396106123924255,0.8034147024154663,0.01331853773444891,0.06168143451213837,-0.00620978232473135,0.997987687587738
1773116704.253291,1.4743367433547974,0.37369292974472046,0.8035231232643127,0.009405255317687988,0.06210603937506676,-0.010327904485166073,0.9979718327522278
1773116704.2633066,1.4744160175323486,0.3736899495124817,0.8036021590232849,0.009744073264300823,0.062034476548433304,-0.010400884784758091,0.997972309589386
1773116704.273304,1.4745562076568604,0.3739059567451477,0.8037424087524414,0.01291605457663536,0.061346493661403656,-0.005713904742151499,0.9980166554450989
1773116704.28332,1.474726676940918,0.3739359974861145,0.8038236498832703,0.013524717651307583,0.06081356108188629,-0.005442710593342781,0.9980427622795105
1773116704.2932398,1.4748716354370117,0.37394410371780396,0.8038967847824097,0.014586125500500202,0.060734763741493225,-0.005029353313148022,0.9980347156524658
1773116704.303304,1.4751379489898682,0.3738546669483185,0.804160475730896,0.01953391171991825,0.06202830374240875,-0.0040180012583732605,0.9978750944137573
1773116704.3132858,1.4752551317214966,0.37353768944740295,0.8042656779289246,0.013586670160293579,0.06204008311033249,-0.012140565551817417,0.9979073405265808
1773116704.3232853,1.475348711013794,0.3736039996147156,0.8044421076774597,0.014818085357546806,0.0630728155374527,-0.015181870199739933,0.9977834820747375
1773116704.3333175,1.4753926992416382,0.37369024753570557,0.8046053051948547,0.017726747319102287,0.06217382848262787,-0.011553204618394375,0.9978411197662354
1773116704.3433084,1.4755823612213135,0.37367722392082214,0.8046131134033203,-0.012135740369558334,0.04407733306288719,-0.030411144718527794,0.9984914064407349
1773116704.3533025,1.4757136106491089,0.37362775206565857,0.8046510815620422,-0.011458715423941612,0.04373499006032944,-0.0301203615963459,0.9985233545303345
1773116704.3633125,1.4752662181854248,0.37333500385284424,0.8053645491600037,0.03518545627593994,0.054817479103803635,-8.856828208081424e-05,0.9978762865066528
1773116704.3732793,1.4754358530044556,0.37347835302352905,0.8055925369262695,0.035740725696086884,0.055875055491924286,-0.0016157960053533316,0.9977966547012329
1773116704.3832479,1.4756346940994263,0.3735722005367279,0.8056615591049194,0.030667142942547798,0.056298743933439255,-0.002819669432938099,0.9979389309883118
1773116704.3932397,1.475682020187378,0.3733919560909271,0.8058314919471741,0.027302755042910576,0.057538121938705444,-0.007762483321130276,0.9979397058486938
1773116704.4033053,1.4757338762283325,0.37337490916252136,0.8059317469596863,0.025795217603445053,0.05769941210746765,-0.008078496903181076,0.9979680776596069
1773116704.4132853,1.4758453369140625,0.3733569383621216,0.805982768535614,0.02598794735968113,0.05738354101777077,-0.00786077044904232,0.9979830384254456
1773116704.4232888,1.475690245628357,0.3729490041732788,0.8064479231834412,0.047211937606334686,0.05127337947487831,-0.001751477480866015,0.9975666403770447
1773116704.4332855,1.475866675376892,0.3731023073196411,0.806549072265625,0.04750894382596016,0.05097493156790733,-0.0002108792687067762,0.9975693225860596
1773116704.4432418,1.4759749174118042,0.37297770380973816,0.8067372441291809,0.04914580658078194,0.05030973628163338,-0.0008860199013724923,0.9975233674049377
1773116704.453302,1.4759546518325806,0.3725946247577667,0.8068220615386963,0.04417465999722481,0.05141894519329071,-0.003383267903700471,0.9976940155029297
1773116704.4633043,1.4759819507598877,0.37254104018211365,0.8069354891777039,0.04361523315310478,0.05123738572001457,-0.005052997265011072,0.9977208971977234
1773116704.4732854,1.4761260747909546,0.3725028336048126,0.8070302605628967,0.04444718733429909,0.05134471133351326,-0.004878847394138575,0.997679591178894
1773116704.4833078,1.4763140678405762,0.37268564105033875,0.8071386218070984,0.04748012125492096,0.05037544295191765,0.0007610423490405083,0.9976008534431458
1773116704.4932413,1.4763716459274292,0.37275809049606323,0.8072006106376648,0.04872336983680725,0.05012046918272972,0.0019195216009393334,0.997552216053009
1773116704.5032864,1.4765006303787231,0.3728313148021698,0.807266116142273,0.04911709204316139,0.04962189123034477,0.003741462482139468,0.9975526928901672
1773116704.5133035,1.4766324758529663,0.3728807270526886,0.8073229789733887,0.045550573617219925,0.04936951771378517,0.0015829168260097504,0.9977400898933411
1773116704.5233016,1.4766722917556763,0.37280261516571045,0.8074049353599548,0.04497303068637848,0.04928184673190117,-0.00010576054046396166,0.9977719783782959
1773116704.5333214,1.47663152217865,0.37262722849845886,0.8074460029602051,0.04267078638076782,0.05006696656346321,-0.0042729866690933704,0.9978247880935669
1773116704.5432413,1.4767858982086182,0.37277650833129883,0.807571530342102,0.04468334838747978,0.049181751906871796,2.3093816707842052e-05,0.9977898597717285
1773116704.5533156,1.4767768383026123,0.3729453980922699,0.8074364066123962,0.041290126740932465,0.04714193195104599,-0.0001619586837477982,0.9980344176292419
1773116704.5633192,1.476880669593811,0.373077929019928,0.807476282119751,0.04192875325679779,0.04661966487765312,0.0012986090732738376,0.998031497001648
1773116704.5733101,1.4769312143325806,0.3731229901313782,0.8075143098831177,0.041390180587768555,0.04675198346376419,0.0016345607582479715,0.9980472922325134
1773116704.5832381,1.4770694971084595,0.37310734391212463,0.8076040148735046,0.0408572256565094,0.046821966767311096,0.001398639753460884,0.9980664253234863
1773116704.5932343,1.4784812927246094,0.3739147484302521,0.8074886202812195,0.006828250829130411,0.06304316967725754,-0.00912415236234665,0.9979457855224609
1773116704.603286,1.4785248041152954,0.3739117681980133,0.8075657486915588,0.006191347725689411,0.06297890096902847,-0.009803134948015213,0.9979475736618042
1773116704.6133058,1.4785778522491455,0.37388017773628235,0.8076344132423401,0.006331491284072399,0.06311013549566269,-0.009202203713357449,0.9979441165924072
1773116704.6233068,1.4788172245025635,0.37410593032836914,0.807733416557312,0.010668976232409477,0.06284007430076599,-0.0030899972189217806,0.9979618191719055
1773116704.633286,1.4789632558822632,0.37421274185180664,0.8077874183654785,0.010874276049435139,0.06256000697612762,-0.001792132155969739,0.9979803562164307
1773116704.643242,1.4789496660232544,0.37426576018333435,0.8079128265380859,0.011625166982412338,0.06152954697608948,-0.0011403841199353337,0.9980369806289673
1773116704.6533341,1.4789663553237915,0.37417006492614746,0.8080036640167236,0.010525081306695938,0.0614125020802021,-0.00258186855353415,0.9980536699295044
1773116704.6633086,1.4790207147598267,0.37397298216819763,0.8080666065216064,0.007108168210834265,0.0613827183842659,-0.007215061690658331,0.9980629682540894
1773116704.6732852,1.4792555570602417,0.3738373816013336,0.8083144426345825,0.011508429422974586,0.0627351850271225,-0.006151342764496803,0.9979449510574341
1773116704.683305,1.4793182611465454,0.37404996156692505,0.8084235787391663,0.015361118130385876,0.06190686300396919,-0.0007816256256774068,0.9979634881019592
1773116704.6932926,1.4793367385864258,0.37404245138168335,0.808436930179596,0.015283288434147835,0.062262579798698425,-8.214212721213698e-05,0.9979428648948669
1773116704.703324,1.4793143272399902,0.37408939003944397,0.8084378242492676,0.015718651935458183,0.06257174909114838,0.0006150183035060763,0.9979165196418762
1773116704.713307,1.479331612586975,0.37411314249038696,0.8084795475006104,0.01535315252840519,0.062243323773145676,-1.2923538633913267e-05,0.9979429841041565
1773116704.7232926,1.4792848825454712,0.3740740418434143,0.8084830641746521,0.014836498536169529,0.06218956783413887,-0.0013063197256997228,0.9979532957077026
1773116704.7333057,1.4793275594711304,0.37399032711982727,0.8085780143737793,0.013183520175516605,0.06456932425498962,-0.008462083525955677,0.9977903366088867
1773116704.7432425,1.4792780876159668,0.374046266078949,0.8085038065910339,0.015316135250031948,0.06214795261621475,-0.0007293344824574888,0.9979492425918579
1773116704.7532544,1.4792907238006592,0.3740313947200775,0.8085018396377563,0.015183846466243267,0.06213473528623581,-0.0004969814908690751,0.9979521632194519
1773116704.7632868,1.47907292842865,0.3741907477378845,0.8083417415618896,0.010509401559829712,0.06092863157391548,-0.0013958344934508204,0.9980858564376831
1773116704.7732813,1.4792639017105103,0.3740609288215637,0.8085201978683472,0.015295744873583317,0.0621180534362793,-7.215113146230578e-05,0.9979516863822937
1773116704.7832806,1.4790911674499512,0.37422728538513184,0.8083581328392029,0.011018777266144753,0.06081760302186012,-0.00046383330482058227,0.9980880618095398
1773116704.7932556,1.4793696403503418,0.3742355704307556,0.8087098598480225,0.01734328642487526,0.06347484141588211,-0.0036832981277257204,0.9978259205818176
1773116704.803247,1.4791312217712402,0.37430399656295776,0.808624804019928,0.011386844329535961,0.06243222951889038,-0.005312073975801468,0.9979701042175293
1773116704.813276,1.4790512323379517,0.3741172254085541,0.8085995316505432,0.008280768059194088,0.06268030405044556,-0.01017464604228735,0.9979474544525146
1773116704.8232772,1.4791443347930908,0.3742595613002777,0.8087210655212402,0.010781348682940006,0.06356865912675858,-0.004798696376383305,0.9979077577590942
1773116704.833241,1.479142189025879,0.37439343333244324,0.8086093068122864,0.012666067108511925,0.0619775764644146,-0.005048791412264109,0.9979844093322754
1773116704.8432395,1.4790878295898438,0.37414315342903137,0.8086493015289307,0.009664270095527172,0.06365711987018585,0.0013951573055237532,0.9979241490364075
1773116704.8532767,1.4791196584701538,0.3741392195224762,0.8086725473403931,0.009560185484588146,0.0636371448636055,0.0014752260176464915,0.9979262351989746
1773116704.8632758,1.4791553020477295,0.3743475675582886,0.808722972869873,0.0116347661241889,0.06355588883161545,-0.004457872826606035,0.9979005455970764
1773116704.8732746,1.479085922241211,0.3742670714855194,0.8087952733039856,0.010730650275945663,0.06342178583145142,-0.00511397048830986,0.9979161024093628
1773116704.8832757,1.4788916110992432,0.3740493059158325,0.8088154792785645,0.0073744612745940685,0.06386139988899231,-0.01015507522970438,0.9978799223899841
1773116704.893273,1.47870934009552,0.3739510178565979,0.8088696599006653,0.005956707987934351,0.06492286175489426,-0.008378279395401478,0.9978373646736145
1773116704.9032767,1.4787530899047852,0.37427258491516113,0.8088726997375488,0.010995852760970592,0.06355195492506027,-0.005420610774308443,0.9979032874107361
1773116704.9132755,1.4786972999572754,0.3741382360458374,0.8088098764419556,0.009590556845068932,0.06391778588294983,0.0012632746947929263,0.9979082942008972
1773116704.9232733,1.4787110090255737,0.37412261962890625,0.8088024258613586,0.009436611086130142,0.0637955591082573,0.0010240760166198015,0.9979178309440613
1773116704.933274,1.4787324666976929,0.3742441236972809,0.8088648319244385,0.010985741391777992,0.06355737894773483,-0.005425238981842995,0.997903048992157
1773116704.943274,1.4786165952682495,0.3739077150821686,0.8088803887367249,0.005629730876535177,0.06516586244106293,-0.008964063599705696,0.9978182911872864
1773116704.9532754,1.4786593914031982,0.37395256757736206,0.8089038133621216,0.0063600982539355755,0.06495556980371475,-0.008392199873924255,0.9978326559066772
1773116704.9632738,1.4788188934326172,0.3743155300617218,0.8089240789413452,0.01227280031889677,0.0630074217915535,-0.00456625409424305,0.997927188873291
1773116704.9732656,1.4787565469741821,0.37411749362945557,0.8088787794113159,0.009636955335736275,0.06340505927801132,0.0013158409856259823,0.9979404807090759
1773116704.983276,1.478785753250122,0.3742864429950714,0.8089455366134644,0.011630251072347164,0.06291434168815613,-0.005550406873226166,0.9979357123374939
1773116704.9932485,1.4787380695343018,0.3742530047893524,0.8090046644210815,0.011271053925156593,0.0633813813328743,-0.0051746005192399025,0.9979123473167419
1773116705.003248,1.478717565536499,0.3742370009422302,0.8090509176254272,0.011200320906937122,0.06321264058351517,-0.00527019239962101,0.9979233145713806
1773116705.0132744,1.4786914587020874,0.37426140904426575,0.8090842962265015,0.011063911020755768,0.06306568533182144,-0.005491094663739204,0.997933030128479
1773116705.0232713,1.478580355644226,0.37399402260780334,0.8090692162513733,0.006458797957748175,0.06458789110183716,-0.00811794027686119,0.9978581666946411
1773116705.0332801,1.4786008596420288,0.3741423785686493,0.8091181516647339,0.009537728503346443,0.06410697102546692,-0.0039625223726034164,0.9978896379470825
1773116705.0432305,1.4785990715026855,0.3742658793926239,0.8090987801551819,0.01165285799652338,0.0631352961063385,-0.005195215810090303,0.9979234933853149
1773116705.0532305,1.4785300493240356,0.3743058741092682,0.8090961575508118,0.011927294544875622,0.06306619942188263,-0.005343311000615358,0.9979238510131836
1773116705.0633056,1.4784541130065918,0.37432610988616943,0.8091484308242798,0.012194638140499592,0.06363525241613388,-0.0047891573049128056,0.9978873133659363
1773116705.0732625,1.4783737659454346,0.3741760849952698,0.809230625629425,0.010744424536824226,0.06443586200475693,-0.003519368125125766,0.9978578090667725
1773116705.083306,1.478318691253662,0.3740933835506439,0.8092774748802185,0.01021766196936369,0.06443367153406143,-0.003544037928804755,0.9978634119033813
1773116705.093236,1.4783120155334473,0.37411513924598694,0.8092647194862366,0.009558185935020447,0.06450801342725754,-0.003666767617687583,0.9978647232055664
1773116705.103281,1.4783402681350708,0.3741351068019867,0.8092511892318726,0.00925423763692379,0.064640574157238,-0.004060807172209024,0.9978575110435486
1773116705.1133113,1.4782501459121704,0.3737621605396271,0.8094300031661987,0.02757205441594124,0.06061885878443718,-0.002263309434056282,0.9977775812149048
1773116705.1233084,1.478209137916565,0.37359094619750977,0.8094215393066406,0.024753428995609283,0.06083182990550995,0.0042120311409235,0.9978322386741638
1773116705.133274,1.4781895875930786,0.3736896216869354,0.8095350861549377,0.026750678196549416,0.06135273724794388,-0.0009653080487623811,0.9977572560310364
1773116705.1433003,1.4778521060943604,0.3736688792705536,0.8096153736114502,0.02319338172674179,0.058180928230285645,-0.001547210500575602,0.9980354309082031
1773116705.1533008,1.477824091911316,0.373686820268631,0.809594452381134,0.02218659035861492,0.05811081454157829,-0.0021292008459568024,0.9980612993240356
1773116705.1633086,1.478247880935669,0.3740841746330261,0.8093351721763611,0.009827787056565285,0.06417570263147354,-0.004104764200747013,0.9978818297386169
1773116705.1733055,1.4778378009796143,0.37374594807624817,0.8095523118972778,0.023754632100462914,0.05813964456319809,-0.001436794875189662,0.9980247616767883
1773116705.1832855,1.4781785011291504,0.373820960521698,0.8094881772994995,0.02887301705777645,0.060319386422634125,-0.0021531248930841684,0.9977591633796692
1773116705.1932585,1.4781715869903564,0.37377291917800903,0.8094882369041443,0.028157034888863564,0.060700345784425735,-0.0024450088385492563,0.9977558255195618
1773116705.2032783,1.4781081676483154,0.3736143708229065,0.8095449209213257,0.02591603994369507,0.06174618378281593,-0.0009840180864557624,0.9977548718452454
1773116705.2132797,1.4777982234954834,0.3736419081687927,0.8095856308937073,0.022654512897133827,0.058480214327573776,-0.0018568012164905667,0.9980298280715942
1773116705.2232842,1.4778084754943848,0.37369444966316223,0.8095777034759521,0.02271246165037155,0.05818510428071022,-0.0016377909341827035,0.9980461001396179
1773116705.2332823,1.47830331325531,0.3741439878940582,0.8093203902244568,0.009923792444169521,0.06431727856397629,-0.003988608717918396,0.9978722333908081
1773116705.243309,1.4782038927078247,0.37377968430519104,0.8094742298126221,0.02756085805594921,0.06031090393662453,-0.0029204257298260927,0.9977948069572449
1773116705.2532456,1.4782241582870483,0.37380853295326233,0.8094777464866638,0.028613705188035965,0.060169246047735214,-0.0024227730464190245,0.997775137424469
1773116705.2633076,1.478142261505127,0.3736766576766968,0.8095213174819946,0.026720091700553894,0.06157863512635231,-0.0009844700107350945,0.9977440237998962
1773116705.2733064,1.4781157970428467,0.3735697865486145,0.8095335364341736,0.025254158303141594,0.061964258551597595,-0.0011393032036721706,0.997758150100708
1773116705.283245,1.4778363704681396,0.37361940741539,0.8095565438270569,0.023411957547068596,0.058321502059698105,-0.001766885630786419,0.9980217814445496
1773116705.293244,1.4782947301864624,0.37411656975746155,0.8093346953392029,0.010739319026470184,0.06406963616609573,-0.0034166108816862106,0.9978818893432617
1773116705.303306,1.4783259630203247,0.37417614459991455,0.8093277215957642,0.010622046887874603,0.06396085023880005,-0.0037305192090570927,0.99788898229599
1773116705.3132887,1.4779324531555176,0.3738569915294647,0.8095411062240601,0.02555713802576065,0.05698581039905548,-0.003315702546387911,0.9980424046516418
1773116705.323288,1.4781317710876465,0.37353113293647766,0.809471607208252,0.024955203756690025,0.06101878359913826,0.003297837683930993,0.9978191256523132
1773116705.3333037,1.4781464338302612,0.3736732602119446,0.8095206022262573,0.026843251660466194,0.06154906749725342,-0.0005017341463826597,0.9977429509162903
1773116705.343296,1.4780707359313965,0.3735579252243042,0.8095489144325256,0.024489179253578186,0.06160852685570717,-0.002823000308126211,0.9977959394454956
1773116705.3532445,1.4782556295394897,0.3740537166595459,0.809317409992218,0.009149778634309769,0.06409124284982681,-0.005058916285634041,0.9978892803192139
1773116705.3633053,1.4778900146484375,0.3737262487411499,0.8095517754554749,0.023818403482437134,0.0578637458384037,-0.0016200441168621182,0.9980390071868896
1773116705.37329,1.4778454303741455,0.37360507249832153,0.8095148205757141,0.021969541907310486,0.05736922100186348,0.0023455105256289244,0.9981085658073425
1773116705.3832908,1.4778636693954468,0.37376290559768677,0.8095665574073792,0.02378162182867527,0.05780486389994621,-0.0019661127589643,0.9980427026748657
1773116705.3932927,1.478100299835205,0.3735992908477783,0.8095623850822449,0.025828799232840538,0.06177465617656708,-0.001287146587856114,0.9977551102638245
1773116705.4032621,1.4781168699264526,0.37362128496170044,0.8095342516899109,0.026163240894675255,0.06173151731491089,-0.0008178222924470901,0.9977495074272156
1773116705.4132864,1.4781519174575806,0.37364712357521057,0.809520959854126,0.026564182713627815,0.06157316640019417,-0.0008391322917304933,0.9977487325668335
1773116705.4232998,1.4781465530395508,0.373670756816864,0.8095367550849915,0.026116695255041122,0.06166163086891174,-0.0011711536208167672,0.997754693031311
1773116705.4333055,1.478132724761963,0.37363287806510925,0.8095636367797852,0.026419801637530327,0.06161820515990257,-0.0009941126918420196,0.9977496266365051
1773116705.4433153,1.4783109426498413,0.3741440773010254,0.8093354105949402,0.010295074433088303,0.0641409307718277,-0.0033251361455768347,0.9978821873664856
1773116705.4533062,1.4783272743225098,0.3741897642612457,0.809313952922821,0.01098630391061306,0.06385404616594315,-0.0035961975809186697,0.9978923797607422
1773116705.463317,1.4778573513031006,0.373748242855072,0.8095645308494568,0.023531019687652588,0.05804838240146637,-0.001398063963279128,0.9980354309082031
1773116705.473306,1.4781126976013184,0.3736242353916168,0.8095301389694214,0.025355687364935875,0.06170574948191643,-0.0012030114885419607,0.9977716207504272
1773116705.483306,1.4781330823898315,0.37362000346183777,0.809512197971344,0.026041163131594658,0.06158361956477165,-0.001150675117969513,0.9977615475654602
1773116705.493299,1.4778856039047241,0.37371307611465454,0.8095541596412659,0.024440644308924675,0.05785687640309334,-0.0013877521269023418,0.9980247616767883
1773116705.5033233,1.4783252477645874,0.37416043877601624,0.8093401193618774,0.011157541535794735,0.06436856091022491,-0.0033303634263575077,0.9978582859039307
1773116705.5132902,1.4782954454421997,0.3741534948348999,0.8093507885932922,0.009907363913953304,0.06442278623580933,-0.0038872540462762117,0.9978660345077515
1773116705.523306,1.477856159210205,0.3737201690673828,0.8095652461051941,0.02283089980483055,0.058098047971725464,-0.001711973105557263,0.9980483651161194
1773116705.5333104,1.477867603302002,0.37375321984291077,0.8095642328262329,0.02441144548356533,0.057986658066511154,-0.0012326029827818274,0.9980180859565735
1773116705.543309,1.4781463146209717,0.3736687898635864,0.8095353841781616,0.026850126683712006,0.061431366950273514,-0.001368288998492062,0.9977492094039917
1773116705.5532897,1.4781254529953003,0.3736205995082855,0.809538722038269,0.025975611060857773,0.06177286058664322,-0.0011371709406375885,0.9977515935897827
1773116705.5632854,1.478126883506775,0.37361305952072144,0.8095470070838928,0.025791415944695473,0.06167867034673691,-0.0011233144905418158,0.997762143611908
1773116705.5733058,1.4783294200897217,0.3741391599178314,0.8093128800392151,0.010371478274464607,0.06388325244188309,-0.003446958027780056,0.9978975653648376
1773116705.5832946,1.478305459022522,0.37417474389076233,0.8093409538269043,0.010331053286790848,0.06417888402938843,-0.0035171087365597486,0.9978787899017334
1773116705.5932448,1.4778646230697632,0.373738557100296,0.8095739483833313,0.02344411611557007,0.05800541117787361,-0.0016629979945719242,0.9980396032333374
1773116705.6033087,1.4783310890197754,0.3741716146469116,0.8092928528785706,0.011208861134946346,0.06418721377849579,-0.0032176990061998367,0.9978697299957275
1773116705.6132514,1.4781676530838013,0.37368133664131165,0.8094865679740906,0.02649306319653988,0.06136801838874817,-0.0008893663180060685,0.9977631568908691
1773116705.6233177,1.4781450033187866,0.3736162483692169,0.809529721736908,0.026077082380652428,0.06171061471104622,-0.001072038197889924,0.9977527856826782
1773116705.6333077,1.4782828092575073,0.3740832507610321,0.8093191385269165,0.009422879666090012,0.06424121558666229,-0.0037321329582482576,0.9978829622268677
1773116705.6432943,1.4782896041870117,0.3741028606891632,0.8093257546424866,0.009387648664414883,0.06419885158538818,-0.0038879080675542355,0.9978854656219482
1773116705.6533241,1.4778883457183838,0.37373363971710205,0.8095683455467224,0.023317188024520874,0.057836443185806274,-0.0016446177614852786,0.9980523586273193
1773116705.663323,1.4781407117843628,0.3735335171222687,0.8095172643661499,0.025842001661658287,0.06092577427625656,0.0035204715095460415,0.9978014826774597
1773116705.6733136,1.4782198667526245,0.3738380968570709,0.8094650506973267,0.028350673615932465,0.06016094982624054,-0.0023001262452453375,0.9977834224700928
1773116705.6832955,1.4781113862991333,0.37358370423316956,0.8095150589942932,0.02530238777399063,0.06183835491538048,-0.001156600657850504,0.9977647066116333
1773116705.6932926,1.4780703783035278,0.3734908699989319,0.8095272779464722,0.02361905202269554,0.061637088656425476,-0.002983337501063943,0.9978147149085999
1773116705.7032912,1.4778459072113037,0.37366220355033875,0.8095553517341614,0.022845199331641197,0.0582730658352375,-0.0016258006216958165,0.9980379939079285
1773116705.7133112,1.4779040813446045,0.3738114535808563,0.809560239315033,0.024073362350463867,0.05773702263832092,-0.0016893785214051604,0.9980401992797852
1773116705.7232926,1.478305697441101,0.3740813136100769,0.80925053358078,0.009349062107503414,0.06329705566167831,0.0009906776249408722,0.997950553894043
1773116705.733309,1.4779539108276367,0.37387070059776306,0.8095176815986633,0.025750596076250076,0.05691288039088249,-0.00273715378716588,0.9980432391166687
1773116705.7433298,1.4778497219085693,0.3736943006515503,0.8095571994781494,0.023017020896077156,0.05808475986123085,-0.001432799152098596,0.9980452656745911
1773116705.7532961,1.4780632257461548,0.37352821230888367,0.8095552325248718,0.024179771542549133,0.0617159865796566,-0.003024018369615078,0.9977962970733643
1773116705.7632873,1.478088617324829,0.37358370423316956,0.8095227479934692,0.024697277694940567,0.061430707573890686,-0.0029953215271234512,0.9978013038635254
1773116705.7732952,1.4781473875045776,0.3736323118209839,0.8095195889472961,0.02648385800421238,0.061687223613262177,-0.0007581530953757465,0.9977438449859619
1773116705.7833087,1.4783103466033936,0.3740115463733673,0.8092644214630127,0.009826184250414371,0.06324183195829391,0.0007028919062577188,0.9979496002197266
1773116705.7933128,1.477851390838623,0.3736335039138794,0.8095278143882751,0.022227905690670013,0.05728241801261902,0.002404815284535289,0.9981076717376709
1773116705.803292,1.4778841733932495,0.3737768530845642,0.8095493316650391,0.02402341552078724,0.057761501520872116,-0.001358567038550973,0.998040497303009
1773116705.8132846,1.4781070947647095,0.37358224391937256,0.8095538020133972,0.025073934346437454,0.061872564256191254,-0.0011718794703483582,0.9977683424949646
1773116705.8232832,1.4780558347702026,0.37349724769592285,0.8095378875732422,0.024099187925457954,0.061352964490652084,-0.003085642121732235,0.9978204369544983
1773116705.8333015,1.4781116247177124,0.37359052896499634,0.8095395565032959,0.02528061531484127,0.06183356046676636,-0.001277964562177658,0.9977654218673706
1773116705.843302,1.4781521558761597,0.3736906945705414,0.8095439076423645,0.026769906282424927,0.06166894733905792,-0.00089412642410025,0.9977371692657471
1773116705.8533092,1.4779565334320068,0.3738880753517151,0.8095173239707947,0.026046203449368477,0.056774623692035675,-0.0030062024015933275,0.9980427026748657
1773116705.8633122,1.478395938873291,0.37427645921707153,0.809288740158081,0.01278010569512844,0.06258507072925568,-0.004981666337698698,0.9979454278945923
1773116705.8732986,1.4783079624176025,0.37413638830184937,0.8093355298042297,0.010615694336593151,0.06402084231376648,-0.0036224653013050556,0.997885525226593
1773116705.8832915,1.4782792329788208,0.37409111857414246,0.8093030452728271,0.009112981148064137,0.06431898474693298,-0.003923702519387007,0.9978801608085632
1773116705.8932936,1.4780795574188232,0.37354758381843567,0.8095474243164062,0.024929339066147804,0.06162688136100769,-0.002700721612200141,0.9977843165397644
1773116705.903324,1.478135347366333,0.3736051917076111,0.8095051050186157,0.02589109167456627,0.061613865196704865,-0.0009841431165114045,0.9977637529373169
1773116705.9133143,1.478214144706726,0.37378185987472534,0.8094930052757263,0.028027277439832687,0.06053932383656502,-0.002611525822430849,0.9977688789367676
1773116705.9232473,1.4784152507781982,0.37432196736335754,0.8092804551124573,0.01276911050081253,0.06276074051856995,-0.005127870477735996,0.9979338049888611
1773116705.9333081,1.477887749671936,0.3737688362598419,0.8095815777778625,0.023962464183568954,0.0579366534948349,-0.0013402460608631372,0.998031735420227
1773116705.9433131,1.4783036708831787,0.3741513788700104,0.809326171875,0.01017913967370987,0.06415540724992752,-0.0035351463593542576,0.9978817701339722
1773116705.953287,1.4778321981430054,0.3736706078052521,0.8095826506614685,0.022592149674892426,0.05807042866945267,-0.001930907485075295,0.9980549812316895
1773116705.9633286,1.4780852794647217,0.37358200550079346,0.8095336556434631,0.024967513978481293,0.06184306740760803,-0.001276992610655725,0.9977728128433228
1773116705.9733272,1.4781283140182495,0.37361273169517517,0.8095255494117737,0.025950390845537186,0.06195152923464775,-0.0010155088966712356,0.9977412819862366
1773116705.9832835,1.4782114028930664,0.373768150806427,0.8094679713249207,0.027953248471021652,0.06044161692261696,-0.002415380673483014,0.9977774024009705
1773116705.9932933,1.4779579639434814,0.37388187646865845,0.8095237016677856,0.025995709002017975,0.05671926960349083,-0.0026327278465032578,0.9980481863021851
1773116706.003312,1.4779345989227295,0.37384751439094543,0.8095453977584839,0.024868307635188103,0.057020023465156555,-0.0032080737873911858,0.9980581402778625
1773116706.0133126,1.477835774421692,0.3736909329891205,0.8095759153366089,0.02261565439403057,0.05828963220119476,-0.001912709092721343,0.9980417490005493
1773116706.0232878,1.478248119354248,0.37402069568634033,0.8093349933624268,0.008668435737490654,0.06394026428461075,-0.005437980871647596,0.9979013204574585
1773116706.0333104,1.4781111478805542,0.3736185133457184,0.8095422387123108,0.02553955838084221,0.061947017908096313,-0.0012001482537016273,0.9977519512176514
1773116706.043213,1.4782081842422485,0.37376344203948975,0.8094819188117981,0.028473278507590294,0.0606994703412056,-0.0021546536590903997,0.997747540473938
1773116706.053243,1.4782259464263916,0.3738043010234833,0.8094936013221741,0.029139341786503792,0.06032157689332962,-0.0023015844635665417,0.9977509379386902
1773116706.0632923,1.4779337644577026,0.3738257586956024,0.8095240592956543,0.025268450379371643,0.0570150688290596,-0.0029553340282291174,0.9980491399765015
1773116706.0733128,1.4783084392547607,0.37411192059516907,0.8093405961990356,0.010010479018092155,0.0640304684638977,-0.003642660565674305,0.9978911280632019
1773116706.083293,1.4778037071228027,0.37364834547042847,0.8096119165420532,0.02168295718729496,0.0581652894616127,-0.003266498912125826,0.9980661869049072
1773116706.0933244,1.4780737161636353,0.3735682964324951,0.8095796704292297,0.023895161226391792,0.06161460652947426,-0.0029345776420086622,0.9978097081184387
1773116706.103292,1.4781434535980225,0.37364572286605835,0.8095325827598572,0.02672909013926983,0.06139374151825905,-0.0006795164081268013,0.9977554678916931
1773116706.1133254,1.4781739711761475,0.3735707402229309,0.8094417452812195,0.0256485678255558,0.06113842502236366,0.004247913137078285,0.9977906942367554
1773116706.1233263,1.477960228919983,0.37386226654052734,0.809507429599762,0.026128357276320457,0.05661924555897713,-0.002697168616577983,0.9980502724647522
1773116706.1333098,1.477857232093811,0.37370172142982483,0.8095850348472595,0.023061122745275497,0.058143943548202515,-0.001718762330710888,0.9980403780937195
1773116706.1432972,1.477807641029358,0.3736204206943512,0.8095880150794983,0.02134157344698906,0.058038633316755295,-0.003449599025771022,0.9980802536010742
1773116706.1532931,1.4782750606536865,0.3740586042404175,0.8093434572219849,0.009417117573320866,0.06412971019744873,-0.0038853688165545464,0.9978896379470825
1773116706.1632974,1.478314757347107,0.37414664030075073,0.8093096613883972,0.010300506837666035,0.0639660432934761,-0.0034890645183622837,0.9978929162025452
1773116706.1732986,1.47841477394104,0.3743503987789154,0.8092448711395264,0.012555637396872044,0.06298626959323883,-0.004976872820407152,0.9979230165481567
1773116706.1832857,1.478228211402893,0.37380820512771606,0.8094692230224609,0.028762534260749817,0.06042182818055153,-0.0022151002194732428,0.9977560043334961
1773116706.1932943,1.4783203601837158,0.37412458658218384,0.8093044757843018,0.011043304577469826,0.06427910923957825,-0.003529860870912671,0.9978646636009216
1773116706.203299,1.4781029224395752,0.373574435710907,0.8095477819442749,0.024835972115397453,0.06185630336403847,-0.0011628813808783889,0.9977753162384033
1773116706.2133212,1.4778380393981934,0.3736666440963745,0.8095888495445251,0.0221687201410532,0.058397118002176285,-0.0018075464759021997,0.9980456233024597
1773116706.2232487,1.4778538942337036,0.3737063407897949,0.8095896244049072,0.022960100322961807,0.05815650150179863,-0.0017457135254517198,0.9980419874191284
1773116706.2332513,1.4783226251602173,0.3741553723812103,0.8093172311782837,0.010878195986151695,0.06405175477266312,-0.0034113682340830564,0.9978814721107483
1773116706.2432702,1.478127360343933,0.37353891134262085,0.8094839453697205,0.024955853819847107,0.06088094040751457,0.0030627537053078413,0.9978283643722534
1773116706.2532964,1.4782214164733887,0.37383830547332764,0.8094724416732788,0.028153495863080025,0.06047531217336655,-0.0023661672603338957,0.997769832611084
1773116706.263294,1.4781345129013062,0.3736136555671692,0.8095343708992004,0.02618882805109024,0.061608582735061646,-0.0011201465968042612,0.9977561831474304
1773116706.2732944,1.4782594442367554,0.3740205466747284,0.8093414306640625,0.0094896350055933,0.06407192349433899,-0.004962410312145948,0.9978878498077393
1773116706.2832952,1.4782850742340088,0.37407806515693665,0.8093401193618774,0.010109185241162777,0.06410834193229675,-0.0039018450770527124,0.9978841543197632
1773116706.2932851,1.477858543395996,0.3737366497516632,0.8095852732658386,0.022926397621631622,0.05807028338313103,-0.0016919836634770036,0.9980478286743164
1773116706.303288,1.4781394004821777,0.3736802935600281,0.8095593452453613,0.02655622363090515,0.061524100601673126,-0.0009288696455769241,0.9977518916130066
1773116706.3132844,1.4782143831253052,0.37377849221229553,0.8094716668128967,0.028282206505537033,0.06043354049324989,-0.0022909000981599092,0.9977688193321228
1773116706.3232834,1.478203296661377,0.3737541139125824,0.8094890117645264,0.027829265221953392,0.060707759112119675,-0.0022717781830579042,0.9977650046348572
1773116706.3332493,1.478135347366333,0.3736285865306854,0.8095523715019226,0.025807619094848633,0.06155640259385109,-0.001286834478378296,0.9977690577507019
1773116706.343283,1.477836012840271,0.37367504835128784,0.8095802664756775,0.022813010960817337,0.058201517909765244,-0.0017401609802618623,0.9980427026748657
1773116706.3532796,1.4782947301864624,0.3741084933280945,0.8093422055244446,0.010168015956878662,0.0642259493470192,-0.003622310934588313,0.9978770017623901
1773116706.3632917,1.4782967567443848,0.37413305044174194,0.8093340396881104,0.010611042380332947,0.06427294760942459,-0.0037377686239778996,0.9978689551353455
1773116706.3732815,1.4778720140457153,0.3737563490867615,0.809563398361206,0.024208039045333862,0.05790005251765251,-0.0015267342096194625,0.9980276823043823
1773116706.3832815,1.4782185554504395,0.37379759550094604,0.8094817399978638,0.028353890404105186,0.06028439849615097,-0.002457963302731514,0.9977754950523376
1773116706.3932793,1.4781500101089478,0.37367287278175354,0.8095006346702576,0.02667170763015747,0.0615466833114624,-0.0008765071979723871,0.9977474808692932
1773116706.403282,1.4781382083892822,0.3736079931259155,0.809532105922699,0.025456752628087997,0.06161066144704819,-0.0008743366342969239,0.9977752566337585
1773116706.4132829,1.4778401851654053,0.3736668527126312,0.8095892071723938,0.022554758936166763,0.05817590281367302,-0.0019323662854731083,0.9980497360229492
1773116706.4232807,1.477832317352295,0.37370753288269043,0.8095995783805847,0.022752534598112106,0.058406706899404526,-0.0017231917008757591,0.9980321526527405
1773116706.4332552,1.4778518676757812,0.37370529770851135,0.8095738291740417,0.022579118609428406,0.058196987956762314,-0.0017422379460185766,0.9980482459068298
1773116706.4432478,1.4781941175460815,0.3737349212169647,0.8095151782035828,0.0279832910746336,0.060563307255506516,-0.002583649940788746,0.9977687001228333
1773116706.4532793,1.478405237197876,0.3742974102497101,0.8092366456985474,0.013246838934719563,0.0628487840294838,-0.004812644794583321,0.9979235529899597
1773116706.463279,1.4782209396362305,0.3738012909889221,0.8094604015350342,0.02839631214737892,0.06045670062303543,-0.002270266879349947,0.9977642297744751
1773116706.4732792,1.4781328439712524,0.37361133098602295,0.809522807598114,0.025713546201586723,0.06150851398706436,-0.0009996391599997878,0.9977747797966003
1773116706.4832783,1.4780948162078857,0.3735654354095459,0.8095714449882507,0.025002913549542427,0.06177940592169762,-0.0014450151938945055,0.9977756142616272
1773116706.4932435,1.4782770872116089,0.37407776713371277,0.8093475103378296,0.009549267590045929,0.06425633281469345,-0.003755866549909115,0.9978806972503662
1773116706.5032794,1.4782812595367432,0.3741176426410675,0.8093291521072388,0.009268921799957752,0.06438658386468887,-0.004047674592584372,0.997873842716217
1773116706.5132804,1.4778844118118286,0.3737618029117584,0.8095512986183167,0.024274857714772224,0.05789138376712799,-0.0012788873864337802,0.998026967048645
1773116706.5232778,1.4781863689422607,0.37358254194259644,0.8094303607940674,0.026024777442216873,0.060924775898456573,0.004756449721753597,0.9977917671203613
1773116706.5332801,1.4781490564346313,0.37354761362075806,0.8094343543052673,0.024986673146486282,0.06068174168467522,0.003025713376700878,0.9978398680686951
1773116706.5432355,1.478107213973999,0.37359803915023804,0.809542715549469,0.024812931194901466,0.06191801279783249,-0.0014854894252493978,0.9977717399597168
1773116706.5533183,1.4780089855194092,0.37333181500434875,0.8095495700836182,0.021421274170279503,0.06223410740494728,-0.007144394796341658,0.9978061318397522
1773116706.5633073,1.4778311252593994,0.37365779280662537,0.8095901012420654,0.022562352940440178,0.058519069105386734,-0.0018459389684721828,0.9980296492576599
1773116706.5733075,1.4781452417373657,0.37362751364707947,0.8095551133155823,0.02618900127708912,0.061499517410993576,-0.0009727402939461172,0.9977630376815796
1773116706.5832906,1.4778566360473633,0.3736025393009186,0.8094944357872009,0.022442128509283066,0.057392559945583344,0.0028137746267020702,0.9980955123901367
1773116706.593294,1.4781553745269775,0.37356048822402954,0.8094457387924194,0.025261402130126953,0.06080816686153412,0.003246374661102891,0.997824490070343
1773116706.6032965,1.4781622886657715,0.3736652433872223,0.8095335364341736,0.026782281696796417,0.0613911934196949,-0.0008018600638024509,0.9977541565895081
1773116706.6132867,1.477811336517334,0.37361106276512146,0.8095855712890625,0.0221165269613266,0.05801573023200035,-0.0030444134026765823,0.9980660080909729
1773116706.6233077,1.4777828454971313,0.3735891282558441,0.8096044063568115,0.021512877196073532,0.05798664689064026,-0.003371801460161805,0.9980798959732056
1773116706.6332474,1.4782778024673462,0.3740999400615692,0.8093173503875732,0.00964015256613493,0.06446653604507446,-0.0038418190088123083,0.9978659749031067
1773116706.6432507,1.4782201051712036,0.37377992272377014,0.8094777464866638,0.02813693694770336,0.06040973216295242,-0.0029005110263824463,0.9977728128433228
1773116706.6533103,1.4781606197357178,0.37354522943496704,0.8094531893730164,0.025305619463324547,0.060939982533454895,0.003551777917891741,0.9978142976760864
1773116706.6633449,1.4782267808914185,0.37381285429000854,0.8094802498817444,0.028352169319987297,0.06021510064601898,-0.0022027543745934963,0.9977802634239197
1773116706.6732914,1.478136658668518,0.37362393736839294,0.8095542788505554,0.026014801114797592,0.061579685658216476,-0.0011237625731155276,0.9977624416351318
1773116706.683322,1.4777493476867676,0.3734389841556549,0.8095463514328003,0.018736470490694046,0.058726418763399124,-0.007664630189538002,0.9980688095092773
1773116706.6933248,1.4777926206588745,0.373586505651474,0.8095964193344116,0.022243903949856758,0.05813366547226906,-0.0028414831031113863,0.9980570077896118
1773116706.7033224,1.477858304977417,0.37370097637176514,0.8095705509185791,0.023196948692202568,0.05813667178153992,-0.001321930787526071,0.9980382919311523
1773116706.7133129,1.478225827217102,0.373798668384552,0.8094847202301025,0.027988901361823082,0.060383524745702744,-0.002958935685455799,0.9977784156799316
1773116706.7232995,1.4781438112258911,0.373550146818161,0.8094480633735657,0.025271713733673096,0.06075771152973175,0.0033583862241357565,0.9978269934654236
1773116706.733316,1.478198528289795,0.37373313307762146,0.8095086812973022,0.02791326306760311,0.060598451644182205,-0.002349501010030508,0.9977691173553467
1773116706.7432508,1.4778201580047607,0.37364524602890015,0.8095918297767639,0.0223349891602993,0.0582815520465374,-0.001805824344046414,0.998048722743988
1773116706.7532985,1.4777950048446655,0.37361660599708557,0.8095951080322266,0.021649587899446487,0.05827971547842026,-0.0034592316951602697,0.9980595707893372
1773116706.7633016,1.4781233072280884,0.3736298382282257,0.8095611333847046,0.02573249861598015,0.061725370585918427,-0.001318634138442576,0.9977605938911438
1773116706.7732904,1.4783374071121216,0.37415391206741333,0.8093056678771973,0.011292708106338978,0.06416468322277069,-0.0031419091392308474,0.9978705048561096
1773116706.7833126,1.478193998336792,0.3737333416938782,0.8094924092292786,0.028032341971993446,0.06053929030895233,-0.002290756907314062,0.9977694749832153
1773116706.79329,1.4783563613891602,0.3742181956768036,0.8092883229255676,0.011141507886350155,0.06400211900472641,-0.0035394567530602217,0.9978813529014587
1773116706.8032572,1.4781523942947388,0.37369027733802795,0.8095032572746277,0.026133354753255844,0.06135042756795883,-0.0011462833499535918,0.9977734684944153
1773116706.8133209,1.4778648614883423,0.3736855685710907,0.8095605969429016,0.023315593600273132,0.05797795578837395,-0.0013933483278378844,0.9980446100234985
1773116706.823298,1.4782739877700806,0.37404879927635193,0.8093459606170654,0.010326084680855274,0.06433800607919693,-0.0036110777873545885,0.9978682398796082
1773116706.8333013,1.4782789945602417,0.37410083413124084,0.8093292713165283,0.009912061505019665,0.0642247125506401,-0.0039050125051289797,0.9978786110877991
1773116706.8432527,1.4781253337860107,0.37360042333602905,0.8095586895942688,0.025943569839000702,0.06173402816057205,-0.0011058665113523602,0.9977548122406006
1773116706.8532906,1.478148102760315,0.37366363406181335,0.8095191717147827,0.026087099686264992,0.061635907739400864,-0.001149760209955275,0.997757077217102
1773116706.8632953,1.4781075716018677,0.37350931763648987,0.809457540512085,0.02370474301278591,0.06102878972887993,0.0026015175972133875,0.9978511929512024
1773116706.8732905,1.4782025814056396,0.3737696409225464,0.809508740901947,0.027627864852547646,0.06057945266366005,-0.0027682718355208635,0.9977771639823914
1773116706.8833127,1.4778598546981812,0.3737339675426483,0.8095682859420776,0.0232673492282629,0.0581868514418602,-0.0017442614771425724,0.9980329871177673
1773116706.8933194,1.4781197309494019,0.37359580397605896,0.8095388412475586,0.025218630209565163,0.06153041496872902,-0.0012830618070438504,0.997785747051239
1773116706.90331,1.4781185388565063,0.3735942542552948,0.8095502853393555,0.02599792741239071,0.06197163835167885,-0.0011041158577427268,0.9977386593818665
1773116706.9132988,1.4781075716018677,0.3735837936401367,0.8095415830612183,0.02502494864165783,0.061686981469392776,-0.0013253912329673767,0.997780978679657
1773116706.9232986,1.478118896484375,0.37362048029899597,0.8095427751541138,0.025586573407053947,0.061781637370586395,-0.0010084507521241903,0.9977611899375916
1773116706.9333124,1.477864146232605,0.3736026883125305,0.8095019459724426,0.02249184623360634,0.0575532466173172,0.0026255261618644,0.9980856776237488
1773116706.9432967,1.4783172607421875,0.37406685948371887,0.8092485666275024,0.009623334743082523,0.06346321851015091,0.0009409112972207367,0.9979374408721924
1773116706.9532561,1.4778577089309692,0.3737252950668335,0.8095826506614685,0.023574519902467728,0.05803658440709114,-0.001556671573780477,0.9980349540710449
1773116706.9632955,1.4780757427215576,0.37355002760887146,0.8095573782920837,0.024606559425592422,0.0616997629404068,-0.00267143826931715,0.9977878332138062
1773116706.9733105,1.4780694246292114,0.3735029399394989,0.8095477819442749,0.024205872789025307,0.061629943549633026,-0.0028652504552155733,0.9978014230728149
1773116706.983329,1.478108525276184,0.37360119819641113,0.8095147609710693,0.02542906440794468,0.06177731230854988,-0.0013004192151129246,0.9977651834487915
1773116706.993252,1.4782174825668335,0.37379223108291626,0.8095126152038574,0.028639215975999832,0.060302529484033585,-0.002348591573536396,0.9977664947509766
1773116707.0032964,1.477862000465393,0.37364661693573,0.8094949722290039,0.022319888696074486,0.0572931207716465,0.0028347871266305447,0.9981038570404053
1773116707.0133264,1.4779540300369263,0.37385714054107666,0.8095107078552246,0.025705089792609215,0.0569290965795517,-0.0030533375684171915,0.998042643070221
1773116707.0232964,1.4778531789779663,0.3736863136291504,0.8095763325691223,0.023197196424007416,0.058064550161361694,-0.0015884843887761235,0.9980420470237732
1773116707.0333073,1.4777827262878418,0.3735947906970978,0.8096107840538025,0.02188831754028797,0.058026984333992004,-0.003656153567135334,0.9980683326721191
1773116707.0432906,1.4780551195144653,0.37353140115737915,0.8095643520355225,0.024177731946110725,0.06165582686662674,-0.0027473261579871178,0.9978008270263672
1773116707.0532844,1.478119969367981,0.3735833168029785,0.8095366358757019,0.025549622252583504,0.06169911473989487,-0.0014299008762463927,0.9977667331695557
1773116707.063315,1.478149652481079,0.3735366761684418,0.8094586133956909,0.025194106623530388,0.060860686004161835,0.003534529125317931,0.9978220462799072
1773116707.0733216,1.478161096572876,0.37357959151268005,0.8094695806503296,0.025010233744978905,0.06069833040237427,0.00315899308770895,0.9978377819061279
1773116707.0833213,1.477883219718933,0.3737523555755615,0.8095579743385315,0.02371748723089695,0.057892415672540665,-0.0016204346902668476,0.9980398416519165
1773116707.0932512,1.4777517318725586,0.37342506647109985,0.8095565438270569,0.018837684765458107,0.058699723333120346,-0.007423315662890673,0.9980704188346863
1773116707.1033056,1.478060245513916,0.37349507212638855,0.8095811605453491,0.023961396887898445,0.06157464534044266,-0.0028359254356473684,0.9978107810020447
1773116707.1132965,1.4781430959701538,0.37365496158599854,0.8095487356185913,0.025935810059309006,0.061652399599552155,-0.0011078673414885998,0.9977600574493408
1773116707.1232617,1.478159785270691,0.3736812174320221,0.809548020362854,0.026936234906315804,0.061736028641462326,-0.0006965339998714626,0.9977287650108337
1773116707.1333356,1.4782065153121948,0.37376323342323303,0.8094728589057922,0.028113657608628273,0.06042556092143059,-0.0024889064952731133,0.9977736473083496
1773116707.1433372,1.4779391288757324,0.3738590478897095,0.8095018863677979,0.025877945125102997,0.05683186650276184,-0.0027993947733193636,0.9980444312095642
1773116707.1533508,1.4778655767440796,0.37372255325317383,0.8095552921295166,0.023420371115207672,0.058050572872161865,-0.0015845854068174958,0.9980376958847046
1773116707.1633172,1.4778190851211548,0.373658686876297,0.8095740675926208,0.022028625011444092,0.05822637677192688,-0.0017714117420837283,0.9980587959289551
1773116707.1732936,1.4782845973968506,0.3740905821323395,0.8093269467353821,0.009973191656172276,0.06428924947977066,-0.0037918181624263525,0.9978743195533752
1773116707.1833165,1.4781376123428345,0.37362802028656006,0.8095383048057556,0.025722622871398926,0.0617121197283268,-0.0011868050787597895,0.9977617859840393
1773116707.193318,1.4781646728515625,0.37368300557136536,0.8095229268074036,0.026866396889090538,0.06148257479071617,-0.0010929034324362874,0.9977459907531738
1773116707.2032905,1.4782044887542725,0.37377941608428955,0.80948406457901,0.02812184765934944,0.06037982180714607,-0.002424216130748391,0.9977763295173645
1773116707.2133186,1.4781371355056763,0.37366053462028503,0.8095305562019348,0.02635369263589382,0.06164264678955078,-0.0007956153131090105,0.9977499842643738
1773116707.223297,1.4783024787902832,0.37408849596977234,0.8093215227127075,0.009958169423043728,0.06430329382419586,-0.00385798211209476,0.9978732466697693
1773116707.233298,1.4778472185134888,0.3736964762210846,0.8095760941505432,0.023038195446133614,0.05797897279262543,-0.001807570457458496,0.9980502724647522
1773116707.2433076,1.477856993675232,0.37371981143951416,0.8095700740814209,0.023810436949133873,0.05798173323273659,-0.0015006598550826311,0.9980325698852539
1773116707.25329,1.4781264066696167,0.3736218214035034,0.8095548748970032,0.026131832972168922,0.0617174468934536,-0.001138274441473186,0.9977509379386902
1773116707.2632987,1.4781415462493896,0.3736278712749481,0.809535562992096,0.02637946419417858,0.06173602491617203,-0.0007440542103722692,0.9977436661720276
1773116707.2733371,1.4781436920166016,0.373673677444458,0.8095123171806335,0.026492785662412643,0.061371758580207825,-0.0009941346943378448,0.99776291847229
1773116707.2833285,1.4778685569763184,0.3737328350543976,0.8095620274543762,0.02380024455487728,0.05799882858991623,-0.00148510851431638,0.9980317950248718
1773116707.2932615,1.4778462648391724,0.37369078397750854,0.8095762729644775,0.023184064775705338,0.05825084447860718,-0.0013681252021342516,0.9980318546295166
1773116707.3032904,1.4778594970703125,0.3736897110939026,0.809590756893158,0.02306855283677578,0.058251332491636276,-0.0017783233197405934,0.998033881187439
1773116707.3133028,1.478148102760315,0.3736498951911926,0.8095442652702332,0.02615021914243698,0.061434306204319,-0.0007839109748601913,0.997768223285675
1773116707.3233292,1.4781187772750854,0.3736317455768585,0.809546947479248,0.02573271468281746,0.06166244298219681,-0.001278010429814458,0.997764527797699
1773116707.3333035,1.4781190156936646,0.37363454699516296,0.8095446228981018,0.02575390227138996,0.06182624772191048,-0.0013262869324535131,0.9977537393569946
1773116707.3433156,1.4781361818313599,0.3736588954925537,0.809508204460144,0.02612989768385887,0.061451807618141174,-0.000805222021881491,0.9977676272392273
1773116707.3532991,1.4781572818756104,0.37364980578422546,0.8095313310623169,0.026338089257478714,0.061464786529541016,-0.0009438029956072569,0.9977613091468811
1773116707.3633134,1.4778716564178467,0.37370842695236206,0.8095722198486328,0.02314649522304535,0.05798400938510895,-0.0014341308269649744,0.9980481266975403
1773116707.3733215,1.478308081626892,0.3741370439529419,0.8093208074569702,0.010390529409050941,0.06418750435113907,-0.003588687861338258,0.9978773593902588
1773116707.383298,1.4781320095062256,0.3736255168914795,0.8095714449882507,0.025981493294239044,0.061517827212810516,-0.0012119148159399629,0.9977670907974243
1773116707.3933234,1.4781287908554077,0.3736079931259155,0.8095391988754272,0.025529269129037857,0.06174293905496597,-0.0011417228961363435,0.9977648854255676
1773116707.40332,1.4781304597854614,0.37363100051879883,0.8095309734344482,0.026218056678771973,0.06162723898887634,-0.001083357143215835,0.9977542757987976
1773116707.4133284,1.4783209562301636,0.37414756417274475,0.8092993497848511,0.011019505560398102,0.06427236646413803,-0.003337456379085779,0.9978659749031067
1773116707.4232905,1.4781532287597656,0.37365177273750305,0.809543251991272,0.026278721168637276,0.0613950751721859,-0.0009470895165577531,0.9977671504020691
1773116707.4333115,1.477881669998169,0.3737221658229828,0.8095717430114746,0.024154871702194214,0.0580940917134285,-0.0013865478103980422,0.9980179667472839
1773116707.4432533,1.4783170223236084,0.374123215675354,0.8093288540840149,0.010533640161156654,0.06409281492233276,-0.003078364534303546,0.9978836178779602
1773116707.453327,1.4782851934432983,0.37409043312072754,0.8093416094779968,0.009772121906280518,0.06430057436227798,-0.0036685119848698378,0.997875988483429
1773116707.4633033,1.4780915975570679,0.3735558092594147,0.809558093547821,0.025207839906215668,0.06189650297164917,-0.0012027579359710217,0.997763454914093
1773116707.473303,1.478154182434082,0.37364616990089417,0.80952388048172,0.02644161880016327,0.06145617738366127,-0.0009097644360736012,0.9977590441703796
1773116707.4833004,1.4781359434127808,0.3735339045524597,0.8094547390937805,0.024817535653710365,0.060796014964580536,0.003202226711437106,0.9978365302085876
1773116707.4932928,1.4779456853866577,0.3738633692264557,0.8095067739486694,0.025526084005832672,0.05676911398768425,-0.0030167780350893736,0.9980564117431641
1773116707.503316,1.4778512716293335,0.37369510531425476,0.8095746636390686,0.023040594533085823,0.05811816081404686,-0.0017843073001131415,0.9980422854423523
1773116707.5132973,1.4778492450714111,0.37365227937698364,0.8095759153366089,0.022873179987072945,0.058072034269571304,-0.0017456247005611658,0.9980487823486328
1773116707.5232913,1.4782896041870117,0.3740844130516052,0.8093367218971252,0.010025314055383205,0.06423140317201614,-0.0036371867172420025,0.9978780746459961
1773116707.533299,1.478123426437378,0.3736036419868469,0.8095442652702332,0.025259314104914665,0.0617966465651989,-0.0014591006329283118,0.997767984867096
1773116707.5432975,1.4781478643417358,0.3736216425895691,0.8095399141311646,0.026845872402191162,0.06159394234418869,-0.0008998557459563017,0.997739851474762
1773116707.5533187,1.4782344102859497,0.37380170822143555,0.8094736337661743,0.02824610471725464,0.06035374477505684,-0.0023038035724312067,0.9977746605873108
1773116707.563253,1.4784075021743774,0.374306857585907,0.8092567920684814,0.012853237800300121,0.06283468008041382,-0.00477781193330884,0.9979297518730164
1773116707.5732987,1.4778629541397095,0.37371760606765747,0.8095663189888,0.023243378847837448,0.05802643671631813,-0.0016052222345024347,0.9980431795120239
1773116707.583296,1.4780621528625488,0.3735276162624359,0.8095937967300415,0.02480386756360531,0.06148693338036537,-0.0025718838442116976,0.997796356678009
1773116707.5933015,1.4780700206756592,0.3735080659389496,0.8095715641975403,0.024310879409313202,0.061585087329149246,-0.002949843415990472,0.9978014230728149
1773116707.603315,1.478110671043396,0.3735983371734619,0.8095452189445496,0.025654833763837814,0.06174251064658165,-0.001279689371585846,0.997761607170105
1773116707.6133022,1.4781209230422974,0.373552531003952,0.8094617128372192,0.024632377550005913,0.06100394204258919,0.003234981093555689,0.9978283047676086
1773116707.6233256,1.4781290292739868,0.37355542182922363,0.8094740509986877,0.02532748505473137,0.06083373352885246,0.003817620687186718,0.9978193044662476
1773116707.6333,1.4778841733932495,0.37374991178512573,0.8095584511756897,0.02418733388185501,0.05787292495369911,-0.0014307560632005334,0.9980299472808838
1773116707.6433158,1.477845549583435,0.3736322522163391,0.8095869421958923,0.02286187931895256,0.058364253491163254,-0.001561931916512549,0.9980323314666748
1773116707.6533182,1.4777919054031372,0.37357738614082336,0.8095996975898743,0.02151784673333168,0.05803941562771797,-0.0033400345128029585,0.9980767965316772
1773116707.6632905,1.4780570268630981,0.37353432178497314,0.8095816373825073,0.024494199082255363,0.06140415370464325,-0.0029763898346573114,0.997808039188385
1773116707.6732924,1.4781482219696045,0.373648077249527,0.8095629215240479,0.02697640098631382,0.061695646494627,-0.0009166806703433394,0.9977299571037292
1773116707.6832926,1.478165864944458,0.3735917806625366,0.8094334006309509,0.02548709698021412,0.06104365736246109,0.0046425932087004185,0.9977988600730896
1773116707.6933167,1.4781311750411987,0.3735352158546448,0.8094695806503296,0.024717846885323524,0.060887567698955536,0.0035102423280477524,0.9978323578834534
1773116707.7033327,1.4781301021575928,0.37362271547317505,0.8095666170120239,0.026071326807141304,0.06162703037261963,-0.0012897381093353033,0.9977578520774841
1773116707.7132926,1.4780142307281494,0.3733461797237396,0.8095418810844421,0.021267369389533997,0.062262699007987976,-0.007251925300806761,0.9978069067001343
1773116707.7233171,1.477834939956665,0.37363654375076294,0.8095903992652893,0.02251177653670311,0.05836579203605652,-0.0018229458946734667,0.9980398416519165
1773116707.7332942,1.4783062934875488,0.3741201162338257,0.809329628944397,0.010428049601614475,0.06404174864292145,-0.0032892900053411722,0.9978873133659363
1773116707.743304,1.4782029390335083,0.37377703189849854,0.8094987869262695,0.02798955887556076,0.06035296246409416,-0.0024295197799801826,0.9977816343307495
1773116707.7533154,1.4782332181930542,0.3738130033016205,0.8094608187675476,0.028714971616864204,0.060186877846717834,-0.0023690531961619854,0.9977712631225586
1773116707.7633035,1.4781625270843506,0.373673677444458,0.8095157146453857,0.02653457410633564,0.061562951654195786,-0.0007847907836548984,0.9977501034736633
1773116707.773295,1.477835774421692,0.3736639618873596,0.8095765113830566,0.022884665057063103,0.0581783764064312,-0.0015700382646173239,0.998042643070221
1773116707.78332,1.4777979850769043,0.37359797954559326,0.8096092343330383,0.021594814956188202,0.05839235708117485,-0.0033041033893823624,0.9980546832084656
1773116707.7933075,1.4780954122543335,0.37356331944465637,0.8095861077308655,0.0248778834939003,0.0617721751332283,-0.001424115034751594,0.9977791905403137
1773116707.8032942,1.4781534671783447,0.37367546558380127,0.8095351457595825,0.02636706829071045,0.0615123026072979,-0.0009469436481595039,0.9977575540542603
1773116707.8133068,1.4783204793930054,0.3740207552909851,0.8092365264892578,0.009949474595487118,0.06335591524839401,0.0011390192667022347,0.9979408383369446
1773116707.8233106,1.4782177209854126,0.37378570437431335,0.8094765543937683,0.02815300039947033,0.060455892235040665,-0.002326726447790861,0.997771143913269
1773116707.8333182,1.4781267642974854,0.37359777092933655,0.809535801410675,0.02581779658794403,0.06166800111532211,-0.0012753913179039955,0.9977619051933289
1773116707.843293,1.4781274795532227,0.373578280210495,0.8095335364341736,0.025044983252882957,0.06165200471878052,-0.0016067072283476591,0.9977821111679077
1773116707.853301,1.4778468608856201,0.37364962697029114,0.8095884919166565,0.023398933932185173,0.05822353437542915,-0.001560861011967063,0.9980280995368958
1773116707.8632984,1.478312611579895,0.3741484582424164,0.8093405365943909,0.010877455584704876,0.06412690877914429,-0.003496982855722308,0.9978763461112976
1773116707.8733215,1.4781403541564941,0.3736428916454315,0.8095638751983643,0.026658261194825172,0.06146566569805145,-0.0008241245523095131,0.9977527856826782
1773116707.883317,1.4781451225280762,0.3736651837825775,0.8095345497131348,0.02679125778377056,0.06156039983034134,-0.0008593389065936208,0.9977434277534485
1773116707.8932593,1.4781414270401,0.3736424148082733,0.8095040321350098,0.026065362617373466,0.06126922369003296,-0.0014945794828236103,0.9977797865867615
1773116707.9033046,1.4781169891357422,0.3736123740673065,0.809550940990448,0.026154203340411186,0.06159370392560959,-0.0011607652995735407,0.9977579712867737
1773116707.9132998,1.4782757759094238,0.3741001784801483,0.8093210458755493,0.009812576696276665,0.06451577693223953,-0.003715950297191739,0.9978615641593933
